# arena clones fitted by analysis/clone_fit.py: 136161 decisions, lam per situation [0.03, 0.1, 0.3, 0.3, 0.1, 0.1, 1]; P name live-encounter-weight
P _field 0.0000
W 0 0 0.99914 -0.36860 -1.03624 0.14017 -0.87603 0.49167 -0.00640 -0.44905 -0.27660 0.00000 -0.12361 -0.69651 -0.50367 -0.23279 -0.24210 -0.57565 0.16454 0.82443
W 0 1 0.22547 1.40975 -1.12336 -0.64180 -0.31486 -0.06615 0.08436 -0.05279 -0.87809 0.00000 0.14011 0.13902 -0.12703 0.03274 -0.07504 -0.01615 -0.01165 1.24217
W 0 2 -1.39100 0.01789 0.95531 2.54703 -0.64601 -0.29931 -0.08948 0.75471 1.32173 0.00000 -0.08329 0.24213 0.27171 0.06896 0.03705 0.10634 -0.42539 -0.23954
W 0 3 0.16639 -1.05904 1.20428 -2.04540 1.83689 -0.12621 0.01152 -0.25287 -0.16704 0.00000 0.06680 0.31536 0.35900 0.13109 0.28009 0.48546 0.27249 -1.82706
S 0 0 0.620 1.040 0.8334 0.790 0.748 0.5000 0.940 0.871 0.8334 0.490 0.692 1.0000 0.430 0.587 1.0000 0.680 0.591 1.0000 0.090 0.606 1.0000 0.280 0.709 1.0000 0.850 0.695 2.0000 0.570 0.947 1.0000 0.460 1.032 1.0000 0.830 0.539 1.0000 0.510 1.099 0.8000 0.580 1.097 40.0000 0.960 0.834 0.8334 0.940 0.885 1.0000 0.670 0.797 1.0000 0.490 0.796 0.8000 0.810 0.446 1.0000 0.590 1.026 0.8334 0.960 0.884 0.6667 0.920 0.726 1.0000 0.770 0.578 0.8334 0.680 1.030 0.7143 0.610 0.502 1.0000 0.830 0.864 10.0000 0.110 0.769 6.2500 0.080 0.721 3.1250 0.720 1.102 20.0000 0.680 0.940 10.0000 0.580 0.851 25.0000 0.650 0.916 10.0000 0.340 0.650 1.0000 0.920 0.954 16.6667 0.910 0.338 0.6000 0.520 0.609 6.2500 0.830 0.276 1.5000 0.970 0.523 1.0000 0.690 0.795 5.0000 0.400 0.825 10.0000 0.470 0.678 5.0000 0.370 0.941 0.6000 0.730 0.928 20.0000 0.760 1.039 16.6667 0.330 1.098 0.7200 0.530 0.882 1.0000 0.490 0.887 2.2000 0.800 0.567 2.2500 0.050 0.911 0.8000 0.920 0.422 2.0000 0.190 1.101 1.0000 0.130 0.512 0.7500 0.170 1.025 1.0000 0.670 0.808 0.7000 0.230 0.850 0.7500 0.990 0.997 1.0000 0.110 0.882 0.5000 0.840 0.905 0.6667 0.390 0.758 5.0000 0.700 0.522 1.0000 0.450 0.441 2.0834 0.820 0.926 10.0000 0.000 0.604 1.0000 0.900 0.904 0.6667 0.840 0.000 0.9143 0.350 0.922 0.8000 0.460 0.879 0.7000 0.950 1.046 0.8334 0.130 1.096 1.2000 0.530 1.016 2.2500 0.870 0.949 2.2000 0.090 0.731 0.6667 0.780 0.882 0.6667 0.170 0.559 1.0000 0.290 0.666 1.2500 0.950 0.754 0.7000 0.720 0.762 1.0000 0.170 0.710 0.5000 0.140 0.732 1.2500 0.940 1.034 1.1667 0.610 0.402 0.7000 0.900 0.767 1.0000 0.370 0.784 1.2000 0.890 0.939 2.2000 0.720 0.883 1.1667 0.180 0.803 0.7000 0.490 0.752 0.6667 0.030 0.554 0.7500 0.410 0.552 0.5000 0.970 0.581 0.7500 0.230 0.630 0.6000 0.210 0.780 0.8334 0.920 0.894 2.1429 0.670 1.099 1.2000 0.660 0.191 2.2500 0.670 0.445 1.2000 0.260 0.855 1.2500 0.910 1.101 2.2000 0.190 1.039 2.2500 0.080 0.695 2.2500 0.530 0.586 0.8334 0.990 0.729 1.2000 0.430 1.008 1.0000 0.420 0.753 2.1429 0.110 0.650 0.5000 0.690 0.926 0.8334 0.670 0.922 0.8000 0.770 1.040 1.6667 0.910 0.732 2.5000 0.880 0.744 2.2000 0.810 0.697 1.0000 0.570 0.622 2.2000 0.490 0.950 0.6429 0.340 1.189 2.2500 0.420 1.168 1.0000 0.750 1.036 1.3334 0.230 0.410 1.2500 0.610 0.422 2.2500 0.160 1.040 0.6572 0.300 1.190 2.2500 0.710 1.102 1.2000 0.370 1.023 0.6667 0.950 1.187 1.2500 0.790 0.850 2.1429 0.170 1.037 2.1667 0.900 1.080 2.0000 0.490 0.438 1.2500 0.970 0.884 0.8334 0.610 0.413 2.5000 0.050 1.095 40.0000 0.020 1.052 0.5715 0.360 1.102 20.0000 0.930 0.909 1.0000 0.240 0.838 1.0000 0.790 0.861 1.0000 0.630 0.945 0.8000 0.030 1.030 0.6667 0.890 1.181 1.0000 0.810 0.571 0.7500 0.640 0.917 1.0000 0.430 1.092 0.8000 0.720 0.899 0.8334 0.420 0.950 2.2000 0.000 0.811 1.0000 0.750 1.040 2.1667 0.890 1.184 1.0000 0.850 1.034 1.0000 0.900 0.775 3.0000 0.590 1.101 0.8000 0.650 1.092 0.8000 0.850 0.654 1.0000 0.470 0.726 1.0000 0.710 1.098 0.8000 0.430 1.034 1.0000 0.750 0.931 1.0000 0.770 0.877 0.6667 0.810 1.102 0.8000 0.810 0.668 0.8000 0.290 1.002 1.0000 0.860 1.033 1.0000 0.770 0.866 0.5000 0.790 0.871 1.0000 0.980 0.883 1.3334 0.930 1.024 1.6667 0.660 0.874 1.0000 0.360 0.688 0.5000 0.850 0.783 0.8000 0.870 0.875 1.0000 0.650 0.622 1.0000 0.180 0.689 1.0000 0.620 0.814 0.7000 0.670 0.758 1.0000 0.940 0.851 2.5000 0.120 0.858 1.0000 0.970 0.591 2.0000 0.820 0.943 1.0000 0.280 0.926 1.0000 0.850 0.933 1.0000 0.400 0.331 0.7500 0.900 1.028 0.8334 0.960 0.869 2.0000 0.580 0.815 1.0000 0.980 1.110 0.8000 0.770 0.901 0.8334 0.710 0.858 1.0000 0.930 0.907 0.5715 0.610 0.314 0.6000 0.550 0.867 1.0000 0.530 0.930 0.7000 0.720 1.101 2.2000 0.280 1.026 1.1667 0.610 0.857 1.0000 0.380 1.011 1.0000 0.560 0.657 1.0000 0.370 1.017 1.1667 0.450 0.409 0.7500 0.360 1.182 1.0000 0.900 0.627 0.8000 0.660 0.869 1.0000 0.940 0.872 0.8334 0.280 0.871 20.0000 0.540 0.891 1.0000 0.680 0.568 1.0000 0.980 1.032 0.6667 0.470 1.034 1.0000 0.930 0.777 1.0000 0.830 0.856 0.7143 0.110 1.037 0.6667 0.880 1.104 1.0000 0.740 0.580 1.0000 0.750 1.105 1.0000 0.700 0.592 1.0000 0.750 1.040 0.6667 0.960 1.088 0.8334 0.800 0.959 1.0000 0.830 0.730 1.0000 0.570 0.572 1.0000 0.780 0.900 0.5715 0.560 0.931 1.0000 0.950 0.419 1.2500 0.770 0.574 0.8334 0.970 0.827 1.0000 0.780 0.916 1.1429 0.930 0.948 1.0000 0.170 0.779 0.7500 0.970 1.038 1.6667 0.980 1.188 1.0000 0.280 0.889 0.8000 0.600 0.411 0.3175 0.830 0.703 1.0000 0.910 0.803 1.0000 0.510 0.636 0.6667 0.690 0.780 0.7000 0.960 1.081 0.8334 0.990 0.946 1.0000 0.860 0.583 1.0000 0.750 0.962 1.0000 0.860 0.783 1.0000 0.460 1.102 1.2000 0.810 0.922 1.0000 0.810 1.068 1.0000 0.680 1.021 2.2500 0.920 0.780 1.0000 0.140 0.834 0.6667 0.800 0.932 1.0000 0.760 0.977 1.0000 0.850 1.101 1.0000 0.380 0.886 1.0000 0.740 0.040 0.3449 0.340 0.805 5.0000 0.240 1.040 16.6667 0.670 0.670 2.8000 0.980 0.756 1.4286 0.950 0.651 1.3750 0.940 0.965 1.0000 0.480 0.742 2.9250 0.170 0.879 8.3334 0.870 0.901 9.6000 0.230 1.036 0.5000 0.680 0.606 0.5000 0.730 0.726 0.7500 0.620 1.058 1.2000 0.710 0.258 0.7812 0.560 0.704 0.7500 0.960 1.033 0.7500 0.400 0.645 1.2500 0.960 1.040 0.4286 0.370 0.832 2.1667 0.900 1.037 1.0000 0.850 0.491 0.5715 0.020 0.447 0.7805 0.960 0.805 0.5000 0.460 1.040 28.5715 0.720 0.857 1.0000 0.370 1.033 0.5715 0.170 0.497 0.6250 0.720 0.724 0.7500 0.960 0.338 0.7000 0.050 1.052 0.6667 0.770 0.922 2.1667 0.840 0.887 0.8334 0.450 0.649 1.0000 0.000 0.901 0.6667 0.370 0.892 0.8000 0.340 1.189 2.2500 0.440 0.693 0.6667 0.450 0.602 0.6000 0.170 0.448 0.7500 0.050 0.864 1.0000 0.370 0.590 0.6667 0.530 0.928 1.6667 0.860 0.821 1.1667 0.640 0.803 2.1667 0.710 0.564 0.8334 0.570 0.807 1.0000 0.980 0.683 1.0000 0.320 0.754 2.2500 0.390 0.554 0.7500 0.860 0.922 1.1429 0.830 1.038 0.6667 0.920 0.553 0.8334 0.480 0.551 0.7143 0.790 1.177 2.2500 0.760 0.899 1.1429 0.580 0.731 0.8000 0.900 0.686 2.0000 0.450 0.777 1.0000 0.920 0.878 0.8000 0.780 0.785 1.0000 0.390 0.759 5.0000 0.460 0.924 0.8000 0.630 0.878 0.7500 0.660 0.627 0.7500 0.570 1.043 0.6250 0.860 0.690 1.0000 0.590 0.688 1.0000 0.000 1.097 2.2000 0.300 0.882 0.6000 0.570 1.035 0.8334 0.790 0.879 0.7143 0.380 0.947 1.0000 0.920 0.640 0.8334 0.540 0.222 0.7500 0.930 0.871 1.1667 0.240 0.738 0.5000 0.160 0.631 1.0000 0.940 1.020 2.1667 0.770 0.944 2.2000 0.970 0.844 2.6667 0.870 0.805 1.0000 0.940 0.880 2.2000 0.570 0.850 1.0000 0.290 0.846 0.7000 0.730 1.189 1.0000 0.580 1.189 1.0000 0.770 0.499 0.7500 0.220 0.401 2.2500 0.710 0.631 1.0000 0.370 0.953 2.1667 0.030 0.597 2.2000 0.820 0.537 1.0000 0.800 0.184 0.7000 0.300 0.947 2.1667 0.430 1.012 2.2500 0.950 0.749 4.6667 0.770 0.939 0.8334 0.550 0.885 0.6667 0.970 0.955 1.6667 0.980 1.038 28.5715 0.450 0.448 3.1250 0.860 0.865 8.3334 0.240 0.422 25.0000 0.190 0.861 10.0000 0.870 1.047 20.0000 0.920 0.870 8.3334 0.890 1.045 0.5143 0.810 0.921 25.0000 0.970 0.583 1.6000 0.250 1.031 0.8000 0.570 1.040 0.8334 0.990 0.822 12.5000 0.280 1.095 1.0000 0.100 0.720 1.0000 0.740 1.040 0.6667 0.750 0.424 1.0000 0.970 0.483 2.0000 0.960 0.785 0.4225 0.700 1.037 0.6667 0.100 1.035 33.3334 0.490 0.788 1.0000 0.280 1.099 40.0000 0.970 1.087 0.8000 0.950 1.103 1.2000 0.640 0.648 0.7143 0.180 1.098 0.6667 0.850 1.044 0.6667 0.880 0.306 0.6667 0.770 1.040 2.1667 0.810 0.325 0.6429 0.980 1.096 0.8334 0.390 1.020 1.0000 0.740 0.776 0.8334 0.880 0.628 1.1667 0.790 0.666 2.1667 0.830 0.797 0.7000 0.120 1.040 2.1667 0.320 0.878 1.1667 0.750 0.957 1.0000 0.370 0.651 1.0000 0.560 0.554 0.6000 0.750 0.986 1.0000 0.270 0.875 2.2500 0.970 0.893 0.7500 0.720 0.664 1.1667 0.520 0.958 1.0000 0.530 0.618 1.0000 0.990 0.843 0.7000 0.550 1.040 0.6667 0.870 0.697 0.7000 0.620 0.467 2.2500
W 1 0 0.38534 0.31739 -1.47021 0.43324 -0.04853 0.36916 0.00000 0.38534 0.00000 0.00000 0.38534 0.00000 -0.58666 -0.14556 -0.17671 -0.39576 0.14445 0.07079
W 1 1 0.00000 0.00000 0.00000 0.00000 0.00000 0.00000 0.00000 0.00000 0.00000 0.00000 0.00000 0.00000 0.00000 0.00000 0.00000 0.00000 0.00000 0.00000
W 1 2 -0.30000 -0.53132 1.07203 1.85814 -0.08970 -0.29907 0.00000 -0.30000 0.00000 0.00000 -0.30000 0.00000 0.41106 0.20487 0.00156 0.16122 -0.29925 -0.43241
W 1 3 -0.08534 0.21393 0.39818 -2.29138 0.13824 -0.07009 0.00000 -0.08534 0.00000 0.00000 -0.08534 0.00000 0.17560 -0.05931 0.17515 0.23454 0.15480 0.36162
S 1 0 0.910 0.839 1.0000 0.700 0.385 0.7500 0.660 0.898 1.0714 1.000 0.915 0.3333 0.780 0.942 2.0000 0.610 0.915 0.4000 0.710 1.101 40.0000 0.870 0.894 0.5714 0.450 0.899 1.0000 0.940 0.886 1.0000 0.080 0.507 1.0000 0.590 0.912 0.5000 0.940 1.106 1.5000 0.910 0.940 1.1667 0.480 0.842 0.6667 0.850 0.494 0.4000 0.200 0.762 6.2500 0.460 1.098 20.0000 0.740 0.809 1.0000 0.800 0.609 0.5000 0.100 0.870 0.8000 0.370 1.040 16.6667 0.780 0.620 10.0000 0.840 0.856 10.0000 0.080 1.189 25.0000 0.720 0.676 6.2500 0.160 0.733 8.3333 0.800 0.260 1.2000 0.510 0.830 8.3333 0.480 0.873 8.3333 0.060 0.543 0.4000 0.800 1.045 1.6667 0.200 0.817 6.2500 0.120 0.614 1.0000 0.900 0.900 1.0000 0.470 0.841 1.0000 0.220 0.799 1.0000 0.750 0.532 0.5000 0.720 0.862 0.8000 0.050 1.104 0.4000 0.800 1.104 1.2800 0.950 1.039 1.1667 0.580 1.052 0.5714 0.470 0.877 0.6667 0.940 0.778 0.5000 0.820 0.750 0.6000 0.760 0.722 0.3333 0.300 0.891 0.4000 0.030 0.442 0.5000 0.700 1.093 0.5200 0.950 0.813 0.4000 0.430 0.953 0.3333 0.420 1.085 0.5200 0.300 0.507 0.5000 0.900 1.190 0.5000 0.650 0.863 1.0000 0.110 0.917 0.4000 0.750 1.102 1.0000 0.470 0.570 2.0000 0.940 1.029 0.5000 0.520 0.783 0.4000 0.080 0.535 0.8000 0.970 0.941 1.0000 0.520 0.519 1.0000 0.410 1.019 0.5000 0.250 1.032 0.5000 0.300 0.758 1.0000 0.780 0.360 0.5000 0.370 1.042 1.0000 0.930 0.740 1.2000 0.080 0.662 5.0000 0.850 0.954 0.8000 0.950 0.494 1.5000 0.180 0.921 20.0000 0.290 0.508 5.0000 0.880 0.912 0.8000 0.630 0.939 2.0000 0.130 0.406 1.0000 0.300 0.438 20.0000 0.800 0.941 1.4000 0.940 0.758 1.2000 0.780 1.000 1.7500 0.290 0.995 0.5000 0.930 0.661 1.4000 0.760 1.041 1.2857 0.800 0.724 2.0000 0.470 1.097 0.8000 0.650 0.706 1.4000 0.400 1.052 2.0000 0.750 0.581 2.0000 0.610 1.020 1.0000 0.060 1.188 1.0000 0.020 1.031 0.6667 0.690 1.102 0.8000 0.990 0.795 0.8000 0.460 1.040 0.6667 0.490 0.837 1.0000 0.750 0.512 2.0000 0.550 0.893 0.8000 0.150 1.095 0.4000 0.000 0.484 1.0000 0.430 0.911 0.5000 0.330 0.733 2.0000 0.870 1.024 0.5000 0.040 0.926 0.5000 0.870 0.755 0.6667 0.860 1.035 0.3333 0.670 0.887 0.5000 0.550 0.411 1.0000 0.320 0.873 1.0000 0.890 1.096 0.6667 0.630 0.987 0.8333 0.540 0.607 1.0000 0.050 0.222 1.0000 0.940 0.788 1.2500 0.860 1.135 1.2500 0.860 1.190 1.2500 0.200 0.873 20.0000 0.100 1.097 20.0000 0.970 1.036 1.2500 0.870 1.040 1.1429 0.780 0.702 1.2500 0.460 0.935 0.8000 0.830 0.649 0.8000 0.300 0.930 0.6667 0.750 0.685 1.4000 0.450 0.929 0.4000 0.880 0.929 1.0000 0.170 0.600 2.0000 0.700 0.773 0.5000 0.950 0.815 1.0000 0.100 0.816 0.8000 0.850 0.567 2.5000 0.330 0.961 0.5000 0.840 0.620 1.4000 0.760 0.716 2.0000 0.110 0.935 0.8000 0.940 0.873 1.7500 0.990 0.626 1.0000 0.900 0.986 1.5000 0.610 1.030 16.6667 0.240 0.652 2.0833 0.920 0.276 1.5625 0.990 1.190 5.5000 0.850 0.843 0.6667 0.420 0.857 30.1000 0.020 0.260 2.6886 0.940 0.478 0.8125 0.980 0.677 1.1250 0.310 0.452 20.0000 0.370 0.746 6.2500 0.080 0.398 3.1250 0.920 0.662 1.1250 1.000 0.985 2.0000 0.920 1.032 14.2857 0.920 1.098 1.0000 0.550 1.036 35.1600 0.240 0.800 11.2125 0.170 0.790 3.5429 0.970 1.096 5.5000 0.710 1.037 14.2857 0.920 0.639 8.0000 0.110 1.040 8.0000 0.860 0.777 4.8000 0.380 0.953 0.2857 0.740 0.243 0.3333 0.990 1.188 0.5000 0.860 0.758 1.0000 0.900 0.581 1.0000 0.550 0.718 0.3333 0.810 0.899 0.3333 0.740 0.752 0.3333 0.830 0.337 0.5000 0.800 1.016 1.0000 0.340 1.023 0.5000 0.600 0.730 0.5000 0.650 0.610 1.5000 0.900 1.015 1.0000 0.700 0.494 0.6000 0.950 0.816 1.0000 0.700 1.041 2.5000 0.670 0.474 0.5000 0.810 0.775 0.5000 0.960 0.867 0.4000 0.770 1.031 0.7500 0.020 1.077 12.0000 0.990 0.820 0.6667 0.960 0.161 1.0000 0.560 0.523 0.5000 0.920 0.490 0.6000 0.500 0.257 0.6250 0.490 1.098 20.0000 0.830 0.579 1.0000 0.970 1.032 0.7143 0.740 0.912 0.8000 0.940 0.743 0.3333 0.940 0.713 0.5714 0.950 1.037 1.9750 0.910 0.578 1.5000 0.580 0.188 0.5000 0.830 0.703 1.5000 0.950 0.886 0.8571 0.800 1.032 1.4286 0.330 0.646 0.6667 0.760 1.124 1.2500 0.780 0.736 1.2500 0.430 1.040 0.5714 0.770 1.101 1.0000 0.940 0.632 2.0000 0.150 0.861 1.0000 0.760 0.843 1.6000 0.590 0.784 0.8000 0.990 0.946 2.8000 0.470 1.100 0.4000 0.950 0.949 2.0000 0.620 0.341 0.4000 0.830 0.815 1.4000 0.540 1.028 0.5200 0.420 0.438 0.5000 0.870 1.102 0.6667 1.000 0.838 0.4000 0.440 0.866 0.6667 0.550 1.039 0.5714 0.110 1.189 2.0000 0.000 1.036 0.5000 0.030 1.033 0.5000 0.710 0.688 0.5000 0.520 0.569 1.0000 0.820 0.781 0.5000 0.670 0.400 1.0000 0.120 0.292 0.6000 0.590 0.812 1.0000 0.410 1.044 0.6667 0.650 0.949 1.4000 0.600 0.782 0.8000 0.620 0.783 2.0000 0.960 0.769 1.0000 0.900 0.845 1.7500 0.370 1.100 0.5000 0.940 0.770 2.0000 0.690 1.006 1.0000 0.970 0.731 1.5000 0.810 0.949 1.4000 0.490 0.907 0.2857 0.860 0.695 1.2857 0.530 1.185 0.5000 0.980 0.873 0.5000 0.880 0.669 1.2857 0.990 1.102 1.0000 0.900 0.943 1.4000 0.100 1.190 1.2500 0.800 0.808 1.2500 0.900 0.950 1.5000 0.950 1.190 1.7500 0.200 0.935 8.3333 0.380 0.804 4.1667 0.120 0.764 0.3333 0.550 0.735 0.5000 0.820 0.794 1.5000 0.170 0.795 1.0000 0.250 0.554 1.0000 0.110 0.703 1.0000 0.660 0.786 0.5000 0.180 1.184 1.0000 0.650 0.697 1.0000 0.190 0.951 0.4000 0.560 1.036 0.5000 0.090 0.882 0.6667 0.660 0.568 2.0000 0.010 0.482 0.3333 0.570 0.960 0.5000 0.720 0.995 1.5000 0.680 0.696 0.5000 0.920 1.038 1.0000 0.000 0.951 0.4000 0.560 0.678 0.4000 0.190 1.015 0.5000 0.970 1.100 2.0000 0.510 0.738 0.4000 0.700 1.025 1.4000 0.910 0.652 1.4000 0.520 0.852 0.4000 0.770 0.753 1.4000 0.140 1.029 0.5000 0.750 0.865 1.0000 0.120 0.730 1.0000 0.150 1.050 0.4000 0.670 1.026 1.0000 0.830 1.104 0.5000 0.610 0.661 1.0000 0.960 1.029 1.5000 0.080 1.188 0.5000 0.900 1.039 2.0000 0.190 0.684 2.0000 0.890 0.904 1.0000 0.030 0.816 2.0000 0.980 0.856 3.5000 0.900 0.902 0.5714 0.170 0.895 0.5000 0.830 1.185 2.0000 0.870 0.633 3.0000 0.560 0.967 1.0000 0.850 0.611 2.5000 0.050 0.661 7.1429 0.620 1.027 1.2250 0.620 0.720 0.3750 0.690 0.875 7.1429 0.670 1.184 0.5000 0.820 0.973 0.5000 0.240 0.936 0.3333 0.480 0.500 25.0000 0.220 1.190 1.2500 0.360 1.099 0.6667 0.430 0.691 0.3333 0.990 1.129 1.0000 0.370 0.641 1.0000 0.430 1.039 20.0000 0.820 0.853 10.0000 0.720 1.039 0.6250 0.530 0.927 0.8333 0.700 0.875 0.3333 0.240 0.800 0.7143 0.490 0.626 0.8333 0.860 1.050 20.0000 0.720 0.721 0.2857 0.510 1.034 14.2857 0.890 0.671 6.2500 0.820 1.102 0.6667 0.270 0.791 0.3333 0.750 0.898 0.2857 1.000 1.029 1.2000 0.040 0.336 1.0000 0.750 1.032 0.6667 0.210 1.040 0.7143 0.720 0.856 1.0000 0.990 0.652 1.5000 0.650 0.713 0.5000 0.620 0.720 1.0000 0.290 0.876 7.1429 0.960 0.754 0.3333 0.900 0.744 1.6000 0.810 0.878 0.7167 0.950 0.914 0.8571 0.910 0.776 1.0000 0.020 0.767 0.6667 1.000 0.642 1.3000 0.330 1.097 0.6000 0.810 1.185 2.5000 0.390 0.712 1.0000 0.990 0.693 2.3333 0.700 1.096 0.8000 0.750 1.035 0.5000 0.560 0.846 0.7500 0.820 0.916 1.5000 0.830 1.038 0.5000 0.260 0.887 40.0000 0.650 0.525 0.5000 0.570 0.547 1.0250 0.910 1.039 33.3333 0.270 0.778 1.0000 0.820 0.546 0.5000 0.890 1.095 20.0000 0.710 0.981 1.0000 0.980 0.678 1.0000 0.720 0.959 0.5000 0.950 0.905 1.0143 0.950 0.660 1.5000 0.980 0.874 1.1667 0.570 0.565 2.0000 0.420 0.576 0.7500 0.430 1.036 1.0000 0.890 1.040 0.5000 0.480 1.132 2.0000 0.920 1.188 1.5000 0.710 0.846 0.3333 0.750 0.644 1.2500 0.110 1.098 1.0000 0.060 0.726 0.5000 0.890 0.642 1.5000 0.910 0.723 1.1667 0.270 0.406 0.5000 0.270 0.965 0.5000 0.190 1.083 1.0000 0.770 0.557 1.0000 0.850 0.622 1.0000 0.070 0.635 0.3333 0.890 0.955 1.4000 0.260 1.101 0.5000 0.500 0.593 0.3333 0.740 1.169 2.0000 0.080 0.851 1.0000 0.810 0.718 1.4000 0.890 1.028 1.1429 0.870 0.917 1.4000 0.900 1.037 2.0000 0.840 0.551 2.0000 0.620 0.564 0.5000 0.800 0.777 2.0000 0.820 1.086 2.0000 0.990 0.690 2.0000
W 2 0 1.27716 -0.21916 -2.04941 0.75771 0.44831 0.31629 -0.23762 -0.20325 1.10344 0.33313 0.27364 -0.49883 -0.89317 -0.35256 -0.36204 -0.75539 -0.24333 -0.27718
W 2 1 1.33582 1.06603 -1.17543 1.64515 -0.57126 -0.90407 -0.14700 -0.77678 -1.45919 -0.08903 0.48305 1.27987 -0.43106 -0.00717 -0.18657 -0.29813 0.07064 -0.11053
W 2 2 -2.32096 -0.36576 2.45041 0.68263 -1.67916 0.29177 0.42170 0.45610 -0.03279 -0.48138 -0.36138 -0.46878 0.54556 0.14719 0.27081 0.50139 -0.00062 1.34099
W 2 3 -0.29202 -0.48112 0.77443 -3.08549 1.80211 0.29601 -0.03708 0.52393 0.38854 0.23729 -0.39531 -0.31226 0.77866 0.21254 0.27780 0.55212 0.17331 -0.95328
S 2 0 0.900 0.692 0.5334 0.970 0.254 0.7767 0.980 1.102 1.0000 0.610 1.177 0.6000 0.910 1.029 0.6000 0.980 0.938 1.3913 1.000 0.576 0.6154 0.890 0.873 1.3000 0.940 0.474 0.9058 0.520 0.805 0.2858 0.510 0.914 7.6923 0.530 0.791 3.5714 0.940 0.575 1.2000 0.990 1.101 1.0000 0.970 1.113 0.6154 0.940 1.011 14.2857 0.830 0.751 5.0000 0.890 1.097 0.6428 0.810 1.036 8.3333 0.200 0.452 4.5454 0.170 0.642 2.5000 0.630 1.034 8.3333 0.910 0.658 0.6875 0.140 1.040 15.3846 0.930 0.874 3.5714 0.560 0.800 1.7857 0.660 1.185 8.3333 0.610 1.030 6.2500 0.800 0.890 0.5454 0.900 0.544 0.9000 0.690 0.866 2.7777 0.190 0.695 1.1904 0.990 0.876 7.1428 0.090 0.747 5.0000 0.230 0.731 2.5000 0.490 0.965 3.3333 0.930 0.834 1.2857 0.250 0.963 5.5555 0.830 0.639 2.5000 0.890 0.638 1.2222 0.570 1.034 7.1428 0.770 0.588 1.6129 0.890 0.304 0.7692 0.980 0.853 1.0000 0.850 0.771 1.7857 0.750 0.934 1.1111 0.610 0.703 0.7727 0.010 1.097 13.3333 0.110 0.911 6.6666 0.830 0.695 2.5000 0.100 0.521 0.8000 0.870 1.031 1.2727 0.380 0.840 3.3333 0.900 0.294 0.6974 0.460 1.039 6.4517 0.910 0.841 1.3333 0.710 0.845 2.0833 0.910 0.803 0.6666 0.600 1.096 0.4444 0.950 0.623 1.0000 0.860 1.099 0.6154 0.760 0.870 0.5454 0.950 1.024 1.1111 0.110 1.101 0.5000 0.610 0.957 0.5455 0.950 0.808 1.0000 0.590 1.039 2.5641 0.050 1.018 0.8000 0.980 0.999 2.3000 0.980 1.040 1.0000 0.840 1.028 0.6667 0.990 0.670 1.2381 0.580 0.874 0.4000 0.490 1.097 5.5555 0.630 0.928 3.1250 0.720 0.385 0.8298 0.990 0.867 1.0000 0.470 0.876 2.9412 0.930 0.688 2.2727 0.430 0.577 0.7073 0.980 1.102 1.0000 0.630 0.220 0.6364 0.590 0.855 0.8333 0.940 1.189 0.8000 0.510 0.859 0.8000 0.790 0.989 1.2222 0.830 0.834 0.5454 0.900 0.527 1.0000 0.800 0.946 0.5455 0.090 1.032 0.7385 0.380 1.041 0.5385 0.900 0.902 0.6250 0.820 0.756 0.8077 0.860 0.333 0.5676 1.000 0.890 1.0000 0.970 0.780 0.5714 0.670 0.860 0.6666 0.890 1.031 0.5384 0.920 0.764 1.2857 0.800 0.705 0.6428 0.790 0.896 1.2727 0.870 1.090 0.8154 0.760 0.869 0.8077 0.980 1.036 0.8043 0.950 0.608 2.3077 0.690 0.912 0.5000 0.850 0.428 2.2642 0.860 0.636 0.7500 0.860 0.786 1.2857 0.780 0.620 0.5173 0.970 0.768 1.0909 0.670 1.032 1.3333 0.910 0.996 0.6666 0.140 0.943 0.8750 0.980 0.855 1.0000 0.290 1.097 0.8333 0.660 0.920 0.6666 0.900 0.617 2.3333 0.970 0.995 1.0000 0.930 0.935 1.2857 0.790 0.742 0.6000 0.880 0.726 2.4062 0.520 1.101 0.7857 0.770 0.728 1.3571 0.750 1.112 0.9167 0.900 0.820 0.9859 0.950 0.932 0.8750 0.010 0.911 0.7353 0.940 0.717 3.0000 0.810 1.063 0.6666 0.630 0.804 0.8571 0.000 1.040 0.7734 0.900 1.099 1.2549 0.110 0.879 0.7857 0.990 0.544 1.3750 0.950 1.020 0.9091 0.670 0.956 1.3000 0.850 0.605 0.8000 0.710 1.177 0.8000 0.690 0.708 0.8000 0.660 1.029 0.7143 0.490 0.813 0.6765 0.240 0.724 0.5000 0.930 0.866 0.8333 0.250 1.037 0.7412 0.950 0.841 0.7400 0.980 1.176 0.8000 0.970 1.010 1.0000 0.920 0.930 1.3750 0.750 1.040 0.8154 0.760 0.876 1.2667 0.210 0.629 0.7727 0.280 0.483 0.5833 0.710 1.041 0.8400 0.890 0.778 0.6842 0.930 1.043 2.3077 0.890 1.102 0.6666 0.980 0.918 0.6667 0.950 1.099 11.1111 0.940 0.558 0.9615 0.960 0.939 0.6666 0.890 0.868 5.0000 0.930 0.984 0.3704 0.670 0.835 0.5000 0.950 1.024 0.5714 0.970 0.792 1.4000 0.980 1.016 1.0000 0.820 0.961 0.8571 0.800 1.097 0.7692 0.770 1.066 0.7818 0.930 0.658 1.3000 0.330 1.070 0.5098 0.800 0.960 0.7727 0.830 0.978 0.5000 0.870 0.858 0.7143 0.750 1.099 0.5454 0.950 0.906 1.2272 0.950 1.097 1.0000 0.660 0.870 0.6000 0.890 1.097 0.8571 0.990 0.406 1.0000 0.870 0.695 1.3000 0.970 1.092 1.0267 0.400 1.014 0.8000 0.970 1.039 14.2857 0.330 0.953 0.6000 0.690 1.102 16.6666 0.150 0.876 8.3333 0.710 0.908 1.1875 0.060 1.021 0.3750 0.570 0.944 0.5455 0.930 1.040 0.6666 0.990 1.039 0.7818 0.890 0.681 0.8913 0.900 0.942 1.0000 0.550 0.580 1.2500 0.930 0.918 1.2272 0.960 0.974 1.3333 0.020 1.173 0.6000 0.430 1.033 0.6000 0.870 0.790 0.6000 0.560 1.062 0.8154 1.000 0.837 1.4814 0.800 0.677 1.3333 0.920 1.037 0.6875 0.900 0.786 0.7353 0.950 0.711 1.0000 0.970 1.081 1.3760 0.900 0.925 0.6666 0.940 0.329 0.8000 0.950 1.028 1.1935 0.870 0.665 0.6000 0.920 1.103 1.3571 0.320 1.185 0.6000 0.970 0.949 0.7142 0.560 1.112 0.8571 0.460 1.023 0.8571 0.210 0.948 0.6875 0.890 0.743 1.1852 0.670 1.101 0.8333 0.970 0.799 0.7500 0.530 0.904 0.5454 0.430 0.808 0.4500 0.070 1.010 0.7412 0.770 0.966 0.7142 0.850 0.620 0.6000 0.580 1.028 0.6000 0.340 1.096 0.8571 0.130 1.037 0.8400 0.120 0.886 0.6428 0.990 0.722 0.6666 0.950 0.704 1.1429 0.020 0.955 7.1428 0.950 0.937 0.8955 0.810 0.709 0.7142 0.920 0.975 0.6875 0.970 1.034 1.3000 0.990 0.822 1.2142 0.960 1.035 0.7692 0.960 1.031 1.0769 0.630 1.040 0.8400 0.080 0.848 1.3333 0.710 0.876 0.3750 0.980 1.094 1.2857 0.980 0.992 1.1428 0.870 0.575 0.7692 0.590 1.101 0.6428 0.950 0.319 1.0000 0.950 0.713 1.3913 0.580 1.088 0.8571 0.200 1.040 0.9040 0.970 0.826 0.8077 0.790 0.749 2.3077 0.970 0.889 1.0769 0.470 1.040 0.8500 0.970 0.902 1.1524 0.900 0.786 1.0000 0.430 0.478 0.5000 0.640 1.035 0.7857 0.920 1.097 1.3077 0.460 0.480 0.5000 0.970 0.973 1.1364 0.970 0.965 1.3334 0.280 1.100 0.8333 0.900 0.848 0.8000 0.970 0.927 1.0000 0.610 1.171 0.8000 0.610 0.561 0.8000 0.900 0.548 1.2727 0.470 1.039 0.8154 0.140 0.804 0.3076 1.000 0.910 1.1818 0.530 0.327 0.7368 0.550 1.101 0.6428 0.980 1.097 1.3571 1.000 1.037 0.9494 0.920 1.039 10.0000 0.730 1.039 5.8823 0.380 0.489 0.8588 0.370 0.606 0.6666 0.230 1.097 0.5714 0.950 0.880 0.6000 0.740 1.179 2.0000 0.940 1.091 0.6281 0.970 1.030 0.5714 0.820 0.898 0.4444 0.950 0.898 0.4130 0.680 1.038 0.3125 0.540 1.025 0.4224 0.250 0.495 0.4423 0.550 1.183 0.6000 0.980 1.098 2.7091 0.970 0.747 0.7500 0.130 1.148 4.8000 0.850 1.179 0.6000 0.420 1.102 0.4938 0.350 0.895 0.5454 0.910 0.881 0.8000 0.060 0.678 3.3334 0.620 1.031 0.6000 0.890 0.910 1.6667 0.940 0.534 1.2500 0.920 0.474 1.2500 0.350 1.045 0.8154 0.980 0.889 0.9659 0.900 0.920 1.2727 0.980 0.959 1.0000 1.000 0.624 1.0000 0.940 1.099 1.1667 0.980 0.735 1.3000 0.980 1.085 1.5555 0.970 0.930 1.0000 0.870 0.440 0.6666 0.560 0.750 0.8333 0.890 0.783 0.8333 0.200 1.100 0.8571 0.990 0.604 1.0000 0.920 0.770 1.3077 0.660 0.488 1.2727 0.190 0.925 0.5833 0.930 1.101 1.3571 0.970 1.009 1.0000 0.720 1.038 0.7734 0.460 0.905 0.7500 0.980 0.846 0.8000 0.670 0.726 0.7272 0.970 1.035 1.2143 1.000 0.946 0.7692 0.910 0.711 1.4000 0.990 1.038 0.8333 0.940 0.781 1.2500 0.920 0.773 1.3077 0.310 0.819 0.8571 0.290 1.043 0.7385 0.990 0.895 1.2727 0.370 0.596 0.6000 0.960 0.580 1.2727 0.270 0.880 0.6000 0.950 0.905 1.0000 0.790 0.802 0.6250 0.510 1.049 1.3333 0.920 0.657 1.3000 0.460 1.022 0.8211 0.380 0.888 2.3125 0.970 0.705 1.2727 0.760 0.716 1.3000 0.960 0.961 1.2500 0.960 0.861 2.2727 0.840 0.544 2.3000 0.680 1.066 0.8571 0.860 1.040 0.6842 0.900 1.012 0.8000 0.990 0.945 0.7727 0.980 0.283 1.3639 0.630 0.846 0.6428 0.690 0.831 0.5454 0.670 0.563 2.3000 0.980 1.022 0.8000 0.340 1.076 0.6428 0.450 0.868 0.5385 0.950 0.768 0.8077 0.950 0.945 1.0000 0.170 0.465 1.7857 0.630 1.028 7.6923 0.990 0.901 0.9126 0.050 0.220 1.1364 0.490 1.038 0.4836 0.200 0.742 0.7272 0.960 0.929 10.0000 0.940 0.344 0.5454 0.940 0.256 9.0909 0.530 1.189 1.0000 0.940 0.833 0.9231 0.860 0.848 0.6956 0.340 1.036 8.3333 0.630 0.867 4.1666 0.660 0.778 2.0833 0.970 0.929 1.1430 0.730 0.655 0.4000 0.600 1.187 2.3000 0.070 1.190 0.6000 0.840 0.847 0.6000 0.820 0.702 0.6154 0.970 1.012 1.3333 0.530 0.995 0.7857 0.890 0.585 1.3000 0.950 0.837 1.0000 0.510 0.692 0.3750 0.860 0.760 1.2727 0.870 0.797 1.4546 0.750 1.018 0.3076 0.970 0.695 1.2500 0.810 0.662 1.1667 0.760 0.789 0.8000 1.000 0.918 1.2727 0.920 0.850 1.0000 0.670 1.098 0.6428 0.530 0.592 2.3571 0.790 0.930 0.7727 0.490 0.729 0.7667
W 3 0 0.35415 -0.12243 -0.41465 0.39860 -0.05176 0.15438 0.00331 -0.31180 0.39217 -0.36252 0.21202 -0.17095 -0.62097 -0.19150 -0.13362 -0.46089 -0.06337 0.09563
W 3 1 -0.35415 0.12243 0.41465 -0.39860 0.05176 -0.15438 -0.00331 0.31180 -0.39217 0.36252 -0.21202 0.17095 0.62097 0.19150 0.13362 0.46089 0.06337 -0.09563
W 3 2 0.00000 0.00000 0.00000 0.00000 0.00000 0.00000 0.00000 0.00000 0.00000 0.00000 0.00000 0.00000 0.00000 0.00000 0.00000 0.00000 0.00000 0.00000
W 3 3 0.00000 0.00000 0.00000 0.00000 0.00000 0.00000 0.00000 0.00000 0.00000 0.00000 0.00000 0.00000 0.00000 0.00000 0.00000 0.00000 0.00000 0.00000
W 4 0 2.08912 2.29152 -5.07987 -0.63043 -0.57083 0.75922 -1.01679 0.11430 0.00000 0.21518 0.11406 0.00000 -0.10724 -0.32448 -0.08573 -0.44913 0.28737 1.17353
W 4 1 0.00000 0.00000 0.00000 0.00000 0.00000 0.00000 0.00000 0.00000 0.00000 0.00000 0.00000 0.00000 0.00000 0.00000 0.00000 0.00000 0.00000 0.00000
W 4 2 0.30860 -2.44695 2.67655 1.84015 -0.21364 -0.20452 0.44214 0.05418 0.00000 -0.40979 -0.32522 0.00000 0.29967 0.03426 0.03772 0.06708 -0.04307 -0.42001
W 4 3 -2.39772 0.15543 2.40332 -1.20972 0.78447 -0.55470 0.57465 -0.16848 0.00000 0.19461 0.21116 0.00000 -0.19243 0.29022 0.04800 0.38205 -0.24430 -0.75352
S 4 0 0.762 1.039 0.2857 0.822 0.877 0.6625 0.654 0.698 0.1538 0.640 0.666 0.3900 0.429 0.523 0.2222 0.229 0.762 0.2222 0.731 0.877 0.6000 0.410 0.776 0.1333 0.238 1.101 0.3153 0.883 0.910 0.7143 0.534 0.876 1.0667 0.251 0.701 0.5000 0.643 0.607 0.6000 0.730 0.822 0.4500 0.627 0.894 0.8333 0.810 0.942 0.2000 0.770 0.865 0.6000 0.686 0.926 0.0952 0.590 0.623 0.6000 0.517 0.661 0.0370 0.777 0.648 1.0000 0.536 1.035 0.4854 0.667 0.583 0.6000 0.950 0.761 0.4000 0.759 0.944 0.5979 0.047 0.960 0.0606 0.431 0.708 2.0000 0.382 0.435 0.2500 0.552 0.922 0.6000 0.317 0.790 0.5000 0.443 1.097 0.0513 0.291 0.287 0.2000 0.873 0.833 0.6000 0.688 1.188 0.5995 0.898 1.040 0.6250 0.886 1.102 0.4000 0.891 1.040 0.8696 0.831 1.101 0.3077 0.769 0.479 0.7000 0.371 1.033 0.2222 0.857 0.551 1.0000 0.310 1.102 0.5040 0.480 0.825 0.1429 0.130 1.083 0.0800 0.476 0.554 1.0000 0.826 0.742 0.5000 0.358 0.957 0.5000 0.170 0.890 0.0870 0.313 0.592 0.0476 0.893 0.883 1.0000 0.244 0.705 0.0667 0.598 0.915 1.0000 0.715 0.871 0.5993 0.719 0.557 0.5000 0.177 1.031 0.0500 0.454 0.869 1.0000 0.691 0.855 0.6000 0.666 0.814 0.5994 0.643 0.681 0.6000 0.552 0.635 2.0000 0.738 0.781 0.5000 0.568 0.559 0.1111 0.718 0.769 0.2222 0.791 0.935 2.0000 0.760 0.813 0.5009 0.760 0.712 1.0000 0.158 0.873 2.0000 0.555 0.785 0.5000 0.542 1.018 0.5000 0.464 1.079 0.5045 0.468 0.953 0.5000 0.831 1.091 0.1111 0.810 1.052 0.5000 0.894 0.356 0.6000 0.385 0.921 0.0833 0.687 0.983 0.6000 0.716 0.785 0.6000 0.877 0.708 0.1075 0.935 0.614 0.6000 0.847 1.004 0.1429 0.710 0.579 0.6000 0.873 0.977 0.7500 0.848 1.020 0.0377 0.713 1.081 2.0000 0.438 0.922 0.5500 0.816 1.093 0.5000 0.806 0.777 1.0000 0.816 0.608 0.6000 0.827 0.802 0.7500 0.437 0.944 0.5455 0.623 1.038 0.5500 0.444 0.996 0.0161 0.456 1.181 0.5400 0.843 0.636 0.6000 0.920 1.190 0.7500 0.637 0.616 0.5500 0.895 0.974 0.7500 0.517 1.049 0.5467 0.887 1.035 1.0000 0.937 0.805 0.5000 0.823 1.000 1.0000 0.497 0.801 0.1111 0.714 1.006 0.8333 0.511 0.886 0.5000 0.623 1.104 0.5000 0.725 1.105 1.0000 0.337 0.790 0.5500 0.108 0.856 0.0476 0.562 1.097 0.1333 0.443 0.352 0.5000 0.885 0.664 0.5000 0.688 1.005 1.0000 0.885 0.792 1.0000 0.340 1.039 0.5500 0.438 0.945 0.5455 0.263 1.000 0.0833 0.435 0.918 0.0870 0.367 0.445 0.2000 0.760 0.949 1.0000 0.584 0.649 0.5000 0.196 1.041 0.0467 0.398 0.857 0.5500 0.715 1.070 0.5040 0.988 1.021 0.5000 0.824 1.004 0.7489 0.405 1.036 0.4947 0.398 0.670 0.3333 0.642 1.027 0.6000 0.780 1.182 0.2000 0.944 0.715 0.3300 0.787 1.190 0.5974 0.659 0.558 0.5000 0.708 1.188 0.6000 0.886 0.987 0.6600 0.814 1.025 0.5000 0.951 1.181 0.7400 0.843 0.766 1.0000 0.818 0.847 0.7489 0.693 1.025 0.7143 0.712 0.778 0.5000 0.629 1.047 0.6250 0.929 0.572 0.5556 0.322 0.730 0.2222 0.471 0.622 0.5500 0.966 0.757 1.6667 0.673 0.696 0.5500 0.774 0.955 0.5000 0.494 0.574 0.5500 0.511 0.430 1.0000 0.677 1.173 0.5481 0.290 0.871 0.0690 0.947 0.901 0.7455 0.629 0.876 0.6000 0.693 0.814 0.6000 0.580 0.879 0.5500 0.396 1.040 0.0455 0.537 0.781 0.1818 0.644 0.768 0.6000 0.497 1.101 0.5040 0.751 1.103 0.7692 0.277 0.930 1.0000 0.685 0.711 0.6000 0.796 1.171 0.5000 0.769 1.038 0.6000 0.573 1.037 1.0000 0.716 0.769 1.0000 0.258 1.104 0.5098 0.702 0.736 0.6000 0.990 1.172 5.5000 0.577 0.562 0.8125 0.853 0.723 1.0000 0.873 0.947 0.1739 0.155 1.020 0.5000 0.795 1.190 1.8333 0.721 0.405 0.6562 0.929 0.731 0.6000 0.720 0.360 0.7500 0.776 0.568 1.0000 0.951 0.744 1.0000 0.884 0.956 2.0000 0.703 0.809 1.3333 0.320 1.037 0.5000 0.959 0.956 0.7500 0.787 0.596 0.7500 0.730 0.962 0.3333 0.360 0.911 0.3333 0.935 0.744 1.0000 0.410 1.101 0.1667 0.745 0.622 0.1111 0.853 1.164 5.5000 0.468 0.451 1.0000 0.657 0.338 0.6562 0.657 0.353 0.7500 0.975 0.330 0.3333 0.834 0.314 0.7500 0.307 0.764 0.2941 0.995 1.013 2.0000 0.305 0.694 0.1538 0.644 1.042 0.4000 0.746 0.226 0.5000 0.747 0.728 0.1333 0.912 1.183 0.1000 0.733 0.784 0.1111 0.746 0.814 0.2000 0.603 0.498 0.0667 0.285 0.536 0.2222 0.637 1.189 0.0303 0.527 1.173 0.2273 0.781 0.877 0.1667 0.740 1.004 0.1667 0.484 0.802 0.1667 0.946 0.606 0.1667 0.262 0.888 0.2792 0.962 0.787 0.4009 0.932 1.098 0.2500 0.948 0.701 0.1667 0.767 1.004 1.3333 0.877 0.734 13.5000 0.407 0.252 0.4000 0.870 1.189 0.2500 0.934 0.582 0.3125 0.950 1.039 0.0750 0.824 0.979 1.0000 0.833 0.534 0.1111 0.905 0.766 0.2222 0.712 1.040 0.7692 0.862 1.036 0.4286 0.769 0.869 0.7500 0.742 1.087 0.4286 0.523 1.017 0.5000 0.665 0.999 0.1429 0.404 0.380 0.5000 0.710 1.099 0.3974 0.789 0.930 0.4000 0.264 0.869 0.0800 0.784 0.862 0.6625 0.593 1.040 0.6154 0.748 0.769 0.3333 0.810 0.576 1.0000 0.640 0.760 0.1000 0.235 0.869 0.2500 0.865 1.093 0.5067 0.783 1.041 0.5985 0.869 0.574 1.3333 0.067 0.902 0.3333 0.744 0.944 0.1429 0.328 0.541 1.0000 0.802 0.876 0.5000 0.343 0.438 0.2500 0.731 0.543 0.5000 0.695 0.883 0.7692 0.759 0.892 0.6000 0.473 0.614 0.2857 0.428 1.028 0.1111 0.494 0.515 0.2500 0.542 0.400 0.1053 0.769 0.754 0.6000 0.514 0.671 0.5500 0.863 1.040 1.0000 0.485 0.783 0.5000 0.231 1.092 0.0714 0.470 0.664 0.1667 0.769 0.817 0.7500 0.299 1.186 0.5000 0.207 0.722 1.0000 0.316 0.877 0.2857 0.778 0.626 1.0000 0.784 1.187 0.6000 0.848 0.708 2.0000 0.943 0.883 1.0000 0.749 0.956 0.3333 0.210 0.957 0.0417 0.333 0.433 0.1429 0.170 1.047 0.1667 0.999 0.944 0.2069 0.972 0.758 1.6667 0.900 1.168 2.0000 0.707 1.098 0.5714 0.507 1.038 0.5000 0.239 0.900 0.1818 0.906 1.086 0.1111 0.908 0.874 0.9091 0.252 0.897 1.0000 0.648 0.904 0.6000 0.707 0.721 0.6000 0.929 0.673 1.0000 0.052 0.933 0.1176 0.163 0.880 0.1333 0.873 0.812 1.0000 0.735 0.863 0.0385 0.407 0.558 1.0000 0.655 1.095 0.1408 0.580 1.168 0.5992 0.700 0.607 0.5000 0.552 0.704 0.0800 0.208 1.103 0.1408 0.762 0.824 0.5000 0.366 1.099 0.0333 0.771 0.758 0.5000 0.906 1.102 0.7500 0.571 0.707 1.0000 0.836 1.025 0.5991 0.234 1.074 0.1408 0.167 1.048 1.0000 0.959 0.860 0.7479 0.497 1.029 0.1667 0.850 0.945 0.5000 0.632 0.926 0.0667 0.733 0.718 1.0000 0.578 0.743 0.0769 0.362 1.098 0.0588 0.560 0.881 0.5000 0.439 0.722 0.0952 0.726 1.022 0.5000 0.687 1.040 0.6000 0.827 1.079 0.6000 0.743 0.965 0.0238 0.234 1.189 0.2500 0.561 1.015 0.4000 0.562 1.027 0.4000 0.895 0.546 1.0102 0.858 0.637 1.0000 0.463 1.106 0.5000 0.319 0.936 0.5833 0.596 1.027 0.4333 0.940 1.095 0.8852 0.904 1.040 0.5143 0.828 0.986 0.5000 0.781 0.927 0.4476 0.546 0.795 0.4429 0.550 0.906 0.6000 0.616 0.706 0.4000 0.983 0.325 1.1000 0.597 0.596 0.4000 0.855 1.090 0.6000 0.682 0.746 0.3333 0.904 1.098 0.6000 0.759 0.732 0.6200 0.709 0.838 0.4496 0.738 0.519 0.6600 0.821 0.866 0.6000 0.867 1.102 0.1000 0.759 0.736 0.3333 0.823 0.354 0.2500 0.693 0.733 0.4474 0.924 1.097 0.5000 0.921 0.804 0.1538 0.698 0.745 0.1667 0.531 0.803 0.3273 0.943 0.976 0.6935 0.833 0.453 0.3333 0.954 0.927 3.0000 0.918 0.875 0.2857 0.831 0.497 1.0000 0.420 1.189 1.0000 0.339 0.657 1.0000 0.455 0.993 0.1538 0.642 1.190 0.5000 0.609 1.189 0.2000 0.743 1.105 0.6000 0.450 1.025 0.1053 0.683 0.581 0.4000 0.947 0.749 1.6000 0.848 0.938 1.0000 0.732 0.763 0.9643 0.979 0.931 1.0000 0.684 1.162 0.2000 0.672 0.765 0.2000 0.104 0.707 0.1538 0.968 1.106 1.0000 0.842 0.963 0.6000 0.791 0.954 1.0000 0.549 0.915 1.0000 0.295 0.939 2.0000 0.615 1.182 0.8333 0.954 1.190 2.0000 0.836 1.044 0.6667 0.573 0.966 0.5000 0.108 1.021 0.0690 0.414 0.948 0.0667 0.856 0.910 0.7500 0.545 1.040 0.5500 0.343 0.806 0.0513 0.411 0.876 0.5000 0.342 0.701 1.0000 0.400 1.101 0.5045 0.271 0.709 0.0312 0.588 1.035 0.5500 0.468 0.842 0.5000 0.832 0.945 0.5000 0.382 0.804 0.5500 0.381 1.189 0.1000 0.004 0.950 0.4000 0.307 0.869 0.5500 0.635 0.664 0.5000 0.644 0.610 0.1905 0.786 0.561 0.6000 0.093 1.029 0.0769 0.344 0.773 0.3333 0.114 0.687 0.5000
W 5 0 2.50506 -2.55094 -0.47288 0.75839 -0.80006 0.45826 0.23938 -0.73397 3.92130 0.03610 0.23034 -3.80913 -0.09023 -0.45468 -0.21070 -0.39277 -0.17096 -0.20921
W 5 1 1.35330 2.63821 -4.00185 0.79300 -0.03961 -0.01394 -0.55729 -0.35986 -1.22408 0.32317 0.49158 1.30347 0.44148 -0.40642 0.20601 -0.14632 0.07255 -0.17116
W 5 2 -1.76033 -0.33888 2.31500 -0.01259 0.31204 0.09248 0.27817 0.59853 -1.64802 -0.45659 -0.47253 1.42126 -0.10503 0.34849 0.24495 0.26704 -0.01596 0.43584
W 5 3 -2.09803 0.25161 2.15973 -1.53880 0.52762 -0.53680 0.03974 0.49530 -1.04919 0.09731 -0.24940 1.08440 -0.24622 0.51262 -0.24025 0.27205 0.11438 -0.05547
S 5 0 0.907 0.837 1.0000 0.978 0.583 0.1666 0.931 0.780 1.0000 0.840 1.078 1.0000 0.810 0.787 0.5704 0.849 1.034 0.7968 0.953 1.099 1.0000 0.912 1.099 1.0000 0.838 0.773 1.0000 0.796 1.032 0.6172 0.432 0.925 0.6222 0.905 0.892 1.0000 1.000 0.561 0.5452 0.923 1.180 1.0000 0.130 1.180 0.6182 0.918 0.817 0.5454 0.911 1.017 1.0000 0.256 0.605 0.3846 0.830 0.887 0.6302 0.497 0.910 0.2725 0.987 0.827 0.7458 0.977 0.601 0.9230 0.569 1.096 0.5000 0.819 0.774 1.1333 0.536 0.648 0.3334 0.470 0.547 0.3334 0.792 0.848 1.0000 0.910 0.817 1.0000 0.688 0.855 0.2106 0.583 1.063 0.6666 0.719 1.018 0.8000 0.445 0.622 0.3334 0.425 1.032 0.5562 0.557 0.599 0.3846 0.875 0.940 0.8000 0.908 0.946 0.7272 0.797 0.643 0.1695 0.924 0.934 1.1111 0.731 1.030 0.7143 0.833 0.954 0.5435 0.915 1.086 1.0417 0.622 1.036 0.5588 0.815 0.657 0.6886 0.870 0.703 1.0000 0.881 1.036 1.0128 0.442 0.878 0.4044 0.601 0.946 0.5264 0.609 0.992 0.8340 0.789 0.835 1.1176 0.808 0.507 0.8334 0.771 1.033 0.9131 0.843 1.096 0.7489 0.870 0.871 0.7727 0.853 0.875 0.7500 0.759 0.576 0.6250 0.527 0.918 0.0852 0.907 0.811 0.7500 0.796 1.013 1.0455 0.643 0.814 0.7727 0.809 1.039 0.4189 0.907 1.039 0.7500 0.812 0.681 0.7727 0.723 1.040 0.7496 0.957 0.613 0.5435 0.718 0.355 0.7558 0.982 0.740 1.0000 0.664 0.584 0.5000 0.728 1.168 0.7500 0.376 1.026 0.0598 0.468 1.029 0.5014 0.651 0.759 1.1667 0.904 0.940 0.8000 0.688 0.482 0.7279 0.917 1.011 1.1250 0.834 0.662 0.7500 0.867 1.044 0.7490 0.441 1.071 0.5926 0.273 0.286 2.1450 0.885 0.925 0.2381 0.791 0.430 1.1363 0.851 1.062 0.5770 0.933 0.936 0.7503 0.587 0.666 1.1429 0.818 0.875 0.7272 0.982 1.099 0.1380 0.948 1.037 0.8700 0.966 0.708 0.8628 0.925 0.704 0.5318 0.770 0.938 0.3746 0.935 0.614 1.2727 0.702 0.696 0.5454 0.752 0.983 0.5454 0.911 1.020 1.0000 0.846 0.961 1.0000 0.886 0.919 0.7615 0.443 0.568 1.1250 0.861 0.738 0.7619 0.912 0.826 1.0000 0.740 0.985 0.5000 0.795 0.685 0.7143 0.801 1.102 0.5264 0.708 0.941 0.5264 0.922 1.104 0.7622 0.882 1.173 1.1500 0.919 0.857 0.7272 0.807 0.678 0.7381 0.217 0.767 0.2000 0.357 0.696 0.5238 0.855 1.176 0.8000 0.855 1.176 0.8214 0.795 0.902 0.7500 0.848 0.910 0.7381 0.446 1.018 0.5238 0.282 0.710 2.1026 0.943 1.087 1.1500 0.709 0.799 0.7619 0.888 0.995 0.8000 0.923 0.574 1.2727 0.949 0.680 0.7619 0.943 0.726 3.1746 0.846 0.738 0.7727 0.828 1.036 0.5454 0.882 0.845 1.0000 0.816 0.878 0.7727 0.777 0.949 0.7386 0.771 0.730 0.7727 0.825 1.050 0.9572 0.485 1.033 0.5238 0.727 0.937 1.0690 0.486 0.749 0.5238 0.965 0.852 0.7727 0.355 0.797 0.5000 0.777 0.833 0.6000 0.991 0.833 0.8316 0.922 0.819 0.6923 0.758 1.182 0.9894 0.913 1.003 1.0000 0.944 0.715 0.5688 0.714 1.100 0.6875 0.758 1.036 0.5334 0.770 0.874 0.4639 0.808 0.861 0.4294 0.769 1.039 0.9706 0.929 1.039 0.6152 0.968 0.706 0.9429 0.886 0.987 0.7500 0.550 0.521 0.8000 0.978 1.189 0.9905 0.455 1.029 0.7749 0.804 0.883 1.0564 0.825 0.995 0.7381 0.743 0.949 0.7272 0.751 0.859 1.0000 0.979 0.862 0.8108 0.818 1.188 1.0727 0.913 1.101 1.2321 0.928 0.960 0.7727 0.892 0.681 1.0000 0.882 1.173 1.1606 0.841 0.871 0.8606 0.859 1.029 0.7002 0.862 0.784 0.8488 0.855 0.812 0.9429 0.938 0.915 1.1500 0.507 1.007 0.4375 0.846 0.800 0.7727 0.868 0.918 1.0500 0.257 1.074 0.5218 0.834 1.089 0.7500 0.865 0.938 0.8000 0.871 1.095 1.0000 0.926 0.870 1.0000 0.777 1.095 0.7500 0.958 1.022 0.9769 0.465 0.935 0.5220 0.642 0.839 0.6000 0.721 0.735 0.7619 0.648 0.655 1.1429 0.869 1.188 0.7500 0.861 0.701 0.7500 0.861 0.692 0.7307 0.996 0.773 0.7907 0.838 0.926 0.7000 0.868 1.030 0.6911 0.819 0.894 0.7693 0.830 0.881 0.7143 0.481 0.667 0.3102 0.913 1.031 0.8000 0.894 0.809 0.9062 0.948 0.748 0.6666 0.799 0.938 0.7000 0.985 0.965 0.9500 0.781 0.968 0.7000 0.924 0.968 0.5478 0.924 0.689 0.8485 0.772 0.965 0.7838 0.792 0.866 0.7000 1.000 0.983 0.5454 0.798 0.928 0.8000 0.906 0.928 0.5642 0.957 0.791 0.7941 0.715 1.028 0.4000 0.938 1.041 0.8485 0.932 0.897 0.8421 0.918 1.102 1.6981 0.925 0.870 1.8182 0.242 1.187 0.6222 0.772 1.066 1.5151 0.732 1.188 0.6250 0.610 1.187 5.6809 0.423 1.099 0.1818 0.699 1.039 0.5420 0.921 0.947 0.5454 0.773 0.809 0.1428 0.761 0.702 0.1818 0.829 0.498 0.1666 0.706 0.882 0.0952 0.361 1.036 0.0646 0.361 1.036 0.0540 0.706 0.882 0.0444 0.840 0.910 0.5454 0.818 1.032 0.5962 0.713 1.185 0.5454 0.982 1.187 0.5450 0.764 0.760 0.5448 0.772 0.728 0.5448 0.969 0.708 0.6222 0.663 0.958 0.1375 0.280 0.808 0.3958 0.748 0.788 0.6956 0.916 1.100 0.5533 0.794 1.187 0.6164 0.368 0.708 0.1607 0.836 0.981 0.7782 0.965 0.964 0.7272 0.837 1.039 0.5454 0.847 0.457 0.4444 0.975 1.018 0.5454 0.830 0.989 0.6178 0.934 0.660 0.5454 0.897 0.538 0.7272 0.777 0.823 1.1818 0.747 0.877 0.7916 0.808 1.018 0.7291 0.908 1.035 0.6893 0.870 0.691 0.7516 0.896 0.808 1.2727 0.828 1.018 0.7500 0.815 0.635 0.6363 0.996 1.093 0.7509 0.697 0.919 0.4286 0.532 0.411 0.6666 0.749 0.701 0.7692 0.853 0.716 0.5454 0.872 0.857 0.8823 0.941 0.975 1.0711 0.750 1.020 0.5454 0.518 0.928 0.1952 0.754 0.792 0.5454 0.928 0.833 0.7275 0.532 0.927 0.4158 0.696 0.866 0.6250 0.680 0.883 0.2962 0.881 1.029 0.7500 0.574 0.912 0.2052 0.602 0.438 0.3334 0.602 1.095 0.2248 0.602 1.095 0.2280 0.828 1.095 0.2118 0.851 1.038 0.7272 0.858 0.794 0.5000 0.665 0.794 0.4375 0.898 1.040 0.5454 0.491 1.065 0.1666 0.836 0.759 0.1600 0.978 0.927 1.2727 0.813 0.911 0.9091 0.493 0.625 0.7727 0.642 0.553 0.5454 0.730 1.102 0.5454 0.743 1.101 0.7083 0.848 1.036 1.1363 0.237 0.684 0.2352 0.852 0.408 0.7727 0.829 1.035 0.7272 0.992 0.523 0.5454 0.899 0.414 0.3512 0.207 0.804 0.3720 0.803 0.891 0.7275 0.947 0.972 0.7500 0.940 1.086 0.9166 0.929 1.043 1.2500 0.733 0.766 1.1818 0.704 0.662 1.1818 0.953 1.189 0.7272 0.877 0.806 0.7727 0.945 0.888 0.6217 0.867 0.934 0.6265 0.864 0.766 0.6053 0.488 0.745 0.5454 0.943 0.749 0.2778 0.865 0.932 0.7727 0.378 0.953 0.1428 0.718 1.039 0.7277 0.730 0.840 0.7727 0.719 0.333 0.7727 0.827 0.433 0.7727 0.984 0.957 0.9526 0.930 0.966 1.2333 0.736 0.722 0.7727 0.652 1.188 0.6222 0.482 1.102 0.5454 0.699 0.868 0.4566 0.717 0.676 0.7500 0.946 0.824 0.9886 0.967 0.824 0.3742 0.937 0.877 1.0421 0.707 0.858 0.5750 0.970 0.891 0.3334 0.644 0.891 0.4296 0.965 0.887 0.6666 0.884 0.870 0.5384 0.584 1.034 0.5625 0.956 1.020 0.7483 0.023 0.848 0.9733 0.561 0.674 0.7272 0.853 0.800 0.5000 0.907 0.981 0.4736 0.987 1.007 0.8781 0.811 0.777 0.5417 0.826 0.573 0.6719 0.848 1.038 0.5928 0.768 1.040 0.5696 0.875 1.040 0.7503 0.929 0.704 0.6000 0.922 1.102 0.7000 0.708 1.091 0.7148 0.603 1.102 0.5333 0.676 0.938 0.2248 0.944 0.789 0.6437 0.203 1.005 0.5454 0.579 0.933 0.9710 0.940 1.171 0.6927 0.626 1.037 0.7631 0.987 1.036 0.7497 0.950 1.038 0.6896 0.625 0.948 0.7272 0.591 0.609 0.8000 0.336 1.102 0.2052 0.832 0.574 0.4572 0.893 1.039 0.7500 0.801 1.039 0.9360 0.873 1.102 1.1842 0.913 1.031 0.5444 0.888 0.994 0.3205 0.444 1.010 0.4616 0.802 1.021 0.8095 0.896 1.040 0.6666 0.783 0.899 1.0699 0.798 1.038 0.7898 0.807 0.693 0.7961 0.812 1.189 0.8229 0.823 0.937 1.0714 0.686 1.017 0.5411 0.711 1.004 0.5454 0.850 1.101 1.0707 0.917 0.784 0.5454 0.684 0.694 0.4572 0.996 1.123 1.0713 0.882 1.164 0.5454 0.796 0.559 0.5454 0.844 0.929 0.5452 0.787 0.887 0.5454 0.887 0.940 0.5000 0.764 0.780 0.7727 0.466 0.954 0.5450 0.792 0.851 0.5454 0.661 0.848 1.2727 0.931 1.038 0.9861 0.836 1.044 0.5454 0.952 0.659 0.8367 0.980 0.565 1.0489 0.749 0.757 0.5454 0.959 0.871 1.1704 0.933 1.188 0.7272 0.633 0.824 0.7727 0.725 0.866 0.7727 0.867 0.551 0.4500 0.911 1.110 1.2727 0.221 0.869 0.1334 0.935 0.821 0.9909 0.344 0.641 0.4375 0.768 0.926 0.2154 1.000 0.928 1.1711 0.861 0.549 2.2727 0.914 1.086 1.0000 0.733 0.917 0.7727 0.268 0.406 1.1154 0.714 0.901 0.2727 0.817 0.784 0.7727
W 6 0 0.99691 -0.41954 -1.10739 -0.25934 0.21126 0.46151 -0.05842 -0.27684 0.53661 0.17446 0.10868 -0.31574 -0.03159 -0.10690 -0.35041 -0.36569 -0.12640 -0.31553
W 6 1 -0.99691 0.41954 1.10739 0.25934 -0.21126 -0.46151 0.05842 0.27684 -0.53661 -0.17446 -0.10868 0.31574 0.03159 0.10690 0.35041 0.36569 0.12640 0.31553
W 6 2 0.00000 0.00000 0.00000 0.00000 0.00000 0.00000 0.00000 0.00000 0.00000 0.00000 0.00000 0.00000 0.00000 0.00000 0.00000 0.00000 0.00000 0.00000
W 6 3 0.00000 0.00000 0.00000 0.00000 0.00000 0.00000 0.00000 0.00000 0.00000 0.00000 0.00000 0.00000 0.00000 0.00000 0.00000 0.00000 0.00000 0.00000
P AGSigma 0.0145
W 0 0 8.99023 -1.07496 -5.19279 3.71987 0.51002 1.30469 1.17726 -0.44883 -0.35058 0.00000 -0.47199 -4.86152 -0.15810 0.61099 -0.80314 0.41654 -2.85307 -2.39610
W 0 1 -0.76962 0.71655 -1.65007 -1.17563 -0.68674 -0.45668 -0.55989 -0.05289 -1.28126 0.00000 0.06295 -0.12866 -0.27404 -0.15762 -0.33215 -0.22482 -0.53621 0.84690
W 0 2 -2.37804 -0.70924 0.37508 1.90447 -1.12071 -0.71749 -0.68775 0.75460 0.92988 0.00000 -0.14459 -0.03276 0.03985 -0.10447 -0.21831 -0.14964 -0.89392 -0.74508
W 0 3 -5.84258 1.06764 6.46779 -4.44871 1.29743 -0.13052 0.07038 -0.25287 0.70196 0.00000 0.55362 5.02295 0.39229 -0.34890 1.35360 -0.04208 4.28320 2.29428
W 1 0 0.95002 0.03598 -3.33421 4.37499 -1.30228 1.40587 0.00000 0.95002 0.00000 0.00000 0.95002 0.00000 0.27487 0.65699 -0.71177 0.02512 -1.16491 -1.18948
W 1 1 0.00000 0.00000 0.00000 0.00000 0.00000 0.00000 0.00000 0.00000 0.00000 0.00000 0.00000 0.00000 0.00000 0.00000 0.00000 0.00000 0.00000 0.00000
W 1 2 -1.06649 -0.99270 0.74088 1.35525 -0.40797 -0.44490 0.00000 -1.06649 0.00000 0.00000 -1.06649 0.00000 0.32470 0.02066 -0.13248 0.01385 -0.76041 -0.81788
W 1 3 0.11647 0.95672 2.59334 -5.73024 1.71025 -0.96097 0.00000 0.11647 0.00000 0.00000 0.11647 0.00000 -0.59958 -0.67766 0.84425 -0.03897 1.92532 2.00736
W 2 0 2.86594 0.04367 -2.22999 1.10587 0.03821 1.32295 -0.39153 1.22807 2.28388 0.37007 0.59285 -0.53174 -0.76932 -0.03010 -0.92952 -0.54262 -1.89502 -0.28010
W 2 1 0.73626 0.71879 -1.41989 1.16385 -0.85245 -1.04739 -0.23291 -1.26317 -1.87621 -0.08948 0.45568 1.03549 -0.47747 -0.13825 -0.33065 -0.38885 -0.26866 -0.53696
W 2 2 -2.73791 -0.66958 2.19818 0.32429 -1.93786 0.13401 0.34956 0.12945 -0.31346 -0.48201 -0.38233 -0.67086 0.44225 0.05687 0.12359 0.35541 -0.17156 1.01138
W 2 3 -0.86429 -0.09288 1.45170 -2.59401 2.75209 -0.40958 0.27489 -0.09436 -0.09421 0.20142 -0.66620 0.16711 0.80455 0.11147 1.13659 0.57606 2.33525 -0.19432
W 3 0 0.40225 -0.39002 -0.67181 2.67652 1.03138 0.04875 -0.09161 -1.04937 0.17337 0.09016 0.36496 0.11302 -0.46198 0.34861 -0.30533 -0.28370 0.19877 1.10700
W 3 1 -0.40225 0.39002 0.67181 -2.67652 -1.03138 -0.04875 0.09161 1.04937 -0.17337 -0.09016 -0.36496 -0.11302 0.46198 -0.34861 0.30533 0.28370 -0.19877 -1.10700
W 3 2 0.00000 0.00000 0.00000 0.00000 0.00000 0.00000 0.00000 0.00000 0.00000 0.00000 0.00000 0.00000 0.00000 0.00000 0.00000 0.00000 0.00000 0.00000
W 3 3 0.00000 0.00000 0.00000 0.00000 0.00000 0.00000 0.00000 0.00000 0.00000 0.00000 0.00000 0.00000 0.00000 0.00000 0.00000 0.00000 0.00000 0.00000
W 4 0 3.53847 3.11783 -4.47474 0.16562 -0.14658 1.04281 -1.01679 0.16770 0.00000 0.49238 0.47139 0.00000 0.50386 0.11187 0.07980 -0.22611 0.79914 1.69922
W 4 1 0.00000 0.00000 0.00000 0.00000 0.00000 0.00000 0.00000 0.00000 0.00000 0.00000 0.00000 0.00000 0.00000 0.00000 0.00000 0.00000 0.00000 0.00000
W 4 2 -0.75671 -2.96854 2.33756 1.21192 -0.51082 -0.42547 0.44214 0.00593 0.00000 -0.57993 -0.54003 0.00000 -0.06047 -0.16347 -0.10370 -0.07136 -0.42859 -0.84429
W 4 3 -2.78176 -0.14928 2.13718 -1.37754 0.65740 -0.61734 0.57465 -0.17363 0.00000 0.08755 0.06864 0.00000 -0.44339 0.05160 0.02390 0.29748 -0.37055 -0.85493
W 5 0 3.76257 -1.75672 0.11250 1.54203 -0.30449 0.69213 0.23938 -0.66697 4.54063 0.11723 0.46341 -3.41525 0.54930 -0.12673 -0.04669 -0.08612 0.15538 0.34605
W 5 1 0.54837 2.22113 -4.25342 0.30048 -0.29282 -0.15555 -0.55729 -0.41335 -1.61277 0.26201 0.36074 1.10313 0.12901 -0.46461 0.06464 -0.23825 -0.10797 -0.51801
W 5 2 -2.03601 -0.56340 2.11905 -0.19838 0.16123 0.02387 0.27817 0.58750 -1.78459 -0.46740 -0.53389 1.30905 -0.29634 0.19514 0.22805 0.14826 -0.08995 0.29789
W 5 3 -2.27493 0.09899 2.02187 -1.64412 0.43608 -0.56045 0.03974 0.49282 -1.14327 0.08816 -0.29026 1.00307 -0.38197 0.39620 -0.24600 0.17611 0.04254 -0.12594
W 6 0 1.07321 -0.36059 -1.05957 -0.19183 0.26374 0.47344 -0.05842 -0.21248 0.76551 0.17446 0.11121 -0.13888 0.03374 -0.09861 -0.34677 -0.32609 -0.12387 -0.25368
W 6 1 -1.07321 0.36059 1.05957 0.19183 -0.26374 -0.47344 0.05842 0.21248 -0.76551 -0.17446 -0.11121 0.13888 -0.03374 0.09861 0.34677 0.32609 0.12387 0.25368
W 6 2 0.00000 0.00000 0.00000 0.00000 0.00000 0.00000 0.00000 0.00000 0.00000 0.00000 0.00000 0.00000 0.00000 0.00000 0.00000 0.00000 0.00000 0.00000
W 6 3 0.00000 0.00000 0.00000 0.00000 0.00000 0.00000 0.00000 0.00000 0.00000 0.00000 0.00000 0.00000 0.00000 0.00000 0.00000 0.00000 0.00000 0.00000
P Astrobytes 0.0167
W 0 0 1.17034 -4.89455 -2.02892 1.44592 -4.69302 1.69073 -1.52096 -0.44943 -4.35566 0.00000 -3.03285 -2.19632 -0.50518 -1.28263 -0.25071 -0.57889 -0.10499 3.19589
W 0 1 2.73838 3.58283 -2.17765 1.86578 4.07325 -1.03458 0.32128 2.95094 3.07936 0.00000 0.29110 -1.13963 -2.71825 0.80038 -1.00068 -0.90216 -1.56097 1.32071
W 0 2 -3.80513 -0.67911 1.34555 2.72127 0.69016 -1.30581 -0.39467 -0.37623 0.86311 0.00000 -0.39053 0.39167 4.17016 -0.46206 1.42795 3.56145 -0.13655 0.43335
W 0 3 -0.10359 1.99083 2.86102 -6.03297 -0.07040 0.64965 1.59436 -2.12527 0.41318 0.00000 3.13228 2.94428 -0.94673 0.94431 -0.17656 -2.08040 1.80252 -4.94994
W 1 0 1.04267 0.10902 -2.04315 1.62326 0.55819 0.38920 0.00000 1.04267 0.00000 0.00000 1.04267 0.00000 -1.39648 -0.74127 -1.26942 -1.21338 0.54367 1.22775
W 1 1 0.00000 0.00000 0.00000 0.00000 0.00000 0.00000 0.00000 0.00000 0.00000 0.00000 0.00000 0.00000 0.00000 0.00000 0.00000 0.00000 0.00000 0.00000
W 1 2 -0.98829 -0.77927 1.04041 1.44104 -0.22348 0.77059 0.00000 -0.98829 0.00000 0.00000 -0.98829 0.00000 0.91529 -0.15358 0.89458 0.72042 -0.45483 -0.78028
W 1 3 -0.05438 0.67026 1.00274 -3.06430 -0.33471 -1.15979 0.00000 -0.05438 0.00000 0.00000 -0.05438 0.00000 0.48118 0.89485 0.37484 0.49296 -0.08884 -0.44747
W 2 0 -0.02450 -1.58439 -2.56548 0.92592 -0.47769 1.54937 -0.25486 -1.12316 1.58126 0.66400 0.70682 0.74620 -0.39533 -0.25105 -0.68228 -1.37106 -0.72352 0.48006
W 2 1 2.48598 1.80366 -1.29021 2.13105 0.56506 -1.43895 -0.21301 -0.24223 -0.80098 -0.41878 0.36192 0.39004 -0.68058 -0.33785 0.46897 -0.33838 0.13043 -0.15334
W 2 2 -2.72957 -0.57401 2.30713 0.35296 -1.84756 0.08604 0.23401 0.31860 -0.35765 -0.48226 -0.46170 -0.63653 0.51337 0.01120 0.22989 0.42846 -0.08445 1.05122
W 2 3 0.26810 0.35474 1.54856 -3.40994 1.76018 -0.19646 0.23386 1.04680 -0.42263 0.23704 -0.60703 -0.49971 0.56253 0.57770 -0.01658 1.28097 0.67753 -1.37794
W 3 0 0.43281 -0.12377 -0.38862 0.65835 0.13017 0.17205 0.13470 -0.38730 0.62815 -0.36252 0.21202 -0.17496 -1.16883 -0.10958 -0.39350 -0.48045 -0.02517 0.26756
W 3 1 -0.43281 0.12377 0.38862 -0.65835 -0.13017 -0.17205 -0.13470 0.38730 -0.62815 0.36252 -0.21202 0.17496 1.16883 0.10958 0.39350 0.48045 0.02517 -0.26756
W 3 2 0.00000 0.00000 0.00000 0.00000 0.00000 0.00000 0.00000 0.00000 0.00000 0.00000 0.00000 0.00000 0.00000 0.00000 0.00000 0.00000 0.00000 0.00000
W 3 3 0.00000 0.00000 0.00000 0.00000 0.00000 0.00000 0.00000 0.00000 0.00000 0.00000 0.00000 0.00000 0.00000 0.00000 0.00000 0.00000 0.00000 0.00000
W 4 0 4.14045 -3.12624 -10.27115 1.17812 -4.81120 6.00233 -0.36335 0.39078 0.00000 1.48910 1.27428 0.00000 -0.18078 -0.32016 0.42407 -0.47348 0.24136 1.77843
W 4 1 0.00000 0.00000 0.00000 0.00000 0.00000 0.00000 0.00000 0.00000 0.00000 0.00000 0.00000 0.00000 0.00000 0.00000 0.00000 0.00000 0.00000 0.00000
W 4 2 -0.83334 0.92751 4.10621 0.98977 3.01739 -2.67505 -0.94195 0.77653 0.00000 -1.95945 -2.18322 0.00000 0.33999 -0.18373 0.00987 0.09091 0.19418 0.09798
W 4 3 -3.30711 2.19873 6.16494 -2.16789 1.79381 -3.32728 1.30530 -1.16731 0.00000 0.47035 0.90894 0.00000 -0.15921 0.50389 -0.43393 0.38257 -0.43554 -1.87641
S 4 0 0.604 1.022 0.4000 0.887 1.026 0.6571 0.501 1.024 0.3263 0.920 1.036 0.6640 0.903 1.047 0.6571 0.886 0.987 0.6600 0.913 0.489 0.8545 0.770 0.916 0.4000 0.713 0.916 0.6599 0.767 1.018 0.4000 0.677 1.018 0.3968 0.692 1.018 0.6637 0.737 0.902 0.4000 0.802 0.668 0.4000 0.769 0.668 0.6587 0.893 0.477 0.6571 0.628 0.607 0.4000 0.676 0.607 0.3990 0.695 0.557 0.6583 0.660 0.557 0.3993 0.973 0.664 0.8506 0.463 0.629 0.3295 0.654 0.540 0.4000 0.841 0.554 0.6600 0.552 1.190 0.4091 0.788 1.188 0.6500 0.723 1.187 0.6591 0.541 1.184 0.5000 0.413 1.183 0.5000 0.677 1.016 0.5000 0.799 0.880 0.6625 0.398 0.887 0.5000 0.373 0.891 0.5000 0.736 0.884 0.6500 0.460 0.887 0.5000 0.549 0.711 0.4000 0.744 0.336 0.6625 0.736 1.099 0.4000 0.710 1.099 0.3974 0.578 1.099 0.4000 0.948 1.102 0.8667 0.512 1.098 0.3273 0.847 1.100 0.6667 0.407 0.923 0.4000 0.922 0.943 0.8500 0.512 0.939 0.3278 0.735 0.955 0.6600 0.875 0.963 0.8524 0.658 0.950 0.4000 0.640 0.950 0.3996 0.617 0.950 0.4002 0.848 0.680 0.6583 0.537 0.698 0.4000 0.548 0.685 0.4015 0.537 0.470 0.4000 0.818 0.482 0.4000 0.900 1.036 0.6500 0.989 1.032 0.8478 0.751 1.048 0.4000 0.480 1.190 0.3400 0.444 1.183 0.5000 0.855 1.184 0.6500 0.539 1.175 0.5000 0.855 1.176 0.6500 0.977 1.177 0.8500 0.486 1.035 0.5000 0.831 1.035 0.6625 0.652 1.036 0.4000 0.615 1.036 0.4005 0.686 1.006 0.6600 0.639 1.006 0.4009 0.668 1.006 0.3995 0.562 1.027 0.4000 0.908 1.027 0.8495 0.550 1.031 0.4000 0.598 1.020 0.4000 0.775 0.875 0.6625 0.936 0.777 0.8500 0.938 0.777 0.8500 0.956 1.046 0.8571 0.483 1.052 0.4000 0.591 1.027 0.3929 0.815 1.049 0.4000 0.827 1.049 0.3939 0.728 1.018 0.6610 0.743 1.000 0.6636 0.804 1.000 0.6602 0.696 1.000 0.6599 0.757 0.982 0.4000 0.752 0.563 0.6574 0.425 0.945 0.3333 0.443 0.953 0.3300 0.441 0.814 0.3300 0.425 0.747 0.5000 0.540 0.718 0.5000 0.526 0.674 0.5000 0.470 0.618 0.5000 0.892 0.642 0.8500 0.615 0.426 0.5000 0.452 1.089 0.4000 0.368 1.083 0.4000 0.407 1.062 0.4000 0.489 0.911 0.4000 0.881 0.911 0.8556 0.513 0.919 0.4000 0.857 0.919 0.6616 0.980 0.919 0.8500 0.487 0.920 0.3273 0.550 0.670 0.4000 0.682 0.670 0.6611 0.601 0.694 0.4000 0.558 0.694 0.4000 0.758 0.456 0.6591 0.741 0.475 0.6591 0.732 0.596 0.6600 0.422 0.646 0.3300 0.755 0.445 0.6591 0.494 0.476 0.3292 0.434 0.406 0.5000 0.576 0.406 0.4006 0.872 1.037 0.6571 0.422 0.974 0.3333 0.649 0.982 0.4000 0.631 0.982 0.4074 0.877 0.982 0.8469 0.532 0.828 0.4006 0.464 0.896 0.3333 0.474 0.903 0.3308 0.840 0.742 0.6571 0.493 0.759 0.3333 0.677 0.766 0.4015 0.811 0.500 0.6571 0.735 0.875 0.6591 0.744 0.878 0.6600 0.927 0.685 0.8500 0.888 0.671 0.8500 0.929 0.671 0.8495 0.513 0.696 0.5000 0.674 0.678 0.5000 0.562 0.418 0.5000 0.528 0.418 0.5000 0.542 0.578 0.5000 0.875 1.040 0.6615 0.809 1.039 0.6571 0.572 1.032 0.4000 0.938 1.032 0.8519 0.954 1.032 0.8493 0.792 0.993 0.6667 0.793 0.993 0.6571 0.729 0.993 0.6605 0.585 1.058 0.4000 0.629 1.058 0.4074 0.879 0.898 0.6588 0.972 0.890 0.8514 0.634 0.811 0.4000 0.943 0.861 0.8500 0.470 0.848 0.3286 0.422 0.787 0.3273 0.925 0.787 0.8503 0.616 0.706 0.4000 0.508 0.706 0.3990 0.608 0.672 0.4000 0.816 0.662 0.6600 0.788 0.652 0.4000 0.563 0.763 0.4000 0.562 0.763 0.4000 0.814 0.635 0.6607 0.706 0.743 0.4000 0.827 0.732 0.6591 0.874 0.684 0.6583 0.892 0.684 0.8489 0.405 0.493 0.4000 0.669 0.441 0.6625 0.601 0.243 0.4000 0.786 1.102 0.6636 0.398 1.099 0.4000 0.838 1.100 0.6667 0.652 1.099 0.4000 0.642 1.099 0.4000 0.804 1.097 0.6612 0.527 0.939 0.4000 0.735 0.939 0.6556 0.464 0.811 0.4000 0.790 0.976 0.4000 0.586 0.795 0.4000 0.484 0.818 0.4000 0.611 0.678 0.4000 0.588 0.678 0.4000 0.554 0.658 0.4000 0.446 0.636 0.4000 0.618 0.642 0.4000 0.701 0.491 0.6600 0.378 1.040 0.3333 0.676 1.030 0.6800 0.527 0.874 0.4000 0.583 0.863 0.4000 0.847 0.684 0.6600 0.738 0.519 0.6600 0.407 0.487 0.4000 0.479 0.217 0.5000 0.768 0.850 0.6667 0.521 0.858 0.3231 0.829 0.874 0.4000 0.536 0.857 0.3333 0.811 0.721 0.4000 0.792 0.721 0.6597 0.555 0.827 0.4000 0.587 0.827 0.3981 0.900 0.765 0.6571 0.817 0.780 0.6571 0.598 0.795 0.4000 0.884 0.652 0.6571 0.547 0.668 0.4000 0.551 0.741 0.4000 0.618 0.547 0.4000 0.578 0.636 0.4000 0.601 0.656 0.4000 0.707 0.883 0.4000 0.727 0.801 0.4000 0.877 0.801 0.6591 0.929 0.801 0.8497 0.756 0.895 0.4000 0.805 0.895 0.6574 0.846 0.745 0.6583 0.449 0.409 0.4000 0.699 0.395 0.4000 0.806 1.038 0.6667 0.577 1.022 0.4000 0.537 1.025 0.3273 0.508 0.862 0.4000 0.610 0.795 0.4000 0.531 0.803 0.3273 0.403 0.906 0.4000 0.751 0.776 0.6600 0.448 0.785 0.4000 0.820 0.755 0.6583 0.596 0.768 0.4000 0.610 0.768 0.4000 0.906 0.768 0.8488 0.868 0.788 0.6583 0.734 0.799 0.6600 0.693 0.657 0.4000 0.582 0.662 0.4000 0.710 0.510 0.6600 0.621 0.510 0.4009 0.417 0.685 0.4000 0.510 0.699 0.4000 0.565 0.694 0.4000 0.570 0.694 0.4000 0.523 0.385 0.4000 0.619 0.535 0.4000 0.448 0.211 0.4000 0.591 0.247 0.5000 0.920 1.038 0.8500 0.838 1.008 0.4000 0.773 1.008 0.3990 0.908 0.929 0.6571 0.740 0.628 0.4000 0.808 0.590 0.6588
W 5 0 1.88592 -7.08018 -2.80607 1.80794 -3.74184 4.17808 0.23938 -0.30257 5.01262 -0.10260 -0.33065 -6.48280 -1.37516 -0.60788 -0.96686 -0.45338 0.28624 0.91827
W 5 1 2.50403 5.00371 -6.47730 1.47762 0.39355 -0.23900 -0.71260 -0.31375 -2.50473 -0.49386 -0.36927 1.77956 1.59595 -0.67216 0.49758 -0.97893 0.02109 -0.08933
W 5 2 -3.54555 1.16025 5.62859 -0.53434 2.43279 -2.66935 0.44240 -0.02674 -2.03855 -0.40791 -0.54770 2.85221 0.04140 1.21421 -0.61598 1.09195 -0.30900 0.45177
W 5 3 -0.84439 0.91622 3.65478 -2.75122 0.91549 -1.26973 0.03081 0.64306 -0.46933 1.00437 1.24761 1.85104 -0.26220 0.06584 1.08527 0.34036 0.00167 -1.28071
S 5 0 0.958 0.936 0.7495 0.886 0.987 0.7500 0.870 0.691 0.7516 0.855 0.677 0.7500 0.828 1.018 0.7500 0.996 1.093 0.7509 0.988 0.694 0.7500 0.930 0.891 0.7532 0.890 0.891 0.7505 0.826 0.875 0.7500 0.956 1.020 0.7483 0.956 1.020 0.7495 0.877 0.982 0.7500 0.935 0.678 0.7500 0.875 1.040 0.7510 0.875 1.040 0.7503 0.907 0.679 0.7500 0.846 0.571 0.7500 0.987 1.036 0.7515 0.987 1.036 0.7497 0.893 1.039 0.7500 0.893 1.039 0.7500
W 6 0 1.19238 -0.39018 -1.16209 -0.13253 0.21557 0.46151 -0.05842 -0.18989 0.82079 0.31170 0.16690 -0.16757 0.25455 -0.20373 -0.25548 -0.14649 0.06339 -0.21667
W 6 1 -1.19238 0.39018 1.16209 0.13253 -0.21557 -0.46151 0.05842 0.18989 -0.82079 -0.31170 -0.16690 0.16757 -0.25455 0.20373 0.25548 0.14649 -0.06339 0.21667
W 6 2 0.00000 0.00000 0.00000 0.00000 0.00000 0.00000 0.00000 0.00000 0.00000 0.00000 0.00000 0.00000 0.00000 0.00000 0.00000 0.00000 0.00000 0.00000
W 6 3 0.00000 0.00000 0.00000 0.00000 0.00000 0.00000 0.00000 0.00000 0.00000 0.00000 0.00000 0.00000 0.00000 0.00000 0.00000 0.00000 0.00000 0.00000
P BigUP 0.0078
W 0 0 -0.17367 1.50695 -4.09709 1.82853 1.29394 -0.01303 -0.11290 -0.44905 3.04127 0.00000 0.00439 0.04145 -1.74173 -4.40516 2.14239 -3.78064 0.20027 1.66544
W 0 1 2.98350 -1.33819 2.34161 -1.39643 -0.03085 0.53112 -0.25604 -0.05279 -2.16298 0.00000 -0.11954 -0.64204 1.61286 1.12553 -0.20165 0.39479 1.60824 3.92308
W 0 2 -2.97812 -0.56684 0.62130 1.61874 -0.98330 -1.18733 -0.89088 0.75471 0.78115 0.00000 -0.23513 0.04085 0.26263 -0.09152 -0.11841 -0.00213 -0.79632 -0.85612
W 0 3 0.16830 0.39807 1.13418 -2.05085 -0.27979 0.66924 1.25981 -0.25287 -1.65944 0.00000 0.35029 0.55974 -0.13377 3.37116 -1.82234 3.38798 -1.01219 -4.73239
W 1 0 -0.04617 0.63359 -1.88313 0.38200 0.47970 -0.55498 0.00000 -0.04617 0.00000 0.00000 -0.04617 0.00000 -0.61757 -1.99458 0.82004 -1.25238 1.12400 0.18895
W 1 1 0.00000 0.00000 0.00000 0.00000 0.00000 0.00000 0.00000 0.00000 0.00000 0.00000 0.00000 0.00000 0.00000 0.00000 0.00000 0.00000 0.00000 0.00000
W 1 2 0.28302 -0.48888 1.68999 2.56733 -0.03260 0.79451 0.00000 0.28302 0.00000 0.00000 0.28302 0.00000 0.45103 -0.48834 -1.07449 1.09475 -0.74613 0.29382
W 1 3 -0.23685 -0.14471 0.19314 -2.94933 -0.44710 -0.23954 0.00000 -0.23685 0.00000 0.00000 -0.23685 0.00000 0.16654 2.48292 0.25444 0.15763 -0.37786 -0.48277
S 1 1 0.450 0.899 2.5000 0.830 0.764 2.5000 0.630 0.760 2.4999 0.480 0.570 2.4999 0.490 1.091 2.5000 0.720 0.870 2.5000 0.910 0.761 2.4999 0.110 0.963 2.5000 0.760 0.135 2.5000 0.970 1.040 2.5001 0.060 1.018 2.4999 0.630 0.987 2.4999 0.790 0.643 2.4999 0.240 0.710 2.4999 0.110 1.041 2.4999 0.100 1.190 2.5000 0.630 1.189 2.5000 0.860 1.186 2.5000 0.290 1.036 2.5000 0.770 1.035 2.5000 0.430 0.878 2.5000 0.800 0.808 2.5000 0.430 0.819 2.5000 0.670 0.678 2.5000 0.220 1.190 2.5000 0.480 1.187 2.5000 0.490 0.861 2.5000 0.720 1.039 2.5000 0.930 0.980 2.4999 0.980 0.754 2.4999 0.940 0.919 2.5000 0.530 0.927 2.4999 0.690 0.753 2.4999 0.150 0.779 2.4999 0.040 0.821 2.4999 0.850 1.040 2.5001 0.700 1.022 2.5001 0.280 1.022 2.5001 0.440 0.814 2.5001 0.240 0.800 2.5001 0.050 0.653 2.5001 0.390 0.647 2.5001 0.260 0.722 2.5001 0.490 0.626 2.4999 0.700 0.574 2.4999 0.010 0.299 2.4999 0.370 0.573 3.0000 0.900 0.565 2.5000 0.190 1.005 2.5001 0.480 0.843 2.5000 0.080 0.827 2.5000 0.040 0.336 2.5000 0.210 1.040 2.5001 0.870 1.034 2.5000 0.260 1.020 2.4999 0.270 0.891 2.4999 0.470 0.874 2.4999 0.720 0.856 2.5000 0.430 0.811 2.5000 0.110 0.777 2.5000 0.920 0.490 2.5000 0.980 0.496 3.0000 0.990 0.652 3.0000
W 2 0 0.88414 0.03019 -2.51558 1.01713 0.83598 0.53153 -0.34090 -0.27662 1.78696 0.21087 0.45827 0.25010 -1.62374 -3.32015 0.94138 -2.31887 0.14929 0.18478
W 2 1 1.72248 0.40184 -0.99711 2.09918 -0.44745 -0.38357 -0.52265 -1.05590 -1.01999 0.30207 0.38507 1.05634 -0.02708 1.24908 -0.25682 0.49899 0.65642 0.63709
W 2 2 -2.91655 -0.67546 2.22188 0.21449 -1.92018 0.09414 0.27977 0.12117 -0.44905 -0.48305 -0.38332 -0.68876 0.49203 0.05857 0.15264 0.36395 -0.21538 0.94206
W 2 3 0.30994 0.24344 1.29080 -3.33080 1.53165 -0.24210 0.58379 1.21134 -0.31792 -0.02989 -0.46003 -0.61768 1.15879 2.01250 -0.83721 1.45593 -0.59033 -1.76392
W 3 0 1.12451 0.12506 -0.31588 0.81724 0.27190 -0.58841 0.20976 -0.81804 0.26580 -0.00125 -0.01489 -0.46588 -0.84511 -1.06101 0.38778 -0.44711 0.72821 0.56903
W 3 1 -1.12451 -0.12506 0.31588 -0.81724 -0.27190 0.58841 -0.20976 0.81804 -0.26580 0.00125 0.01489 0.46588 0.84511 1.06101 -0.38778 0.44711 -0.72821 -0.56903
W 3 2 0.00000 0.00000 0.00000 0.00000 0.00000 0.00000 0.00000 0.00000 0.00000 0.00000 0.00000 0.00000 0.00000 0.00000 0.00000 0.00000 0.00000 0.00000
W 3 3 0.00000 0.00000 0.00000 0.00000 0.00000 0.00000 0.00000 0.00000 0.00000 0.00000 0.00000 0.00000 0.00000 0.00000 0.00000 0.00000 0.00000 0.00000
W 4 0 2.12924 -0.52087 -1.73732 -0.06652 -0.42581 0.36095 0.26155 0.04568 0.00000 -0.12558 0.32810 0.00000 -0.90003 -0.02667 0.22964 0.33324 -0.71585 0.76260
W 4 1 0.00000 0.00000 0.00000 0.00000 0.00000 0.00000 0.00000 0.00000 0.00000 0.00000 0.00000 0.00000 0.00000 0.00000 0.00000 0.00000 0.00000 0.00000
W 4 2 0.11752 -0.29219 -0.00823 1.14108 -0.43263 0.12629 0.20502 0.32863 0.00000 -0.30909 0.17860 0.00000 -0.16104 0.11103 0.44282 -0.41564 0.11313 -0.54482
W 4 3 -2.24676 0.81306 1.74555 -1.07456 0.85844 -0.48725 -0.46657 -0.37431 0.00000 0.43467 -0.50670 0.00000 1.06106 -0.08436 -0.67246 0.08240 0.60272 -0.21778
S 4 0 0.657 1.075 0.5667 0.495 0.879 0.5750 0.614 0.899 0.5727 0.692 0.773 0.5786 0.796 0.773 0.2292 0.730 0.822 0.4500 0.403 0.738 0.5792 0.536 0.715 0.5781 0.421 0.734 0.7500 0.347 1.040 0.4400 0.724 1.040 0.5745 0.729 1.048 0.5758 0.719 1.048 0.5775 0.708 1.040 0.5750 0.710 1.020 0.5714 0.525 0.603 0.4500 0.218 0.496 0.5000 0.348 0.536 0.4500 0.234 0.557 0.5000 0.189 0.557 0.5000 0.706 0.272 0.5797 0.498 1.190 0.5500 0.473 1.189 0.5500 0.755 1.037 0.5750 0.585 1.039 0.5750 0.492 0.880 0.5750 0.511 0.875 0.5750 0.628 0.718 0.5750 0.406 0.706 0.5750 0.590 0.693 0.5750 0.758 0.542 0.5781 0.582 0.514 0.5781 0.492 0.392 0.5797 0.487 0.375 0.5797 0.742 1.102 0.5778 0.378 1.091 0.4400 0.757 1.107 0.5667 0.508 0.432 0.2333 0.488 1.188 0.5600 0.447 1.105 0.7400 0.674 0.950 0.5700 0.519 0.988 0.5750 0.407 0.996 0.5750 0.545 0.856 0.5750 0.433 0.856 0.5756 0.376 0.834 0.5750 0.401 0.662 0.5775 0.544 0.858 0.5750 0.411 0.699 0.5750 0.481 0.720 0.5750 0.716 1.035 0.5750 0.697 0.881 0.7500 0.222 0.842 0.4500 0.198 0.719 0.5000 0.311 0.730 0.4500 0.730 1.101 0.5778 0.238 1.099 0.4467 0.929 1.099 0.6655 0.769 1.077 0.5600 0.200 1.096 0.4400 0.656 0.530 0.5750 0.603 0.454 0.5792 0.649 1.187 0.5600 0.511 1.189 0.5500 0.480 1.190 0.5600 0.511 1.188 0.5500 0.458 1.187 0.5600 0.630 1.185 0.5500 0.841 1.031 0.7500 0.530 1.017 0.5700 0.419 1.017 0.5750 0.484 0.868 0.7500 0.436 0.846 0.5750 0.677 0.830 0.5750 0.502 0.590 0.7500 0.200 0.623 0.5000 0.573 0.623 0.5750 0.411 0.594 0.5775 0.533 0.453 0.5750 0.476 0.390 0.3513 0.106 1.190 0.5000 0.829 1.189 0.5500 0.556 1.036 0.5750 0.563 1.036 0.5750 0.714 1.034 0.5750 0.568 0.875 0.5750 0.101 0.717 0.5000 0.512 0.705 0.5750 0.228 1.018 0.4474 0.306 0.943 0.4500 0.967 0.943 0.6645 0.688 0.828 0.7429 0.873 0.643 0.5750 0.795 0.860 0.5714 0.153 1.040 0.7333 0.385 1.045 0.4429 0.519 1.045 0.4470 0.772 1.036 0.5714 0.242 0.642 0.5000 0.262 0.642 0.4429 0.242 1.190 0.5000 0.536 1.188 0.5500 0.408 1.022 0.5700 0.275 1.038 0.5795 0.188 1.038 0.4474 0.419 0.814 0.5750 0.571 1.186 0.5500 0.748 1.032 0.5750 0.483 0.877 0.5750 0.485 0.877 0.5791 0.542 0.856 0.5750 0.188 1.011 0.4500 0.152 0.981 0.4464 0.860 0.821 0.6667 0.748 0.754 0.5762 0.694 0.754 0.2500 1.000 0.916 0.7500 0.522 0.916 0.5667 0.573 0.781 0.4500 0.670 0.779 0.5781 0.620 0.779 0.5797 0.220 0.805 0.4500 0.489 1.040 0.4471 0.546 0.795 0.4429 0.102 0.795 0.5000 0.823 0.814 0.7500 0.948 0.663 0.4500 0.718 0.701 0.5786 0.175 0.629 0.5000 0.958 0.549 0.5781 0.833 1.038 0.5667 0.292 1.029 0.4454 0.358 0.843 0.4455 0.728 1.034 0.6667 0.187 1.016 0.4333 0.923 0.860 0.5667 0.975 0.860 0.6641 0.912 0.856 0.6667 0.935 0.811 0.6667 0.996 0.777 0.6667 0.502 0.714 0.5796 0.707 0.525 0.5750 0.735 0.525 0.7500 0.456 0.490 0.5795 0.772 0.496 0.6656 0.792 0.652 0.6656 0.492 0.373 0.5750
W 5 0 2.59269 -1.88844 0.25208 -0.20526 0.00204 0.87010 0.11396 -0.46458 2.69984 0.00029 1.17400 -0.95719 -0.84189 0.28065 0.04780 -0.71039 -1.36564 -0.44121
W 5 1 0.53924 2.87706 -3.51280 0.46645 0.08871 -0.72265 1.07125 -0.48576 -1.74536 -0.30154 1.72337 1.39832 -0.12931 -0.35616 0.24225 0.85708 1.39983 -0.32759
W 5 2 -0.23609 -1.23392 0.97170 1.15137 -1.25906 0.22929 -0.23537 -0.30808 1.44453 0.35715 -1.34620 -0.98486 -0.76147 -0.98263 0.40562 0.89904 -1.04992 0.76714
W 5 3 -2.89583 0.24529 2.28903 -1.41256 1.16831 -0.37675 -0.94983 1.25842 -2.39901 -0.05590 -1.55117 0.54373 1.73267 1.05815 -0.69568 -1.04573 1.01572 0.00165
S 5 0 0.361 1.099 0.6666 0.292 0.919 0.5454 0.593 1.039 0.6060 0.777 0.822 0.5882 0.432 0.925 0.5454 0.432 0.925 0.6222 0.510 1.005 0.5556 0.130 1.180 0.6666 0.130 1.180 0.6154 0.130 1.180 0.6182 0.574 0.957 0.5454 0.530 1.017 0.5946 0.355 0.797 0.5000 0.772 1.036 0.4782 0.770 0.874 0.4639 0.770 0.861 0.5047 0.584 1.034 0.5625 0.239 0.861 0.5000 0.432 1.034 0.5454 0.368 0.777 0.4736 0.208 0.782 0.5454 0.611 1.022 0.5450 0.831 0.596 0.4727 0.203 1.005 0.5454 0.237 0.690 0.5454 0.343 0.602 0.6062
W 6 0 1.19442 -0.39340 -1.13876 0.00739 0.32590 0.46330 -0.05842 -0.30313 0.69731 0.22269 0.06942 -0.27781 -0.16732 -0.06046 -0.22510 -0.51037 -0.24816 -0.10830
W 6 1 -1.19442 0.39340 1.13876 -0.00739 -0.32590 -0.46330 0.05842 0.30313 -0.69731 -0.22269 -0.06942 0.27781 0.16732 0.06046 0.22510 0.51037 0.24816 0.10830
W 6 2 0.00000 0.00000 0.00000 0.00000 0.00000 0.00000 0.00000 0.00000 0.00000 0.00000 0.00000 0.00000 0.00000 0.00000 0.00000 0.00000 0.00000 0.00000
W 6 3 0.00000 0.00000 0.00000 0.00000 0.00000 0.00000 0.00000 0.00000 0.00000 0.00000 0.00000 0.00000 0.00000 0.00000 0.00000 0.00000 0.00000 0.00000
P BrandV 0.0624
W 0 0 -0.82878 -4.47636 -1.85683 1.49303 2.35628 5.03288 -0.09533 -3.49698 -4.97924 0.00000 1.33854 -17.50455 -0.30247 -0.06036 -0.68259 -0.56284 1.70322 7.03053
W 0 1 0.61288 9.26815 -5.46389 -15.89987 -9.60948 -4.22670 -0.40241 4.79352 5.23431 0.00000 -0.04824 5.83985 -0.87460 0.18705 0.51741 1.15502 -0.83133 16.95211
W 0 2 -8.71917 3.68037 0.81553 5.76204 9.56517 -1.44076 0.07912 0.75429 6.29687 0.00000 -1.16812 -2.72627 0.65324 -0.00196 -0.12351 -0.47635 -0.77740 2.11859
W 0 3 8.93507 -8.47216 6.50519 8.64480 -2.31198 0.63459 0.41862 -2.05082 -6.55194 0.00000 -0.12218 14.39097 0.52383 -0.12474 0.28869 -0.11583 -0.09450 -26.10123
S 0 0 0.970 0.984 0.8334 0.770 1.089 1.0000 0.950 0.983 1.0000 0.710 0.871 1.0000 0.850 0.739 1.0000 0.620 0.950 1.0000 0.740 0.803 1.1667 0.720 0.644 1.0000 0.870 0.964 0.8334 0.600 1.095 1.0000 0.710 0.969 1.0000 0.700 0.788 0.8000 0.950 0.603 1.0000 0.610 0.698 1.0000 0.340 1.181 1.0000 0.560 0.985 1.0000 0.890 0.834 1.0000 0.740 1.050 0.8334 0.370 0.780 1.0000 0.410 0.684 1.0000 0.820 0.710 1.0000 0.490 1.179 1.0000 0.550 1.008 1.0000 0.310 0.830 1.0000 0.480 0.734 1.0000 0.890 1.039 0.8334 0.800 0.959 0.8334 0.720 0.742 1.0000 0.880 1.099 1.0000 0.510 0.880 0.8000 0.670 1.102 1.0000 0.540 0.951 1.0000 0.810 0.652 1.0000 0.530 1.040 0.6667 0.850 0.905 1.0000 0.490 0.760 0.8000 0.810 0.651 1.0000 0.550 1.066 0.8000 0.850 0.759 0.8000 0.860 1.097 1.0000 0.770 0.965 1.0000 0.900 0.611 1.0000 0.520 1.113 1.0000 0.590 0.947 1.0000 0.290 0.786 1.0000 0.670 0.658 1.0000 0.630 0.701 1.0000 0.580 1.183 1.0000 0.750 1.028 1.0000 0.260 0.869 1.0000 0.240 0.608 1.0000 0.720 1.188 1.0000 0.850 1.034 1.0000 0.990 0.875 1.0000 0.850 0.858 1.0000 0.200 0.692 1.0000 0.740 0.704 0.8334 0.910 1.099 0.8000 0.980 0.916 0.8000 0.650 0.818 0.8000 0.570 0.958 1.0000 0.250 0.720 1.0000 0.370 1.094 0.8000 0.560 0.948 1.0000 0.900 0.930 1.0000 0.970 0.747 1.0000 0.660 0.718 1.0000 0.840 1.037 1.0000 0.560 1.026 1.0000 0.550 0.836 1.0000 0.490 1.188 1.0000 0.650 1.015 1.0000 0.860 0.883 1.0000 0.320 0.681 1.0000 0.710 1.170 1.0000 0.230 1.034 1.0000 0.890 0.882 1.0000 0.720 0.717 1.0000 0.950 0.714 1.0000 0.920 1.099 1.0000 0.830 0.785 1.0000 0.560 1.187 1.0000 0.790 1.181 1.0000 0.850 0.843 1.0000 0.520 0.847 1.0000 0.590 1.098 1.0000 0.820 0.935 0.8000 0.870 0.935 1.0000 0.610 0.792 1.0000 0.860 0.792 0.8334 0.600 1.189 1.0000 0.770 1.186 1.0000 0.750 1.033 1.0000 0.430 0.864 1.0000 0.930 0.727 1.0000 0.340 1.030 0.8000 0.840 1.026 0.8334 0.570 0.717 0.6667 0.710 0.677 0.8334 0.810 0.668 0.8000 0.830 0.947 1.0000 0.910 0.770 0.8000 0.770 1.185 1.0000 0.290 1.002 1.0000 0.320 0.971 1.0000 0.690 0.724 1.0000 0.370 1.189 1.0000 0.570 1.036 1.0000 0.860 0.872 1.0000 0.970 0.634 1.0000 0.600 0.753 1.0000 0.860 1.051 0.8000 0.960 0.996 1.0000 0.560 0.685 1.0000 0.920 1.039 0.8334 0.230 1.035 1.0000 0.790 0.871 1.0000 0.520 1.188 1.0000 0.800 1.049 0.8334 0.900 1.104 1.0000 0.510 0.804 1.0000 0.240 1.190 1.0000 0.570 0.717 1.0000 0.570 1.083 1.0000 0.470 0.841 1.0000 0.460 0.693 0.6667 0.850 0.750 0.8000 0.660 0.895 0.8334 0.880 0.999 0.8334 0.860 0.638 0.8000 0.960 0.673 1.0000 0.740 1.179 1.0000 0.910 1.040 0.8334 0.690 1.014 1.0000 0.950 0.847 1.0000 0.300 0.639 1.0000 0.570 0.808 1.0000 0.980 0.639 1.0000 0.720 1.179 1.0000 0.920 0.944 1.0000 0.970 0.949 1.0000 0.710 0.884 0.8000 0.320 1.173 1.0000 0.660 1.033 1.0000 0.870 0.874 1.0000 0.710 0.735 1.0000 0.810 0.694 1.0000 0.740 0.647 1.0000 0.680 1.106 1.0000 0.490 0.929 0.8000 0.870 0.777 1.0000 0.940 0.806 1.0000 0.950 1.185 1.0000 0.850 0.933 1.0000 0.790 1.102 1.0000 0.770 1.048 0.8334 0.910 0.715 0.6667 0.760 0.906 1.0000 0.710 0.610 1.0000 0.730 0.728 1.0000 0.850 1.101 1.0000 0.760 0.798 1.0000 0.970 0.744 1.0000 0.580 0.708 1.0000 0.900 1.096 1.0000 1.000 0.780 1.0000 0.900 0.761 1.0000 0.360 0.642 0.8000 0.340 1.190 1.0000 0.680 1.035 0.6667 0.450 0.860 0.6667 0.840 0.722 1.0000 0.900 1.102 1.0000 0.650 0.926 0.8000 0.300 0.772 1.0000 0.760 1.095 1.0000 0.840 1.045 0.8334 0.760 0.918 1.0000 0.560 0.867 0.6667 0.490 1.104 0.8000 0.810 0.911 0.8000 0.880 0.746 0.8000 0.690 0.778 1.0000 0.390 1.188 1.0000 0.840 1.032 1.0000 0.540 0.873 1.0000 0.250 0.704 1.0000 0.430 0.709 1.0000 0.350 1.188 1.0000 0.360 1.031 1.0000 0.230 0.869 1.0000 0.180 0.693 1.0000 0.870 1.102 1.0000 0.510 0.760 1.0000 0.320 1.083 0.8000 0.950 0.732 1.0000 0.740 0.639 1.0000 0.400 0.615 1.0000 0.670 0.847 1.0000 0.450 0.714 1.0000 0.800 1.189 1.0000 0.770 1.177 1.0000 0.680 1.020 1.0000 0.420 0.831 1.0000 0.960 1.190 1.0000 0.430 0.883 1.0000 0.650 1.085 1.0000 0.370 0.916 0.8000 0.720 0.797 1.0000 0.770 0.664 1.1667 0.310 0.798 0.8000 0.430 0.630 0.8000 0.360 1.182 1.0000 0.630 0.932 1.0000 0.460 0.872 1.0000 0.430 1.181 1.0000 0.580 1.034 1.0000 0.520 0.633 1.0000 0.810 1.103 0.8000 0.680 0.947 0.8000 0.580 0.775 0.8000 0.840 1.037 0.8334 0.890 0.724 1.0000 0.660 1.182 1.0000 0.890 1.025 1.0000 0.490 1.110 1.0000 0.580 0.951 1.0000 0.540 0.826 1.0000 0.560 0.683 1.0000 0.510 0.897 1.0000 0.940 1.050 0.8334 0.770 0.720 1.0000 0.760 1.101 1.0000 0.750 0.844 0.8000 0.740 1.190 1.0000 0.670 1.086 1.0000 0.490 0.951 1.0000 0.760 0.718 1.0000 0.830 1.010 0.8334 0.280 0.889 0.8000 0.900 0.764 1.1667 0.700 0.798 1.0000 0.400 0.954 1.0000 0.370 0.966 1.0000 0.690 0.779 1.0000 0.900 0.621 1.0000 0.620 1.097 1.0000 0.900 0.716 0.8000 0.930 1.066 0.8334 0.360 0.804 0.8000 1.000 0.671 1.0000 0.350 1.091 0.8000 0.490 0.827 0.8000 0.970 0.875 0.8000 0.420 0.669 1.0000 0.540 0.937 1.0000 0.400 0.823 1.0000 0.820 0.731 1.0000 0.510 0.715 1.0000 0.690 0.923 0.8000 0.520 0.688 0.8000 0.720 0.629 1.1250 0.850 1.101 1.0000 0.310 0.706 0.8000 0.560 0.735 0.8000 0.900 0.837 0.8334 0.790 0.806 1.0000 0.990 1.028 0.8334 0.940 0.682 0.8000 0.490 0.640 1.0000 0.370 0.892 0.8000 0.760 0.854 1.0000 0.770 0.610 1.0000 0.760 0.953 0.8000 0.670 0.939 1.0000 0.490 0.764 1.0000 0.860 0.726 0.8000 0.860 0.955 1.0000 0.670 0.673 1.0000 0.800 0.618 1.0000 0.460 1.002 1.0000 0.710 1.000 1.0000 0.510 0.833 1.0000 0.820 0.727 1.0000 0.900 0.809 0.8334 0.740 1.108 1.0000 0.630 0.834 1.0000 0.920 1.036 1.1250 0.670 0.925 1.0000 0.650 0.791 1.0000 0.770 0.843 1.0000 0.840 0.678 1.0000 0.980 1.037 1.0000 0.860 0.889 1.0000 0.900 0.708 1.0000 0.820 0.897 0.8334 0.340 0.831 0.6667 1.000 0.722 0.8334 0.750 0.622 1.0000 0.890 0.884 1.0000 0.810 0.954 1.0000 0.670 0.889 1.0000 0.940 0.789 1.0000 0.920 0.677 1.0000 0.950 0.986 1.0000 0.670 0.757 1.0000 0.740 0.657 1.1667 0.800 1.102 1.1667 0.490 0.715 1.0000 0.860 0.755 1.1667 0.970 0.827 0.8334 0.850 0.615 0.8334 0.720 1.099 1.0000 0.450 1.099 0.8000 0.970 0.890 0.8334 0.790 1.004 0.8334 0.950 0.700 1.0000 0.840 0.953 0.8334 0.840 0.666 0.8334 0.750 0.642 1.0000 0.910 0.631 1.0000 0.860 0.719 1.0000 0.410 0.945 1.0000 0.430 0.870 1.0000 0.920 1.061 1.0000 0.890 0.841 1.0000 0.750 0.644 1.0000 0.680 1.095 0.8000 0.670 0.949 1.0000 0.660 0.789 1.0000 0.620 0.658 1.0000 0.850 1.096 1.0000 0.630 0.936 1.0000 0.760 0.771 1.0000 0.870 1.012 0.8334 0.930 0.738 1.0000 0.500 0.742 1.0000 0.670 0.908 1.0000 0.510 0.607 1.0000 1.000 1.095 0.8000 0.950 0.969 1.0000 0.770 0.721 1.0000 0.710 0.631 1.0000 0.970 0.924 1.0000 0.930 0.658 1.0000 0.520 1.103 0.8000 0.430 0.962 0.8000 0.560 0.790 0.8000 0.830 1.099 1.1667 0.530 0.955 1.0000 0.850 0.859 0.8334 0.700 1.101 1.0000 0.430 0.806 0.8000 0.970 0.664 1.0000 0.930 0.779 0.8334 0.740 0.662 0.8334 0.520 0.977 1.0000 0.830 0.942 1.0000 0.320 1.187 1.0000 0.980 1.033 1.0000 0.870 1.040 0.6667 0.990 0.826 0.8334 0.520 0.676 0.6667 0.750 0.624 0.8334 0.950 1.037 0.6667 0.940 0.889 0.8334 0.880 0.880 0.8334 0.880 0.773 0.8334 0.730 0.884 1.0000 0.740 0.744 1.0000 0.760 1.183 1.0000 0.270 1.035 1.0000 0.970 1.098 1.0000 0.770 0.940 0.8000 0.750 0.957 1.0000 0.580 0.741 0.8000 0.650 1.103 1.0000 0.290 0.842 1.0000 0.550 0.667 1.0000 0.890 0.890 0.8334 0.770 1.097 1.0000 0.900 0.963 1.1667 0.940 0.806 1.0000 0.560 0.813 0.8000 0.570 1.078 0.8000 0.800 0.795 1.0000 1.000 0.746 1.1667 0.870 0.733 1.0000 0.810 0.814 1.0000 0.750 0.786 1.0000 0.790 1.180 1.0000 0.430 0.860 1.0000 0.840 0.830 1.0000 0.250 0.708 1.0000 0.490 0.650 1.0000 0.930 1.045 1.0000 0.810 0.644 0.8334 0.720 0.664 1.1667 0.770 1.107 1.0000 0.980 0.691 1.1667
W 1 0 0.44483 -1.16272 -4.65962 2.05191 -1.80691 1.66374 0.00000 0.44483 0.00000 0.00000 0.44483 0.00000 -0.55381 0.24509 -1.32274 -1.08568 -0.03068 3.14794
W 1 1 0.00000 0.00000 0.00000 0.00000 0.00000 0.00000 0.00000 0.00000 0.00000 0.00000 0.00000 0.00000 0.00000 0.00000 0.00000 0.00000 0.00000 0.00000
W 1 2 -2.19625 1.54916 3.94299 3.39665 4.61168 -1.63802 0.00000 -2.19625 0.00000 0.00000 -2.19625 0.00000 -0.55800 -0.15880 0.10242 -0.69833 -0.22577 0.79362
W 1 3 1.75141 -0.38644 0.71663 -5.44856 -2.80477 -0.02572 0.00000 1.75141 0.00000 0.00000 1.75141 0.00000 1.11181 -0.08629 1.22032 1.78401 0.25645 -3.94157
S 1 0 0.960 1.106 1.4000 0.770 0.947 1.4000 0.800 0.941 1.4000 0.700 0.626 1.4000 0.660 0.779 1.4000 0.980 1.190 1.7500 0.700 1.173 1.7500 0.990 1.183 1.7500 0.870 0.992 1.7500 0.780 1.000 1.7500 0.710 0.880 1.7500 0.840 0.839 1.7500 0.830 0.880 1.7500 0.800 0.769 1.7500 0.980 0.701 1.7500 0.860 0.959 1.1667 0.770 0.955 1.1667 0.930 0.661 1.4000 0.760 1.041 1.2857 0.620 0.725 1.7500 0.750 0.709 1.7500 0.560 0.692 1.7500 0.840 0.867 1.3750 0.960 1.095 1.4000 0.940 1.105 1.4000 0.750 0.947 1.4000 0.840 0.818 1.4000 0.650 0.706 1.4000 0.900 1.020 1.7500 0.810 0.879 1.7500 0.940 1.171 1.7500 0.760 0.945 1.4000 0.830 1.033 1.2857 0.880 0.870 1.7500 0.690 0.878 1.7500 0.970 0.735 1.7500 0.900 0.725 1.1667 0.930 0.766 1.1667 0.700 1.190 1.7500 0.830 1.190 1.7500 0.680 0.875 1.7500 0.880 0.622 1.7500 0.920 0.922 1.4000 0.790 0.828 1.4000 0.890 0.816 1.4000 0.840 0.941 1.4000 0.670 0.781 1.4000 0.720 0.650 1.7500 0.900 0.658 1.7500 0.870 1.018 1.1667 0.860 0.894 1.2857 0.630 1.096 1.4000 0.760 0.747 1.7500 0.830 1.181 1.7500 0.830 1.175 1.7500 0.980 0.954 1.7500 0.750 0.685 1.4000 0.630 0.892 1.7500 0.740 0.751 1.5000 0.690 1.034 1.7500 0.970 0.809 1.7500 0.840 0.620 1.4000 0.830 0.962 1.2857 0.830 0.815 1.4000 0.850 0.620 1.4000 0.990 0.691 1.4000 0.840 1.040 1.1667 0.790 1.101 1.4000 0.650 0.949 1.4000 0.870 0.938 1.4000 0.610 0.733 1.4000 0.910 0.813 1.4000 0.750 1.008 1.7500 0.900 0.845 1.7500 0.670 0.692 1.7500 0.870 0.734 1.7500 0.950 0.798 1.2857 0.660 0.952 1.4000 0.810 0.949 1.4000 0.790 0.618 1.5000 0.870 0.649 1.4000 0.830 0.885 1.2857 0.750 0.882 1.2857 0.860 0.695 1.2857 0.840 1.036 1.2857 0.890 1.034 1.1667 0.880 0.669 1.2857 0.620 1.017 1.1667 0.900 0.943 1.4000 0.850 1.099 1.5000 0.920 0.952 1.5000 0.820 0.794 1.5000 0.930 0.767 1.5000 0.700 1.025 1.4000 0.770 1.097 1.4000 0.850 0.947 1.5000 1.000 0.947 1.4000 0.750 0.960 1.4000 0.850 0.797 1.5000 0.910 0.652 1.4000 0.630 0.870 1.1667 0.920 0.906 1.5000 0.770 0.753 1.4000 0.990 0.785 1.4000 0.700 0.966 1.4000 0.720 0.712 1.7500 0.820 0.916 1.5000 0.840 0.767 1.5000 0.980 0.874 1.1667 0.760 1.035 1.7500 0.750 1.022 1.7500 0.750 1.015 1.7500 0.910 0.723 1.1667 0.850 1.038 1.1667 0.860 1.040 1.1667 0.810 0.858 1.1667 0.930 1.037 1.7500 0.770 1.103 1.4000 0.760 1.095 1.4000 0.890 0.955 1.4000 0.660 0.783 1.4000 0.970 0.748 1.4000 0.830 1.038 1.1667 0.840 0.953 1.4000 0.720 0.607 1.4000 0.620 1.100 1.4000 0.810 0.718 1.4000 1.000 1.040 1.3750 0.750 0.679 1.7500 0.870 0.917 1.4000
W 2 0 0.58116 0.04236 -1.85222 -1.72240 -2.42927 1.68176 -0.40688 -0.15946 2.54210 2.62124 1.65206 -1.14432 -2.87352 -0.46883 -0.59187 -1.24674 0.52452 1.08100
W 2 1 2.00823 1.22232 -2.32594 3.56629 -0.58830 -0.79062 -0.01001 -0.70429 -1.82832 -0.12762 0.11183 1.65812 -1.06840 -0.03966 -0.38686 -0.44901 0.05223 0.48524
W 2 2 -5.21052 -0.63454 4.09114 0.57940 0.50631 -1.00840 -0.14430 0.06407 -1.31123 -3.52196 -1.39355 0.74483 2.81815 0.39008 0.90703 1.59625 -0.28169 1.31055
W 2 3 2.62113 -0.63014 0.08703 -2.42329 2.51125 0.11726 0.56118 0.79967 0.59745 1.02835 -0.37035 -1.25863 1.12377 0.11840 0.07170 0.09950 -0.29507 -2.87679
S 2 0 0.970 0.792 1.4000 0.980 1.016 1.0000 1.000 1.082 1.2933 0.930 0.882 1.3800 0.930 0.947 1.3000 0.980 0.865 1.1667 0.950 0.906 1.2272 0.920 0.940 1.2272 0.980 0.808 1.2857 0.980 1.097 1.1555 0.960 0.869 1.1667 0.970 1.092 1.0267 0.920 0.931 1.2272 0.920 0.857 1.4000 0.930 1.030 1.3000 0.970 1.011 1.1667 1.000 1.038 1.1846 0.990 0.767 1.1667 0.970 0.689 1.3000 0.970 1.019 1.4000 1.000 1.095 1.3750 0.930 0.918 1.2272 0.920 1.008 1.3000 0.940 0.791 1.1666 0.980 0.931 1.2692 0.980 0.711 1.2692 0.970 1.081 1.3760 0.990 1.034 1.1846 0.970 0.904 1.3846 0.970 1.025 1.3000 0.970 1.075 1.3125 0.950 0.707 1.3000 0.980 0.698 1.2273 0.990 1.025 1.3667 0.940 0.833 1.1667 0.940 1.180 1.3000 0.950 0.725 1.3000 0.940 0.642 1.2000 0.950 1.024 1.2143 0.980 1.043 1.1846 0.980 0.903 1.3000 0.980 1.102 1.3125 0.940 0.723 1.3000 0.990 0.930 1.3678 1.000 0.630 1.2500 0.970 0.673 1.3000 0.970 1.035 1.2143 0.990 0.930 1.2692 0.920 0.670 1.1667 0.960 0.961 1.2500 0.990 0.701 1.3000 1.000 1.100 1.3125 0.970 1.036 1.1846 0.970 0.918 1.3710 0.980 0.772 1.3000 0.990 1.039 0.9000 1.000 0.954 1.3846 0.970 0.695 1.2500 0.940 0.879 1.3000
W 3 0 0.52634 -0.29604 -0.70822 1.09475 0.17213 0.48619 -0.30651 -0.01391 -0.33222 0.28236 -0.18669 -0.13527 -1.36852 -0.90601 -0.20053 -0.08804 -0.69740 0.98349
W 3 1 -0.52634 0.29604 0.70822 -1.09475 -0.17213 -0.48619 0.30651 0.01391 0.33222 -0.28236 0.18669 0.13527 1.36852 0.90601 0.20053 0.08804 0.69740 -0.98349
W 3 2 0.00000 0.00000 0.00000 0.00000 0.00000 0.00000 0.00000 0.00000 0.00000 0.00000 0.00000 0.00000 0.00000 0.00000 0.00000 0.00000 0.00000 0.00000
W 3 3 0.00000 0.00000 0.00000 0.00000 0.00000 0.00000 0.00000 0.00000 0.00000 0.00000 0.00000 0.00000 0.00000 0.00000 0.00000 0.00000 0.00000 0.00000
W 4 0 2.20816 3.13739 -7.80910 -0.67296 -1.67399 2.02089 -0.79761 0.24921 0.00000 -0.51214 0.33293 0.00000 0.30119 -0.16632 -0.35856 -0.94730 -0.11457 3.00851
W 4 1 0.00000 0.00000 0.00000 0.00000 0.00000 0.00000 0.00000 0.00000 0.00000 0.00000 0.00000 0.00000 0.00000 0.00000 0.00000 0.00000 0.00000 0.00000
W 4 2 0.85820 -3.71234 3.71734 3.26072 0.00988 0.27972 0.30105 0.36761 0.00000 -1.05683 -1.81112 0.00000 -0.41234 0.33367 -0.32478 0.44701 0.23737 -1.08318
W 4 3 -3.06637 0.57495 4.09176 -2.58776 1.66411 -2.30061 0.49656 -0.61682 0.00000 1.56897 1.47819 0.00000 0.11114 -0.16736 0.68334 0.50030 -0.12280 -1.92532
S 4 0 0.943 0.727 0.7467 0.446 0.769 0.5455 0.884 1.102 0.6000 0.687 0.983 0.6000 0.762 0.995 0.6000 0.259 0.865 0.5500 0.515 0.871 0.5500 0.807 0.875 0.6000 0.539 0.720 0.5500 0.467 1.102 0.5444 0.578 0.946 0.6000 0.904 0.655 0.7500 0.530 0.587 0.6000 0.405 0.813 0.5429 0.866 0.870 0.5990 0.907 0.945 0.7500 0.797 0.973 0.6000 0.627 0.464 0.6000 0.689 1.190 0.5960 0.797 1.183 0.5978 0.648 0.992 0.6000 0.687 0.880 0.6000 0.831 0.834 0.6000 0.708 0.701 0.6000 0.884 0.579 0.6000 0.809 0.877 0.6000 0.275 0.816 0.5500 0.873 0.977 0.7500 0.696 0.719 0.6000 0.837 0.564 0.6000 0.928 0.727 0.7500 0.778 1.082 0.7489 0.531 0.882 0.5500 0.305 0.777 0.5500 0.754 0.747 0.6000 0.582 1.092 0.5500 0.438 0.922 0.5500 0.501 0.954 0.5455 0.792 0.811 0.6000 0.814 0.800 0.7500 0.308 0.676 0.5500 0.444 0.629 0.5500 0.583 0.656 0.5500 0.669 0.415 0.5500 0.583 0.947 0.5500 0.472 0.759 0.5500 0.412 1.097 0.5385 0.931 0.821 0.7500 0.971 1.111 0.7500 0.270 0.341 0.5500 0.918 1.184 0.7400 0.309 0.799 0.6000 0.816 0.608 0.6000 0.666 1.102 0.6000 0.754 0.805 0.6000 0.497 0.818 0.5500 0.846 1.098 0.6000 0.520 0.932 0.5500 0.941 0.796 0.7500 0.569 0.739 0.5500 0.577 1.094 0.5455 0.545 0.955 0.5455 0.972 0.944 0.7491 0.477 0.737 0.5500 0.721 1.034 0.6000 0.674 0.877 0.6000 0.623 0.842 0.6000 0.834 0.643 0.7500 0.631 1.187 0.6000 0.428 1.015 0.5500 0.331 0.886 0.5500 0.948 0.863 0.7500 0.150 0.656 0.6000 0.723 1.024 0.6000 0.329 1.037 0.5500 0.913 0.941 0.7455 0.405 0.641 0.5500 0.456 1.181 0.5400 0.237 1.025 0.5500 0.742 1.008 0.6000 0.517 0.999 0.5500 0.375 0.870 0.5500 0.663 0.642 0.6000 0.618 1.091 0.6000 0.413 0.773 0.5485 0.857 0.673 0.6000 0.862 0.975 0.5994 0.767 0.720 0.6000 0.809 1.188 0.6000 0.439 1.190 0.5400 0.457 0.870 0.5500 0.851 0.735 0.7500 0.378 1.101 0.5455 0.666 1.034 0.6000 0.953 1.030 0.7500 0.774 0.766 0.6000 0.637 0.616 0.5500 0.471 0.770 0.5500 0.814 0.770 0.6000 0.693 1.003 0.6000 0.888 0.790 0.7500 0.729 1.080 0.6000 0.982 1.038 0.7500 0.735 1.061 0.6000 0.902 0.984 0.7482 0.438 0.828 0.5500 0.867 0.816 0.7500 0.267 0.822 0.5500 0.264 0.559 0.5500 0.346 1.039 0.5500 0.498 1.029 0.5500 0.840 1.030 0.6000 0.023 0.857 0.6000 0.422 0.871 0.5500 0.532 0.874 0.5500 0.458 0.737 0.5500 0.613 0.697 0.5500 0.317 0.703 0.5500 0.761 0.850 0.6000 0.916 0.895 0.7500 0.897 0.922 0.6000 0.436 0.881 0.5500 0.732 0.884 0.6000 0.522 0.696 0.5500 0.472 0.713 0.5500 0.646 0.864 0.6000 0.747 0.628 0.6000 0.902 0.654 0.7500 0.761 0.990 0.6000 0.406 0.866 0.5500 0.633 1.021 0.5478 0.940 1.023 0.7500 0.838 0.909 0.7462 0.375 0.710 0.5500 0.608 0.689 0.5500 0.627 1.101 0.5385 0.853 1.095 0.7486 0.495 1.087 0.5455 0.735 1.190 0.6000 0.753 1.033 0.6000 0.557 0.874 0.5500 0.264 0.804 0.5500 0.698 1.018 0.6000 0.771 1.029 0.6000 0.800 0.880 0.6000 0.821 0.653 0.6000 0.762 1.107 0.6000 0.373 0.938 0.5462 0.816 1.102 0.6000 0.625 0.951 0.5500 0.466 0.923 0.5500 0.395 0.799 0.5500 0.772 0.833 0.6000 0.562 0.649 0.5500 0.833 1.028 0.5960 0.879 0.995 0.7500 0.366 0.778 0.5500 0.802 0.574 0.6000 0.875 1.100 0.7462 0.757 0.662 0.6000 0.793 0.823 0.6000 0.922 1.181 0.7400 0.388 1.185 0.5500 0.703 1.028 0.6000 0.832 1.022 0.6000 0.653 1.004 0.6000 0.920 0.880 0.7429 0.293 0.726 0.5500 0.281 0.692 0.5500 0.251 1.101 0.5385 0.333 0.933 0.5455 0.883 0.787 0.7500 0.641 0.858 0.5500 0.456 0.685 0.5500 0.372 1.010 0.5500 0.395 0.878 0.5483 0.797 0.960 0.6000 0.787 0.878 0.6000 0.669 0.936 0.6000 0.438 1.098 0.5500 0.492 0.949 0.5478 0.702 0.904 0.6000 0.927 0.628 0.7500 0.491 0.747 0.5500 0.719 0.811 0.6000 0.927 1.185 0.7400 0.348 1.023 0.5500 0.465 1.015 0.5500 0.405 0.843 0.5500 0.622 1.187 0.6000 0.634 1.028 0.5500 0.222 0.881 0.6000 0.773 0.873 0.5500 0.551 0.672 0.5500 0.696 0.727 0.6000 0.834 0.749 0.5991 0.598 0.848 0.6000 0.536 1.182 0.5400 0.523 1.182 0.5400 0.758 1.004 0.6000 0.794 0.967 0.6000 0.908 1.022 0.7500 0.303 1.038 0.5500 0.511 1.024 0.5500 0.609 0.856 0.6000 0.550 0.845 0.5500 0.831 0.666 0.6000 0.395 1.103 0.5455 0.748 1.086 0.5950 0.714 0.954 0.6000 0.730 0.954 0.6000 0.787 0.775 0.5996 0.728 1.044 0.6000 0.427 0.905 0.5500 0.930 0.720 0.7500 0.713 0.681 0.5500 0.947 0.727 0.7500 0.511 1.185 0.5400 0.503 1.175 0.5400 0.877 1.186 0.7400 0.770 1.101 0.6000 0.725 0.947 0.7500 0.738 0.968 0.6000 0.717 0.807 0.6000 0.287 0.800 0.5500 0.904 0.658 0.7500 0.856 0.658 0.7500 0.656 0.732 0.6000 0.471 0.622 0.5500 0.901 0.892 0.7500 0.919 1.040 0.7500 0.483 1.028 0.5467 0.492 0.910 0.5462 0.427 0.631 0.5500 0.715 0.920 0.6000 0.673 0.696 0.5500 0.972 1.189 0.7484 0.913 1.173 0.7492 0.855 1.086 0.5992 0.791 0.802 0.7500 0.721 0.733 0.6000 0.881 0.651 0.6000 0.787 1.008 0.6000 0.947 0.901 0.7455 0.630 0.777 0.6000 0.420 0.619 0.5500 0.824 0.773 0.7500 0.453 0.705 0.5500 0.929 0.621 0.7500 0.564 0.687 0.5500 0.571 0.729 0.5486 0.855 0.702 0.7500 0.644 0.768 0.6000 0.731 0.676 0.6000 0.802 1.074 0.5455 0.354 0.886 0.5462 0.977 0.669 0.7500 0.719 0.920 0.6000 0.738 0.876 0.6000 0.728 0.731 0.6000 0.905 1.086 0.7429 0.570 0.923 0.5455 0.834 0.674 0.6000 0.415 0.883 0.5500 0.608 0.814 0.5500 0.362 0.751 0.5467 0.932 1.102 0.7492 0.812 1.103 0.6000 0.525 0.677 0.5500 0.372 0.735 0.5498 0.867 0.819 0.7471 0.431 0.806 0.5500 0.915 0.640 0.7500 0.510 0.883 0.5485 0.585 0.682 0.5500 0.458 0.641 0.5500 0.694 0.892 0.5992 0.510 0.854 0.5478 0.656 0.763 0.6000 0.437 0.953 0.5455 0.787 0.929 0.6000 0.656 0.922 0.6000 0.452 0.726 0.5496 0.869 0.763 0.6000 0.955 0.807 0.7500 0.481 0.664 0.5500 0.973 0.996 0.7500 0.738 1.015 0.6000 0.575 0.842 0.6000 0.892 0.707 0.5994 0.623 1.035 0.5455 0.367 0.749 0.5476 0.983 1.107 0.7455 0.708 0.597 0.6000 0.733 0.894 0.6000 0.407 0.644 0.5500 0.487 1.039 0.5474 0.585 0.897 0.5500 0.766 0.608 0.6000 0.718 0.622 0.6000 0.841 0.940 0.6000 0.864 0.878 0.7455 0.854 0.792 0.6000 0.418 0.718 0.5500 0.812 0.939 0.6000 0.603 0.848 0.6000 0.526 0.833 0.5500 0.696 0.600 0.6000 0.742 0.715 0.6000 0.881 0.667 0.7500 0.438 0.712 0.5500 0.516 1.102 0.5385 0.843 0.930 0.6000 0.244 0.798 0.5462 0.528 0.725 0.5500 0.212 0.715 0.5500 0.764 0.745 0.6000 0.942 0.666 0.7500 0.840 0.729 0.6000 0.859 1.099 0.7500 0.779 0.953 0.6000 0.784 1.025 0.6000 0.896 0.909 0.5974 0.571 0.848 0.6000 0.693 0.671 0.6000 0.485 1.095 0.5455 0.270 0.935 0.5455 0.936 0.684 0.7500 0.771 0.936 0.6000 0.768 0.784 0.6000 0.354 1.038 0.5476 0.367 1.028 0.5455 0.816 0.860 0.6000 0.835 0.873 0.6000 0.827 0.814 0.6000 0.728 0.701 0.5500 0.727 0.591 0.6000 0.510 0.679 0.5500 0.817 0.619 0.6000 0.728 1.096 0.5960 0.837 0.931 0.6000 0.438 0.969 0.5500 0.368 0.838 0.5500 0.257 0.708 0.5500 0.788 1.103 0.7478 0.367 0.962 0.5455 0.334 0.790 0.5500 0.652 0.732 0.6000 0.923 0.704 0.7500 0.915 0.937 0.6000 0.383 0.806 0.5500 0.731 0.902 0.5478 0.463 0.796 0.5500 0.704 0.620 0.5998 0.733 1.097 0.6000 0.856 0.910 0.7500 0.967 1.188 0.7400 0.376 1.023 0.5500 0.350 1.008 0.5500 0.792 1.038 0.5960 0.378 0.993 0.5500 0.424 0.676 0.5500 0.442 1.037 0.5500 0.865 0.864 0.7467 0.885 0.838 0.7500 0.825 1.039 0.6000 0.756 0.924 0.6000 0.269 1.025 0.5500 0.978 1.022 0.7500 0.968 1.102 0.7200 0.553 0.938 0.5455 0.381 0.959 0.5455 0.852 0.813 0.7500 0.369 0.741 0.5500 0.964 0.951 0.7500 0.321 0.831 0.5500 0.415 0.695 0.5500 0.892 0.893 0.7500 0.407 0.954 0.5455 0.524 0.936 0.5462 0.336 0.813 0.5500 0.430 0.607 0.5500 0.953 0.871 0.7462 0.678 0.833 0.6000 0.867 0.746 0.7500 0.760 0.768 0.7500 0.315 0.679 0.5500 0.426 0.717 0.5500 0.790 1.188 0.6000 0.652 1.032 0.5500 0.362 1.039 0.5500 0.841 1.034 0.6000 0.308 1.021 0.5500 0.802 0.860 0.6000 0.297 0.880 0.5500 0.780 1.033 0.6000 0.837 0.702 0.7500 0.681 0.698 0.6000 0.340 0.962 0.5462 0.807 0.691 0.6000
W 5 0 4.52115 -6.35271 -2.19290 0.84657 -2.46102 1.43822 0.16827 -0.08456 7.44328 1.55410 3.23902 -8.07203 0.61102 -1.75642 -0.59050 -1.06419 0.26907 0.98172
W 5 1 3.35454 4.96221 -7.48201 2.69153 -1.25457 -0.56188 0.37515 -0.03458 -3.78023 0.18063 1.08044 3.57972 0.89027 -1.33329 0.80586 0.04235 -0.15787 -0.75095
W 5 2 -4.36270 0.67303 5.70111 -1.23459 2.41234 -0.44293 0.72305 0.17005 -2.72234 -1.21430 -2.39840 2.00043 -0.11986 0.96819 0.50756 -0.45179 -0.08257 0.36267
W 5 3 -3.51299 0.71747 3.97380 -2.30351 1.30325 -0.43340 -1.26647 -0.05091 -0.94071 -0.52042 -1.92105 2.49188 -1.38142 2.12153 -0.72292 1.47363 -0.02863 -0.59344
S 5 0 0.954 0.985 1.0111 0.943 0.961 0.9760 0.953 0.917 0.9333 0.919 0.826 1.1917 0.882 1.173 1.1500 0.924 0.849 1.0429 0.927 1.025 1.1493 0.889 0.511 1.1222 0.854 0.801 0.9556 0.907 1.176 1.1500 0.933 1.028 1.1500 0.943 1.087 1.1500 0.967 1.087 1.1500 0.915 0.744 1.1500 0.821 0.985 1.0176 0.899 0.834 1.1713 0.985 0.791 1.1713 0.988 0.831 1.1725 0.927 1.030 1.1716 0.913 1.101 1.2321 0.882 1.173 1.1606 0.938 0.915 1.1500 0.922 0.938 1.1500 0.954 1.101 1.1718 0.958 1.022 0.9769 0.953 1.036 1.1500 0.893 1.036 0.9827 0.984 0.957 0.9526 0.911 1.101 1.2333 0.930 0.966 1.2333 0.906 1.053 1.1500 0.907 0.859 1.1500 0.983 0.888 0.9667 0.933 1.036 1.1716 0.959 0.871 1.1704 0.959 0.871 1.1879 0.951 1.019 1.1715 0.909 1.024 1.1727 0.935 0.821 0.9909 0.904 0.667 1.0429 1.000 0.928 1.1711
W 6 0 0.73361 -0.73230 -1.39991 -0.30246 0.05656 0.77535 -0.14460 -0.20797 0.70535 -0.16032 0.24305 -0.30525 -0.02214 -0.35277 0.13541 -0.40758 0.06169 -0.20537
W 6 1 -0.73361 0.73230 1.39991 0.30246 -0.05656 -0.77535 0.14460 0.20797 -0.70535 0.16032 -0.24305 0.30525 0.02214 0.35277 -0.13541 0.40758 -0.06169 0.20537
W 6 2 0.00000 0.00000 0.00000 0.00000 0.00000 0.00000 0.00000 0.00000 0.00000 0.00000 0.00000 0.00000 0.00000 0.00000 0.00000 0.00000 0.00000 0.00000
W 6 3 0.00000 0.00000 0.00000 0.00000 0.00000 0.00000 0.00000 0.00000 0.00000 0.00000 0.00000 0.00000 0.00000 0.00000 0.00000 0.00000 0.00000 0.00000
P DaFish 0.0089
W 0 0 4.52412 -4.18766 -1.37498 2.41995 -2.71503 -0.56823 -1.55688 1.91113 -0.95389 0.00000 0.94048 -3.61488 -0.66214 0.41433 0.44758 2.29029 0.83520 0.17266
W 0 1 -0.55514 2.11228 -3.65691 1.01524 0.58350 2.03609 1.34805 -0.50919 -0.69202 0.00000 -0.56971 -0.70216 1.46543 -0.43438 -0.42025 -1.16839 1.17365 0.79211
W 0 2 -2.78015 3.57891 3.78813 -0.58656 0.90410 -0.49137 0.70791 -0.83794 2.35274 0.00000 -0.12072 4.10472 -0.93154 -0.74544 -1.44198 -2.61549 -1.82632 1.49451
W 0 3 -1.18884 -1.50353 1.24375 -2.84863 1.22743 -0.97649 -0.49908 -0.56400 -0.70684 0.00000 -0.25006 0.21232 0.12824 0.76549 1.41464 1.49359 -0.18253 -2.45929
S 0 0 0.810 1.185 0.7500 0.990 1.085 0.7500 0.720 0.939 0.7500 0.810 0.891 0.7500 0.900 0.199 0.7500 0.680 1.102 0.6000 0.830 1.098 0.8334 0.790 0.954 0.6000 0.830 0.802 0.8334 0.950 0.780 0.8334 0.490 0.639 0.5000 0.780 0.658 0.8000 0.680 0.606 0.5000 0.590 0.462 0.6000 0.980 0.449 0.7500 0.700 0.403 0.7500 0.980 0.298 0.7500 0.830 0.000 0.7680 0.870 0.000 0.8808 0.890 0.000 0.7869 0.750 0.225 0.7500 0.900 0.813 0.5000 0.810 0.787 0.6000 0.830 0.809 0.5000 0.720 0.544 0.5000 0.970 0.663 0.8000 0.900 0.669 0.6000 0.870 0.631 0.6000 0.590 0.231 0.6000 0.970 1.175 0.7500 0.830 1.023 0.7500 0.660 0.988 0.7500 0.960 1.005 0.7500 0.670 1.010 0.7500 0.990 0.829 0.7500 0.730 0.726 0.7500 0.540 0.197 0.7500 0.770 1.190 0.7500 0.970 1.187 0.7500 0.620 1.004 0.7500 0.820 0.719 0.7500 0.870 0.633 0.7500 0.780 0.665 0.7500 0.960 1.030 0.8334 0.660 1.042 0.6000 0.750 0.511 0.8000 0.840 0.889 0.8000 0.710 0.783 0.7500 0.830 1.039 0.8334 0.750 1.018 0.8000 0.750 0.856 0.8000 0.520 1.040 0.5000 0.870 1.031 0.5000 0.790 0.949 0.8572 0.960 0.976 0.5000
W 1 0 0.60555 -1.49323 -2.32421 0.51824 -1.73108 0.67607 0.00000 0.60555 0.00000 0.00000 0.60555 0.00000 -0.58727 0.29620 -0.18161 -0.40883 -0.42989 0.16052
W 1 1 0.00000 0.00000 0.00000 0.00000 0.00000 0.00000 0.00000 0.00000 0.00000 0.00000 0.00000 0.00000 0.00000 0.00000 0.00000 0.00000 0.00000 0.00000
W 1 2 -0.07052 1.46229 2.02587 2.01497 1.67337 -0.51201 0.00000 -0.07052 0.00000 0.00000 -0.07052 0.00000 0.41243 -0.21319 0.00851 0.18167 0.46336 -0.35508
W 1 3 -0.53503 0.03095 0.29834 -2.53321 0.05771 -0.16407 0.00000 -0.53503 0.00000 0.00000 -0.53503 0.00000 0.17483 -0.08302 0.17310 0.22716 -0.03347 0.19456
S 1 0 0.610 1.183 1.0000 0.540 1.093 0.5000 0.220 0.864 0.5000 0.290 0.898 0.5000 0.860 0.758 1.0000 0.330 1.093 0.4000 0.460 0.800 1.0000 0.300 0.645 0.4000 0.900 0.581 1.0000 0.720 0.521 1.0000 0.140 0.754 0.3333 0.990 0.775 1.0000 0.550 0.718 0.3333 0.700 0.718 0.3333 0.330 1.189 0.5000 0.700 1.017 1.0000 0.200 0.992 0.5000 0.830 0.992 1.0000 0.800 1.016 1.0000 0.480 1.008 0.5000 0.900 1.015 1.0000 0.840 0.844 1.0000 0.870 0.810 1.0000 0.610 0.819 1.0000 0.100 0.621 0.5000 0.620 0.665 1.0000 0.700 0.109 1.0000 0.260 0.936 0.5000 0.920 0.788 1.0000 0.520 0.802 1.0000 0.950 0.816 1.0000 0.390 0.608 0.5000 0.410 0.327 1.0000 0.470 0.862 0.3333 0.890 0.882 1.0000
W 2 0 2.26044 -0.76853 -2.79886 1.28472 -0.03624 0.99935 -0.54634 -0.06001 1.49231 0.75067 0.27232 -0.94907 -1.39137 0.36045 -0.03064 -1.03811 -1.14955 0.21755
W 2 1 0.86820 1.47008 -0.79198 1.39431 -0.36207 -0.23332 0.14203 -0.85802 -1.55575 0.52480 0.11306 1.53097 -0.18322 -0.38305 -0.54948 0.37507 1.34743 -0.37751
W 2 2 -2.50280 -0.01268 2.97185 0.63306 -1.24274 -1.00449 0.50031 0.62625 -0.11509 -1.41816 0.02747 -0.14905 0.82878 -0.12266 0.38890 0.18082 -0.22685 1.29479
W 2 3 -0.62583 -0.68887 0.61899 -3.31209 1.64106 0.23847 -0.09600 0.29178 0.17852 0.14269 -0.41284 -0.43285 0.74581 0.14526 0.19123 0.48222 0.02898 -1.13483
W 3 0 0.63360 0.01763 -0.31550 0.43186 -0.03199 0.16162 0.22395 -0.26950 0.68257 -0.34020 0.21782 -0.02182 -0.62097 0.03513 -0.11868 -0.46089 0.19232 0.12064
W 3 1 -0.63360 -0.01763 0.31550 -0.43186 0.03199 -0.16162 -0.22395 0.26950 -0.68257 0.34020 -0.21782 0.02182 0.62097 -0.03513 0.11868 0.46089 -0.19232 -0.12064
W 3 2 0.00000 0.00000 0.00000 0.00000 0.00000 0.00000 0.00000 0.00000 0.00000 0.00000 0.00000 0.00000 0.00000 0.00000 0.00000 0.00000 0.00000 0.00000
W 3 3 0.00000 0.00000 0.00000 0.00000 0.00000 0.00000 0.00000 0.00000 0.00000 0.00000 0.00000 0.00000 0.00000 0.00000 0.00000 0.00000 0.00000 0.00000
W 4 0 3.12060 -0.22100 -4.31386 -0.00642 -1.76577 0.55583 -0.18812 0.70679 0.00000 -0.25448 -0.65371 0.00000 -3.58250 2.58578 0.51484 -0.66128 0.84160 1.08298
W 4 1 0.00000 0.00000 0.00000 0.00000 0.00000 0.00000 0.00000 0.00000 0.00000 0.00000 0.00000 0.00000 0.00000 0.00000 0.00000 0.00000 0.00000 0.00000
W 4 2 -0.15372 0.44305 2.20328 1.55167 1.20570 0.05410 -0.02078 -0.24732 0.00000 0.19043 0.60376 0.00000 3.85280 -2.59356 -0.52293 0.32600 -0.41691 -0.09855
W 4 3 -2.96687 -0.22205 2.11057 -1.54525 0.56007 -0.60994 0.20890 -0.45947 0.00000 0.06405 0.04995 0.00000 -0.27030 0.00779 0.00809 0.33528 -0.42469 -0.98443
S 4 1 0.650 1.190 1.0000 0.630 1.190 1.0003 0.629 1.190 0.9999 0.949 1.183 1.0002 0.953 1.183 1.0000 0.912 1.183 1.0000 0.770 1.189 1.0001 0.753 1.189 0.9997 0.706 1.189 0.9996 0.802 1.189 1.0000 0.782 1.189 0.9994 0.767 1.189 1.0004 0.819 1.085 1.0000 0.844 1.085 1.0002 0.874 1.085 1.0000 0.662 0.864 1.0000 0.906 0.864 1.0002 0.525 0.876 1.0001 0.927 0.876 0.9997 0.993 0.876 0.9996 0.847 0.891 1.0000 0.712 0.896 1.0000 0.461 0.758 1.0000 0.317 0.758 1.0000 0.323 0.758 1.0002 0.743 0.758 1.0002 0.682 0.758 1.0000 0.599 0.758 1.0000 0.520 1.093 0.9999 0.569 1.093 0.9997 0.726 1.099 0.9999 0.699 1.099 0.9997 0.690 1.099 0.9996 0.575 1.099 0.9999 0.489 1.095 1.0000 0.386 1.095 1.0003 0.708 0.942 0.9996 0.944 0.942 0.9996 0.926 0.942 1.0000 0.457 0.784 1.0003 0.733 0.784 0.9999 0.786 0.784 0.9999 0.588 0.793 1.0000 0.777 0.780 1.0003 0.644 0.780 0.9999 0.351 0.780 0.9999 0.721 0.645 0.9999 0.657 0.645 0.9997 0.640 0.645 0.9996 0.917 0.521 0.9998 0.853 0.521 1.0004 0.926 0.521 1.0005 0.937 0.059 1.0000 0.566 0.900 0.9999 0.762 0.900 1.0000 0.881 0.900 1.0003 0.537 0.754 1.0002 0.880 0.754 0.9999 0.878 0.754 0.9996 0.547 0.813 1.0002 0.432 0.813 1.0000 0.360 0.813 1.0000 0.518 0.846 0.9999 0.523 0.846 1.0002 0.809 0.775 0.9999 0.735 0.775 0.9999 0.765 0.775 0.9997 0.678 0.814 0.9999 0.746 0.814 1.0000 0.717 0.814 1.0003 0.925 0.769 0.9999 0.942 0.769 1.0002 0.964 0.769 0.9999 0.454 0.809 1.0002 0.372 0.809 1.0000 0.514 0.809 0.9996 0.725 0.544 1.0002 0.643 0.544 0.9999 0.605 0.544 0.9996 0.687 0.663 0.9999 0.715 0.663 0.9998 0.735 0.663 1.0004 0.810 0.718 1.0008 0.699 0.599 0.9999 0.750 0.599 1.0002 0.618 0.669 0.9999 0.688 0.669 0.9997 0.680 0.669 0.9996 0.765 0.702 0.9999 0.708 0.702 0.9999 0.766 0.702 0.9997 0.879 0.631 0.9999 0.457 0.498 0.9999 0.495 0.498 0.9999 0.603 0.498 1.0005 0.443 1.189 1.0000 0.912 1.189 1.0002 0.758 1.189 0.9999 0.728 1.189 1.0013 0.637 1.189 0.9999 0.473 1.175 1.0000 0.427 1.175 1.0002 0.271 1.175 1.0000 0.554 1.023 1.0000 0.662 0.992 1.0002 0.676 0.992 1.0000 0.668 0.992 1.0000 0.930 1.005 1.0000 1.000 1.005 1.0002 1.000 1.005 1.0000 0.755 0.960 0.9997 0.811 0.960 0.9996 0.795 0.829 1.0000 0.766 0.829 1.0002 0.751 0.829 1.0000 0.752 0.848 1.0000 0.833 0.848 1.0003 0.676 1.190 1.0000 0.736 1.004 1.0000 0.740 1.004 1.0002 0.775 1.004 1.0000 0.475 0.844 1.0002 0.528 0.844 1.0000 0.477 0.844 1.0000 0.907 0.621 1.0000 0.946 0.621 1.0002 0.948 0.621 1.0000 0.745 0.670 1.0000 0.726 0.670 1.0003 0.674 0.670 0.9999 0.448 0.719 1.0000 0.864 0.556 1.0000 0.919 0.556 1.0003 0.905 0.556 0.9999 0.777 0.633 1.0000 0.556 0.633 1.0002 0.814 0.665 1.0002 0.743 0.665 1.0000 0.497 1.040 0.9999 0.540 1.030 0.9999 0.638 1.030 0.9997 0.972 1.030 1.0005 0.935 1.039 0.9992 0.928 1.039 1.0003 0.978 1.039 0.9998 0.708 0.891 0.9999 0.522 0.565 0.9998 0.999 0.565 1.0011 0.847 0.936 1.0000 0.814 0.788 1.0002 0.484 0.802 1.0002 0.533 0.816 1.0002 0.490 0.816 1.0000 0.376 0.816 1.0000 0.608 0.783 1.0000 0.686 0.608 1.0000 0.617 1.031 0.9999 0.554 1.031 0.9997 0.566 1.031 1.0005 0.325 0.862 1.0000 0.440 1.040 1.0000 0.432 1.040 1.0003 0.741 0.949 0.9999 0.754 0.949 0.9997 0.702 0.949 1.0005 0.860 0.892 0.9997 0.889 0.892 1.0011 0.871 0.892 0.9983
W 5 0 2.73454 -2.96199 1.54562 0.85447 -0.73881 0.11518 -0.60479 -0.71739 4.04815 -0.76095 -0.54903 -4.51805 -0.86281 0.51444 0.00201 -0.79777 -0.08556 0.33116
W 5 1 2.72815 3.57782 -6.14291 1.40598 -0.38059 0.70852 -0.19970 -0.84396 -0.85533 0.91038 0.87980 1.96310 0.63446 -1.23215 0.54621 0.75767 0.72304 -0.64617
W 5 2 -3.01480 -0.57608 2.69019 -0.42401 0.84366 -0.26624 1.01192 1.29469 -1.95562 -0.20775 0.08029 1.62898 0.67480 0.48044 -0.28044 -0.19939 -0.63400 0.63912
W 5 3 -2.44790 -0.03975 1.90711 -1.83644 0.27574 -0.55747 -0.20743 0.26665 -1.23720 0.05832 -0.41106 0.92597 -0.44644 0.23727 -0.26778 0.23948 -0.00348 -0.32411
W 6 0 0.94090 -0.45221 -1.14020 -0.28963 0.21620 0.55868 -0.13029 -0.57872 0.26812 0.11486 -0.08541 -0.35383 -0.35519 -0.16650 -0.35041 -0.38740 -0.08550 -0.34089
W 6 1 -0.94090 0.45221 1.14020 0.28963 -0.21620 -0.55868 0.13029 0.57872 -0.26812 -0.11486 0.08541 0.35383 0.35519 0.16650 0.35041 0.38740 0.08550 0.34089
W 6 2 0.00000 0.00000 0.00000 0.00000 0.00000 0.00000 0.00000 0.00000 0.00000 0.00000 0.00000 0.00000 0.00000 0.00000 0.00000 0.00000 0.00000 0.00000
W 6 3 0.00000 0.00000 0.00000 0.00000 0.00000 0.00000 0.00000 0.00000 0.00000 0.00000 0.00000 0.00000 0.00000 0.00000 0.00000 0.00000 0.00000 0.00000
P Dridriun 0.0156
W 0 0 -0.22731 -0.68411 -1.17763 -0.53897 -1.06393 -0.34146 -0.45774 -0.44905 -0.67623 0.00000 -0.29778 -0.79975 -0.52501 -0.31911 -0.26812 -0.59721 -0.10737 0.34948
W 0 1 3.19110 1.64228 -1.54338 0.58976 -0.64261 1.39876 0.85024 -0.05279 0.13877 0.00000 0.06262 0.24814 -4.98973 0.77377 0.45579 0.44554 0.62587 1.60312
W 0 2 -2.45608 0.44553 1.77150 2.25698 0.02027 -0.58268 -0.03844 0.75471 0.94940 0.00000 0.26997 0.36721 5.25377 -0.52634 -0.36074 -0.15912 -0.52759 0.01428
W 0 3 -0.50771 -1.40371 0.94951 -2.30777 1.68627 -0.47461 -0.35405 -0.25287 -0.41194 0.00000 -0.03481 0.18440 0.26097 0.07168 0.17307 0.31078 0.00909 -1.96688
S 0 1 1.000 1.028 1.4999 0.980 0.682 1.4999 0.970 0.462 1.4999 0.960 1.040 1.5000 0.670 1.190 1.5000 0.800 0.728 1.5000 0.670 0.627 1.5000 0.800 0.997 1.5000 0.930 0.999 1.4999 0.990 0.430 1.5000 0.880 0.799 1.5000 0.990 0.593 1.4999 0.670 1.190 1.5000 0.970 1.169 1.5000 0.970 0.628 1.4999 0.800 0.352 1.5000 0.930 1.101 1.5000 0.980 0.616 1.5000 0.980 1.035 1.5000 1.000 0.886 1.5000 0.980 0.340 1.5000 1.000 0.393 1.5000 0.560 0.915 1.4999 0.670 1.033 1.5000 0.960 0.785 1.5000 0.560 0.875 1.5000
W 1 0 1.16418 0.26639 -1.85959 0.99505 -0.07824 0.25116 0.00000 1.16418 0.00000 0.00000 1.16418 0.00000 -2.93582 0.46873 0.42109 -0.11319 0.03239 0.57824
W 1 1 0.00000 0.00000 0.00000 0.00000 0.00000 0.00000 0.00000 0.00000 0.00000 0.00000 0.00000 0.00000 0.00000 0.00000 0.00000 0.00000 0.00000 0.00000
W 1 2 -0.66923 -0.18669 1.70272 1.53977 0.11061 -0.08784 0.00000 -0.66923 0.00000 0.00000 -0.66923 0.00000 2.87147 -0.35104 -0.50456 0.06583 -0.04484 -0.77701
W 1 3 -0.49495 -0.07971 0.15687 -2.53482 -0.03238 -0.16332 0.00000 -0.49495 0.00000 0.00000 -0.49495 0.00000 0.06436 -0.11768 0.08348 0.04735 0.01245 0.19878
W 2 0 1.08171 0.48980 -1.90701 1.30936 0.89580 -0.18234 0.06060 -0.87278 2.13936 0.91154 0.70357 -0.67683 -2.25519 -0.08042 -0.06888 0.11137 -1.36114 -0.25641
W 2 1 2.41630 0.84662 -0.95189 1.64983 -0.71518 -0.10404 -0.10589 0.23479 -1.91774 -0.64060 0.27941 1.78123 0.98498 -0.16479 -0.30136 -0.87675 1.48135 0.28418
W 2 2 -2.79365 -0.61816 2.26363 0.32706 -1.85953 0.11323 0.24420 0.28427 -0.31677 -0.49187 -0.48885 -0.62425 0.52279 0.07477 0.17642 0.35299 -0.15521 1.04279
W 2 3 -0.70435 -0.71827 0.59527 -3.28625 1.67891 0.17315 -0.19891 0.35372 0.09516 0.22094 -0.49413 -0.48015 0.74742 0.17044 0.19383 0.41239 0.03500 -1.07056
W 3 0 0.78530 -0.14944 -0.57142 0.44164 -0.11283 0.40300 0.50783 -0.21138 0.72988 -0.75519 0.31405 -0.55107 -1.01364 -0.10541 -0.80292 -0.37770 -0.55157 0.07757
W 3 1 -0.78530 0.14944 0.57142 -0.44164 0.11283 -0.40300 -0.50783 0.21138 -0.72988 0.75519 -0.31405 0.55107 1.01364 0.10541 0.80292 0.37770 0.55157 -0.07757
W 3 2 0.00000 0.00000 0.00000 0.00000 0.00000 0.00000 0.00000 0.00000 0.00000 0.00000 0.00000 0.00000 0.00000 0.00000 0.00000 0.00000 0.00000 0.00000
W 3 3 0.00000 0.00000 0.00000 0.00000 0.00000 0.00000 0.00000 0.00000 0.00000 0.00000 0.00000 0.00000 0.00000 0.00000 0.00000 0.00000 0.00000 0.00000
W 4 0 4.28171 1.77556 -6.42765 0.00327 -2.01449 1.31429 -0.33075 0.10375 0.00000 -0.31307 0.37542 0.00000 -3.31461 -0.89073 0.49220 0.85129 1.12900 1.59029
W 4 1 0.00000 0.00000 0.00000 0.00000 0.00000 0.00000 0.00000 0.00000 0.00000 0.00000 0.00000 0.00000 0.00000 0.00000 0.00000 0.00000 0.00000 0.00000
W 4 2 -1.55258 -1.79317 4.10813 1.60218 1.51530 0.21878 0.78157 -0.38809 0.00000 -0.59852 0.27740 0.00000 5.96888 0.60946 -0.44011 0.30541 0.25130 -0.46027
W 4 3 -2.72913 0.01760 2.31952 -1.60545 0.49919 -1.53307 -0.45082 0.28434 0.00000 0.91159 -0.65282 0.00000 -2.65427 0.28127 -0.05209 -1.15670 -1.38030 -1.13002
S 4 1 0.651 1.036 1.0000 0.651 1.036 0.9999 0.902 1.028 3.0000 0.927 1.028 2.9997 0.828 1.028 3.0005 0.674 1.039 1.0000 0.652 1.039 0.9997 0.706 1.037 0.9996 0.777 0.891 1.0000 0.731 0.891 0.9997 0.736 0.891 0.9996 0.960 0.890 4.0000 0.848 0.908 0.9999 0.880 0.915 1.0000 0.863 0.915 1.0003 0.955 0.915 5.0004 0.577 0.906 1.0000 0.601 0.760 0.9999 0.652 0.760 1.0002 0.704 0.760 1.0000 0.843 0.725 2.0000 0.805 0.725 0.9997 0.693 0.725 0.9996 0.725 0.682 1.0000 0.958 0.682 3.0002 0.962 0.682 3.0004 0.570 0.523 1.0000 0.429 0.523 0.9999 0.569 0.694 0.9999 0.542 0.694 1.0002 0.701 0.694 0.9999 0.842 0.593 0.9999 0.795 0.593 1.0002 0.539 0.591 0.9999 0.453 0.460 1.0000 0.403 0.460 1.0003 0.959 0.562 5.0000 0.711 0.462 1.0001 0.585 0.386 1.0000 0.570 1.038 1.0000 0.678 1.040 1.0001 0.996 1.040 5.9999 0.733 1.052 1.0000 0.709 1.052 1.0000 0.777 0.869 1.9998 0.891 0.869 5.9996 0.678 0.877 1.0003 0.652 0.877 1.0000 0.587 0.877 1.0005 0.657 1.190 1.0000 0.593 1.189 1.0000 0.600 1.190 1.0000 0.463 1.190 1.0000 0.803 1.168 1.0000 0.523 1.017 1.0000 0.983 1.019 5.0000 0.615 1.006 1.0000 0.927 0.858 3.0000 0.834 0.868 1.0000 0.531 0.872 1.0000 0.427 0.872 1.0003 0.667 0.885 1.0000 0.585 0.889 1.0000 0.580 0.889 1.0003 0.764 0.876 1.0000 0.773 0.723 1.0000 0.757 0.723 1.0003 0.498 0.728 1.0000 0.696 0.712 1.0000 0.660 0.712 1.0003 0.482 0.712 0.9999 0.928 0.559 5.0002 0.593 1.038 1.0000 0.558 1.038 0.9999 0.699 1.008 1.0000 0.694 1.008 0.9997 0.653 1.008 1.0000 0.480 0.997 0.9997 0.399 0.997 1.0004 0.360 0.997 1.0000 0.583 0.985 1.0000 0.634 0.985 1.0003 0.494 0.985 0.9999 0.645 0.999 1.0000 0.665 0.999 1.0003 0.532 0.999 0.9999 0.876 0.848 1.0000 0.856 0.848 0.9999 0.786 0.848 0.9998 0.667 0.871 1.0000 0.841 0.837 1.0000 0.846 0.837 0.9999 0.874 0.837 0.9998 0.535 0.675 1.0000 0.453 0.675 0.9997 0.427 0.675 1.0004 0.635 0.357 0.9996 0.739 1.102 1.0000 0.583 1.100 1.0001 0.545 1.100 0.9997 0.511 1.100 0.9996 0.779 1.099 1.0000 0.958 1.097 3.0000 0.598 0.944 1.0001 0.526 0.944 0.9997 0.803 0.932 1.0001 0.735 0.932 0.9997 0.809 0.932 0.9996 1.000 0.944 6.0000 0.993 0.944 5.9993 0.999 0.944 6.0001 0.893 0.898 2.0000 0.708 0.907 1.0000 0.805 0.784 1.0000 0.936 0.790 1.9998 0.578 0.795 1.0000 0.586 0.795 1.0003 0.696 0.795 0.9999 0.573 0.652 1.0000 0.520 0.650 1.0000 0.566 0.650 1.0003 0.499 0.650 0.9999 0.843 1.035 1.0000 0.842 1.039 1.0000 0.833 1.038 1.0000 0.779 1.038 0.9999 0.601 1.034 1.0000 0.513 1.034 0.9995 0.973 0.891 5.0001 0.666 0.885 0.9997 0.524 0.876 1.0000 0.616 0.804 1.0000 0.972 0.758 5.0001 0.598 0.771 0.9999 0.527 0.771 1.0002 0.532 0.799 0.9999 0.489 0.799 0.9998 0.378 0.799 1.0004 0.624 0.620 1.0000 0.469 0.649 0.9999 0.350 0.649 1.0002 0.619 0.546 1.0000 0.907 0.578 3.0000 0.945 0.581 2.9998 0.965 0.640 2.9999 0.672 0.497 0.9999 0.646 0.497 0.9998 0.622 0.373 1.0000 0.557 0.508 1.0000 0.596 1.190 1.0000 0.686 1.165 1.0000 0.939 1.166 3.0000 0.913 1.169 3.0000 0.900 1.168 4.0000 0.588 1.019 1.0000 0.941 1.019 3.0000 0.968 1.019 3.0000 0.502 0.980 1.0000 0.937 0.983 3.0000 0.972 0.977 5.0000 0.796 0.974 1.0000 0.943 0.972 5.0000 0.672 0.969 1.0000 0.657 0.969 1.0003 0.697 0.816 1.0000 0.667 0.816 1.0003 0.719 0.816 0.9999 0.856 0.842 1.0000 0.581 0.837 1.0000 0.458 0.837 1.0003 0.749 0.821 1.0001 0.814 0.821 0.9997 0.942 0.804 3.0000 0.909 0.793 2.0000 0.912 0.781 3.0000 0.861 0.775 4.0000 0.693 0.627 1.0000 0.632 0.627 1.0000 0.571 0.701 1.0001 0.640 0.701 0.9997 0.870 0.701 6.0001 0.823 0.685 1.0000 0.657 0.558 1.0000 0.723 0.574 1.0001 0.507 0.574 0.9997 0.530 0.501 1.0004 0.508 0.501 1.0005 0.599 1.007 1.0002 0.833 1.007 2.9993 0.912 1.007 2.9973 0.718 1.038 1.0000 0.354 1.034 0.9999 0.583 1.035 1.0000 0.807 1.008 2.0001 0.546 0.861 1.0000 0.739 0.414 0.9997 0.669 0.414 0.9996 0.737 0.414 0.9996 0.694 0.544 1.0000 0.675 0.544 1.0002 0.888 0.605 4.0001 0.641 0.636 1.0000 0.600 0.636 0.9995 0.857 0.695 1.0000 0.639 0.525 1.0000 0.500 0.525 0.9995 0.452 0.336 1.0000 0.772 0.596 1.0000 0.820 0.596 0.9996 0.838 0.596 1.0005 0.943 1.102 3.0000 0.794 1.100 1.0000 0.772 1.100 0.9999 0.544 1.097 1.0000 0.688 1.099 0.9999 0.497 1.096 1.0000 0.308 1.096 0.9999 0.787 0.943 4.0000 0.593 0.921 1.0000 0.663 0.921 0.9999 0.646 0.921 0.9992 0.634 0.810 1.0000 0.583 0.791 1.0000 0.815 0.566 0.9999 0.597 0.596 1.0000 0.938 0.616 3.0001 0.820 0.616 2.9998 0.609 0.616 2.9997 0.791 0.708 1.0000 0.693 0.720 1.0000 0.825 0.731 0.9999 0.725 0.595 1.0000 0.739 0.595 0.9999 0.743 0.595 0.9997 0.690 0.639 1.0000 0.809 0.543 1.0000 0.846 0.543 1.0000 0.908 0.543 1.0002 0.747 1.102 0.9999 0.795 1.102 1.0002 0.797 1.104 1.9998 0.717 1.058 0.9999 0.785 1.061 0.9999 0.829 1.061 1.0002 0.865 1.061 0.9996 0.526 0.879 1.0002 0.526 0.879 1.0000 0.724 0.899 2.0001 0.673 0.899 1.9999 0.730 0.899 0.9999 0.733 0.922 1.0000 0.562 0.926 1.0002 0.571 0.926 1.0000 0.908 0.934 4.0001 0.849 0.777 2.0000 0.831 0.786 0.9999 0.645 0.766 0.9999 0.561 0.766 1.0000 0.498 0.766 1.0003 0.693 0.739 0.9999 0.682 0.746 0.9999 0.927 0.746 3.0000 0.891 0.746 5.9994 0.641 0.266 0.9999 0.929 1.188 4.0000 0.747 1.188 2.0000 0.605 1.187 1.0000 0.785 1.040 1.0000 0.670 1.038 1.0000 0.623 1.038 0.9999 0.454 1.038 0.9998 0.797 1.039 0.9999 0.625 1.030 0.9997 0.421 1.030 1.0005 0.855 0.866 0.9999 0.776 0.884 0.9999 0.828 0.884 1.0000 0.999 0.884 5.0008 0.468 0.820 0.9998 0.875 0.880 3.9999 0.929 0.767 3.9996 0.635 0.575 2.0000 0.759 0.736 0.9999 0.721 0.736 1.0002 0.696 0.773 0.9999 0.820 0.767 0.9999 0.860 0.613 1.0000 0.831 0.613 1.0003 0.555 0.754 1.0002 0.593 0.602 1.0000 0.588 0.602 1.0000 0.683 0.590 0.9999 0.486 0.597 0.9999 0.408 0.574 1.0000 0.623 0.642 1.0000 0.628 0.642 0.9999 0.367 0.642 0.9997 0.731 0.617 0.9999 0.782 0.491 0.9999 0.617 0.491 0.9999 0.807 0.373 0.9999 0.667 0.440 0.9999 0.775 0.340 2.0000 0.696 0.472 1.0000 0.674 0.472 1.0000 0.671 0.516 0.9996 0.823 0.354 1.0000 0.634 0.104 1.0000 0.550 1.034 0.9999 0.585 1.038 1.0000 0.798 1.040 1.0000 0.694 1.040 1.0000 0.876 1.040 0.9996 0.721 1.053 1.0000 0.605 0.906 0.9999 0.629 0.766 1.0000 0.629 0.766 1.0003 0.838 0.896 1.0000 0.490 0.863 1.0003 0.703 0.804 1.0000 0.921 0.804 0.9997 0.459 0.832 1.0000 0.497 0.832 1.0002 0.516 0.832 1.0000 0.854 0.553 1.9999 0.557 0.592 1.0000 0.839 0.284 0.9999 0.854 0.284 1.0000 0.585 1.040 1.0000 0.553 1.040 0.9999 0.894 1.040 3.9998 0.858 1.034 2.0001 0.815 1.034 1.0003 0.989 1.034 6.0003 0.838 1.021 0.9999 0.972 1.021 3.0000 0.571 1.017 1.0000 0.463 1.017 0.9997 0.413 1.017 1.0001 0.422 1.025 0.9999 0.448 1.025 0.9998 0.450 1.025 1.0004 0.925 0.785 2.9998 0.963 0.785 2.9995 0.930 0.785 2.9993 0.781 0.901 1.0000 0.988 0.906 5.9997 0.993 0.906 5.9994 0.462 0.875 1.9998 0.800 0.778 1.0000 0.814 0.787 2.0000 0.587 0.880 1.0000 0.468 0.880 1.0003 0.855 0.880 0.9999 0.623 0.859 1.0001 0.593 0.859 0.9997 0.577 0.859 0.9996 0.566 0.685 1.0000 0.481 0.685 0.9994
W 5 0 1.01589 -1.44174 -1.47179 0.81266 0.12290 0.06206 0.11570 -0.69744 6.10453 0.61903 0.58479 -3.35790 -3.77953 -0.75338 -0.06618 -0.90999 0.38135 0.81103
W 5 1 4.14655 1.28819 -3.95725 2.03922 -0.81915 -0.88167 -0.29274 -0.48141 -2.27122 -0.61595 0.85235 1.23408 3.45788 -1.28444 -0.15856 -0.34375 0.34796 -0.11319
W 5 2 -2.59403 0.26944 3.58779 -1.00739 0.41188 1.40991 0.14328 1.08467 -2.49731 0.02354 -0.96491 1.27500 0.63205 1.82222 0.53387 1.01018 -0.77971 -0.43242
W 5 3 -2.56842 -0.11589 1.84126 -1.84449 0.28437 -0.59030 0.03376 0.09417 -1.33600 -0.02662 -0.47224 0.84882 -0.31039 0.21559 -0.30913 0.24355 0.05040 -0.26542
W 6 0 1.35611 -0.29166 -1.07587 -0.40749 0.00340 0.46806 0.06726 -0.21925 0.69931 0.32152 0.02673 -0.30565 0.23143 -0.33365 -0.22967 -0.07364 0.23536 -0.57100
W 6 1 -1.35611 0.29166 1.07587 0.40749 -0.00340 -0.46806 -0.06726 0.21925 -0.69931 -0.32152 -0.02673 0.30565 -0.23143 0.33365 0.22967 0.07364 -0.23536 0.57100
W 6 2 0.00000 0.00000 0.00000 0.00000 0.00000 0.00000 0.00000 0.00000 0.00000 0.00000 0.00000 0.00000 0.00000 0.00000 0.00000 0.00000 0.00000 0.00000
W 6 3 0.00000 0.00000 0.00000 0.00000 0.00000 0.00000 0.00000 0.00000 0.00000 0.00000 0.00000 0.00000 0.00000 0.00000 0.00000 0.00000 0.00000 0.00000
P G-Wolf 0.0089
W 0 0 6.04374 0.91167 -3.95512 1.75710 -4.15185 1.59826 0.98200 -0.44905 1.70476 0.00000 -0.16046 -0.07710 -2.70184 -1.14169 -1.64992 -2.96902 -1.53286 2.99379
W 0 1 -2.15564 0.22001 -1.37104 -0.50997 0.30461 -1.98173 -1.11031 -0.05279 -1.40796 0.00000 -0.71133 0.16563 3.07772 -0.63399 2.62035 1.14439 0.76665 0.83077
W 0 2 -1.83158 -0.01992 2.63485 1.41019 2.38586 1.23063 0.45041 0.75471 0.06022 0.00000 -0.28686 -1.15874 -1.06104 -0.48468 -0.73285 -0.36149 0.32345 -0.12043
W 0 3 -2.05651 -1.11176 2.69131 -2.65732 1.46138 -0.84716 -0.32210 -0.25287 -0.35702 0.00000 1.15865 1.07021 0.68516 2.26035 -0.23758 2.18612 0.44277 -3.70413
S 0 0 0.950 0.943 1.0000 0.870 0.740 0.8000 0.970 0.873 0.7500 0.950 0.810 0.8334 0.770 0.011 1.5000 0.920 0.882 0.8000 0.870 1.046 0.5000 0.870 1.041 0.5715 0.960 0.564 0.8000 0.920 1.040 0.6667 0.990 1.041 0.7500 0.890 0.885 0.5715 0.970 0.876 0.6667 0.890 0.533 0.5000 0.990 1.032 0.8572 0.900 0.961 0.6667 0.890 0.827 0.8000 0.770 0.455 1.5000 0.950 0.770 1.0000 0.920 0.875 0.5000 0.960 0.848 0.8334 0.950 0.635 1.0000 0.900 1.097 0.8000 0.970 0.946 0.6667 0.830 0.607 1.5000 0.990 0.746 1.0000 0.970 0.599 0.6667 1.000 1.039 0.8572 0.910 1.037 0.6667 0.870 0.882 0.6667 0.960 0.873 0.6667 0.530 0.547 0.6667
W 1 0 1.02425 1.08115 -1.91208 0.39938 -0.87721 0.57327 0.00000 1.02425 0.00000 0.00000 1.02425 0.00000 -0.68453 -0.15470 -0.16737 -1.32347 -1.85258 0.41043
W 1 1 0.00000 0.00000 0.00000 0.00000 0.00000 0.00000 0.00000 0.00000 0.00000 0.00000 0.00000 0.00000 0.00000 0.00000 0.00000 0.00000 0.00000 0.00000
W 1 2 -0.35710 -1.20860 1.44420 2.62552 1.25045 -0.20547 0.00000 -0.35710 0.00000 0.00000 -0.35710 0.00000 0.57408 0.50933 -0.55202 0.41690 1.64510 -0.36094
W 1 3 -0.66715 0.12745 0.46788 -3.02489 -0.37324 -0.36780 0.00000 -0.66715 0.00000 0.00000 -0.66715 0.00000 0.11045 -0.35463 0.71940 0.90657 0.20748 -0.04949
S 1 0 0.650 0.670 1.0000 0.540 0.607 1.0000 0.050 0.722 1.0000 0.430 0.729 1.0000 0.590 0.714 1.0000 0.560 0.571 1.0000 0.050 0.222 1.0000 0.220 0.391 1.0000 0.660 1.037 0.5000 0.910 0.888 0.5714 0.940 0.713 0.5714 0.550 0.556 0.8466 0.300 0.540 1.0000 0.950 0.611 0.7143 0.990 1.129 1.0000 0.740 0.800 1.0000 0.920 0.802 1.5000 0.360 0.783 1.0000 0.140 0.786 1.0000 0.390 0.667 1.0000 0.370 0.641 1.0000 0.860 0.533 1.0000 0.940 0.617 1.5000 0.840 0.317 1.0000 0.450 0.030 1.0000 0.910 1.039 0.6667 0.980 0.634 1.0000 0.860 0.667 0.8791 0.990 0.661 1.0000 0.870 0.861 0.6667 0.110 0.523 1.0000 0.140 0.593 1.0000 0.320 0.620 1.0000 0.110 0.626 1.0000 0.870 1.037 0.5000 0.920 0.396 1.0000 0.790 0.619 0.8511 0.810 0.646 1.5000 0.490 0.590 1.0000 0.920 1.040 0.6667 0.970 1.040 0.6667
W 2 0 2.24037 -0.14840 -2.37953 1.31499 0.37141 0.67087 0.10639 0.59021 1.24721 0.19582 0.19282 -0.97456 -1.90071 -0.10000 -0.48112 -0.83208 -0.28356 0.05796
W 2 1 1.00566 1.41511 -0.52927 1.53087 -0.19743 -0.84543 -0.34998 -0.72210 -2.21541 -0.30976 0.48550 0.92933 0.52833 0.08060 0.16195 -0.03605 -0.07266 -0.14142
W 2 2 -2.69474 -0.60132 2.28337 0.47415 -1.78504 -0.00847 0.31774 -0.23231 0.49421 -0.06227 -0.14825 0.20383 0.61773 -0.06876 0.10700 0.44375 -0.00731 1.23270
W 2 3 -0.55130 -0.66539 0.62543 -3.32001 1.61105 0.18302 -0.07415 0.36420 0.47399 0.17620 -0.53007 -0.15860 0.75464 0.08816 0.21217 0.42438 0.36352 -1.14924
W 3 0 0.59581 -0.18942 -0.64906 0.41185 -0.13402 0.14442 0.46268 -0.52951 0.79879 -0.06345 0.04177 -0.49002 -1.11859 0.23504 -0.45731 -0.64566 0.52773 0.11881
W 3 1 -0.59581 0.18942 0.64906 -0.41185 0.13402 -0.14442 -0.46268 0.52951 -0.79879 0.06345 -0.04177 0.49002 1.11859 -0.23504 0.45731 0.64566 -0.52773 -0.11881
W 3 2 0.00000 0.00000 0.00000 0.00000 0.00000 0.00000 0.00000 0.00000 0.00000 0.00000 0.00000 0.00000 0.00000 0.00000 0.00000 0.00000 0.00000 0.00000
W 3 3 0.00000 0.00000 0.00000 0.00000 0.00000 0.00000 0.00000 0.00000 0.00000 0.00000 0.00000 0.00000 0.00000 0.00000 0.00000 0.00000 0.00000 0.00000
W 4 0 2.25261 2.27845 -4.83195 -0.03467 -0.49821 0.51365 0.00607 0.73924 0.00000 1.33519 1.32638 0.00000 0.05717 -5.10732 0.95123 -4.57565 -1.71697 1.73071
W 4 1 0.00000 0.00000 0.00000 0.00000 0.00000 0.00000 0.00000 0.00000 0.00000 0.00000 0.00000 0.00000 0.00000 0.00000 0.00000 0.00000 0.00000 0.00000
W 4 2 -0.61899 -2.08760 3.09295 1.80953 0.53970 -0.41974 0.25326 0.95709 0.00000 -1.29779 -1.30718 0.00000 -0.49213 2.28669 -0.69435 2.41425 0.86213 -0.38720
W 4 3 -1.63362 -0.19085 1.73900 -1.77486 -0.04149 -0.09391 -0.25934 -1.69633 0.00000 -0.03740 -0.01920 0.00000 0.43495 2.82063 -0.25688 2.16140 0.85485 -1.34351
S 4 0 0.833 0.873 0.5000 0.899 0.873 0.5000 0.857 0.873 0.5000 0.821 0.793 0.6000 0.824 0.793 0.5985 0.469 0.809 0.6000 0.465 0.809 0.5985 0.605 0.809 0.6000 0.771 0.654 0.5000 0.398 0.670 0.3333 0.762 0.607 0.5998 0.304 0.729 0.3333 0.406 0.714 0.3333 0.930 0.571 0.6000 0.249 0.391 0.3333 0.891 0.391 0.6000 0.973 1.037 0.7500 0.620 0.877 0.6000 0.603 0.877 0.5974 0.522 0.721 0.6000 0.708 0.713 0.5000 0.756 0.713 0.5000 0.942 0.228 0.6000 0.661 0.556 0.5992 0.404 0.380 0.5000 0.481 0.414 0.5000 0.405 0.280 0.5000 0.765 1.040 0.5000 0.941 0.866 0.6000 0.917 0.866 0.5974 0.933 0.714 0.7500 0.909 1.129 0.6000 0.928 1.129 0.5960 0.999 1.129 0.7488 0.828 0.986 0.5000 0.823 0.827 0.5000 0.803 0.827 0.6000 0.864 0.800 0.5000 0.853 0.800 0.5000 0.609 0.802 0.6000 0.304 0.783 0.3333 0.278 0.786 0.3333 0.318 0.641 0.3333 0.696 0.641 0.6000 0.497 0.533 0.3333 0.505 0.617 0.3328 0.882 0.617 0.5000 0.882 0.617 0.5999 0.850 0.317 0.5000 0.695 1.035 0.6000 0.839 0.886 0.5000 0.832 0.680 0.5000 0.892 0.680 0.7500 0.550 0.906 0.6000 0.709 0.690 0.5000 0.816 0.779 0.5000 0.620 0.343 0.6000 0.282 0.243 0.5000 0.837 0.936 0.5000 0.812 0.818 0.5000 0.737 0.946 0.6000 0.929 0.785 0.7500 0.213 0.504 0.5000 0.497 1.047 0.6000 0.715 0.903 0.6000 0.662 0.742 0.5000 0.716 0.635 0.5000 0.823 1.040 0.5000 0.805 1.039 0.5000 0.868 0.873 0.6000 0.742 0.766 0.5000 0.679 0.766 0.5000
W 5 0 3.58956 -2.27489 -0.49582 1.02769 -0.92959 1.16242 0.34381 0.37333 4.90252 0.37324 0.19771 -3.32663 -0.84855 -2.12136 0.87203 -2.63261 -1.63916 -0.43878
W 5 1 -0.40780 2.50158 -3.41725 0.41676 0.65873 0.53186 0.37479 -0.27917 -1.98587 -0.04930 0.02148 1.28279 0.60344 -0.44143 -0.58733 1.74536 0.67053 0.09002
W 5 2 -0.97366 -0.59428 1.51716 0.62559 0.08890 -1.11169 -0.66362 -0.60616 -1.20110 0.26286 -1.14032 1.42780 -0.12981 1.83137 -0.00843 0.78698 -0.96364 1.08524
W 5 3 -2.20810 0.36759 2.39592 -2.07004 0.18195 -0.58259 -0.05498 0.51200 -1.71554 -0.58681 0.92113 0.61604 0.37492 0.73142 -0.27626 0.10027 1.93227 -0.73648
W 6 0 1.13663 -0.37418 -1.09115 -0.22265 0.22348 0.46151 -0.05842 -0.18967 0.61264 0.20353 0.10868 -0.29216 -0.03159 -0.10690 -0.35041 -0.36569 -0.01015 -0.30582
W 6 1 -1.13663 0.37418 1.09115 0.22265 -0.22348 -0.46151 0.05842 0.18967 -0.61264 -0.20353 -0.10868 0.29216 0.03159 0.10690 0.35041 0.36569 0.01015 0.30582
W 6 2 0.00000 0.00000 0.00000 0.00000 0.00000 0.00000 0.00000 0.00000 0.00000 0.00000 0.00000 0.00000 0.00000 0.00000 0.00000 0.00000 0.00000 0.00000
W 6 3 0.00000 0.00000 0.00000 0.00000 0.00000 0.00000 0.00000 0.00000 0.00000 0.00000 0.00000 0.00000 0.00000 0.00000 0.00000 0.00000 0.00000 0.00000
P Ichigo_E 0.0145
W 0 0 6.91120 0.77966 -3.69458 0.87435 -6.92841 0.74936 0.66381 -0.44905 -2.00702 0.00000 -0.39483 -1.43104 -1.36406 -0.25937 -1.73282 -1.16081 0.33536 3.04286
W 0 1 -0.45190 1.32274 -0.80996 -0.20369 4.41622 -1.09800 -0.14152 -0.05279 0.12779 0.00000 0.41934 -1.39694 -2.17025 0.13771 -0.43264 -0.28353 -0.05302 0.78077
W 0 2 -7.16554 -1.02808 3.70777 1.50953 2.19827 -1.46612 -0.56326 0.75471 0.84134 0.00000 0.12406 1.18427 1.80420 1.12048 1.81002 1.97761 -0.59198 1.07826
W 0 3 0.70623 -1.07432 0.79677 -2.18019 0.31392 1.81475 0.04098 -0.25287 1.03789 0.00000 -0.14857 1.64372 1.73012 -0.99882 0.35545 -0.53328 0.30964 -4.90190
S 0 0 0.980 1.083 1.1250 0.940 1.101 2.2500 0.940 0.707 2.2500 0.950 1.102 1.8000 0.950 1.095 1.8000 0.910 0.959 1.8000 0.920 0.679 1.8000 0.930 0.467 2.2500 0.990 0.648 1.5000 0.950 0.486 1.5000 0.990 0.647 1.8000 0.950 0.883 1.2858 0.970 0.959 1.8000
W 1 0 1.18285 -0.15460 -2.65531 1.34635 -0.15021 0.06302 0.00000 1.18285 0.00000 0.00000 1.18285 0.00000 -1.44873 -0.93934 -1.46193 -2.05094 0.15779 1.17492
W 1 1 0.00000 0.00000 0.00000 0.00000 0.00000 0.00000 0.00000 0.00000 0.00000 0.00000 0.00000 0.00000 0.00000 0.00000 0.00000 0.00000 0.00000 0.00000
W 1 2 -0.65563 0.25161 2.49403 1.20269 0.20211 0.21036 0.00000 -0.65563 0.00000 0.00000 -0.65563 0.00000 1.31649 1.15812 1.39119 1.89897 -0.18724 -1.34924
W 1 3 -0.52722 -0.09701 0.16127 -2.54904 -0.05190 -0.27338 0.00000 -0.52722 0.00000 0.00000 -0.52722 0.00000 0.13224 -0.21878 0.07074 0.15197 0.02944 0.17432
S 1 0 0.990 0.678 1.2500 0.910 1.099 1.5000 0.900 0.950 1.5000 0.870 0.953 1.5000 0.910 0.698 1.5000 0.950 0.631 1.7143 0.960 0.743 1.6000 0.900 0.728 1.5000 0.850 0.973 1.3333 0.670 0.807 1.3333 0.830 1.028 1.6000 0.870 0.353 1.6000 0.940 1.051 1.2500 0.900 0.744 1.6000 0.970 0.737 1.6000 0.890 0.687 1.6667 0.850 0.669 1.5000 0.870 0.875 1.4286
W 2 0 2.42252 -0.07235 -2.25209 1.41889 0.28738 0.59466 -0.88997 0.29813 0.85887 0.09357 -0.13119 -0.39064 -0.27639 0.35397 -1.76305 -1.95623 -0.65715 0.30095
W 2 1 0.69876 0.83647 -1.39261 1.24616 -0.52588 -0.47817 0.19496 -0.53877 -0.84913 -1.24802 1.24052 0.65552 -0.94513 0.09578 -0.33730 0.13460 0.88913 -0.42647
W 2 2 -2.26697 -0.16423 2.71299 0.56934 -1.63178 -0.20529 0.86977 -0.06806 -0.24018 0.23296 -0.57503 -0.59321 0.10806 -0.34542 1.30069 0.36127 -0.52088 1.01853
W 2 3 -0.85430 -0.59989 0.93171 -3.23440 1.87028 0.08880 -0.17476 0.30870 0.23045 0.92148 -0.53431 0.32833 1.11346 -0.10432 0.79967 1.46035 0.28890 -0.89301
W 3 0 1.16889 0.13242 -0.43440 0.16908 -0.39199 0.08893 0.26362 0.08712 0.63287 -0.36252 -0.11523 -1.04538 -0.83863 -0.21392 -0.00733 -0.23996 -0.36189 -0.13905
W 3 1 -1.16889 -0.13242 0.43440 -0.16908 0.39199 -0.08893 -0.26362 -0.08712 -0.63287 0.36252 0.11523 1.04538 0.83863 0.21392 0.00733 0.23996 0.36189 0.13905
W 3 2 0.00000 0.00000 0.00000 0.00000 0.00000 0.00000 0.00000 0.00000 0.00000 0.00000 0.00000 0.00000 0.00000 0.00000 0.00000 0.00000 0.00000 0.00000
W 3 3 0.00000 0.00000 0.00000 0.00000 0.00000 0.00000 0.00000 0.00000 0.00000 0.00000 0.00000 0.00000 0.00000 0.00000 0.00000 0.00000 0.00000 0.00000
W 4 0 2.63517 2.33981 -4.80207 0.56807 -0.16680 0.71811 0.35787 -0.04273 0.00000 -0.21998 -0.38034 0.00000 -0.21158 -4.65251 -1.64259 -2.85314 0.96427 1.68228
W 4 1 0.00000 0.00000 0.00000 0.00000 0.00000 0.00000 0.00000 0.00000 0.00000 0.00000 0.00000 0.00000 0.00000 0.00000 0.00000 0.00000 0.00000 0.00000
W 4 2 -0.08642 -2.18202 2.84122 1.86601 0.37291 -0.50597 -1.36261 0.76811 0.00000 -0.05694 -1.12025 0.00000 -0.55989 1.87422 0.53751 1.06778 -0.22098 0.28329
W 4 3 -2.54875 -0.15779 1.96085 -2.43408 -0.20611 -0.21214 1.00474 -0.72538 0.00000 0.27692 1.50059 0.00000 0.77148 2.77830 1.10508 1.78536 -0.74329 -1.96557
S 4 0 0.817 1.100 0.6000 0.899 0.916 0.5000 0.465 0.754 0.4200 0.300 0.984 0.7000 0.735 0.671 0.6979 0.796 0.975 0.5714 0.892 0.691 0.5733 0.801 0.776 0.5687 0.765 0.749 0.9313 0.623 0.569 0.5687 0.640 0.569 0.8494 0.953 1.099 0.8500 0.757 1.101 0.7000 0.269 1.034 0.7000 0.596 1.027 0.4333 0.892 0.839 0.7000 0.904 1.040 0.5143 0.686 0.842 0.5500 0.483 0.828 0.5476 0.560 0.753 0.7000 0.582 0.753 0.7024 0.529 1.023 0.4333 0.682 0.880 0.4200 0.965 0.880 0.5000 0.514 0.861 0.7000 0.576 0.893 0.4545 0.993 0.893 1.0000 0.759 0.732 0.6200 0.967 0.731 0.7703 0.787 0.547 0.3406 0.814 0.547 0.3401 0.738 1.095 0.4333 0.615 0.943 0.4167 0.535 0.865 0.7000 0.849 0.679 0.4202 0.930 0.586 0.7000 0.866 0.571 0.4200 0.875 0.571 0.4202 0.928 0.602 0.7700 0.494 0.450 0.5497 0.845 0.458 0.5000 0.717 1.039 0.4286 0.751 1.039 0.7077 0.859 0.954 0.4214 0.598 0.884 0.7000 0.467 1.102 0.4333 0.783 1.102 0.8571 0.889 1.097 0.5000 0.924 1.097 0.5000 0.741 0.946 0.7000 0.556 0.952 0.7000 0.885 0.634 0.8500 0.833 0.595 1.0000 0.870 0.669 0.6500 0.307 0.476 0.5506
W 5 0 3.80969 -1.62485 -0.52738 0.82284 -0.74809 -0.63953 0.41782 -1.73588 3.57145 -0.75570 -2.62005 -3.40414 -2.49872 -2.00375 -2.66078 -0.70889 -0.06821 -0.22786
W 5 1 1.07291 2.66693 -3.16357 0.90393 -0.09392 0.40174 0.23071 -0.05420 -0.08014 -0.04619 0.82626 1.58213 1.05076 -3.56379 1.28283 0.05871 0.00973 -0.65751
W 5 2 -2.83366 -1.32077 1.29451 -0.20942 0.05716 1.45842 0.64065 0.59289 -1.31248 0.20581 1.88554 1.51430 0.74671 2.06723 2.31706 1.04665 0.09068 1.20058
W 5 3 -2.04894 0.27869 2.39645 -1.51735 0.78485 -1.22062 -1.28919 1.19719 -2.17882 0.59608 -0.09175 0.30771 0.70124 3.50031 -0.93910 -0.39646 -0.03220 -0.31521
S 5 0 0.714 1.100 0.6875 0.843 1.018 0.9848 0.890 0.919 1.0533 0.937 0.877 1.0421 0.023 0.848 0.9733 0.873 0.982 1.1629 0.579 0.933 0.9710 0.725 0.467 0.8292 0.801 1.039 0.9360 0.873 1.102 1.1842 0.686 1.017 0.5411 0.832 0.785 0.7070 0.701 0.906 0.9667
W 6 0 0.92839 -0.47043 -1.14028 -0.35460 0.15278 0.39298 -0.05842 -0.37349 0.27057 0.20258 0.10868 -0.48332 -0.03159 -0.20355 -0.35041 -0.36569 -0.12640 -0.41731
W 6 1 -0.92839 0.47043 1.14028 0.35460 -0.15278 -0.39298 0.05842 0.37349 -0.27057 -0.20258 -0.10868 0.48332 0.03159 0.20355 0.35041 0.36569 0.12640 0.41731
W 6 2 0.00000 0.00000 0.00000 0.00000 0.00000 0.00000 0.00000 0.00000 0.00000 0.00000 0.00000 0.00000 0.00000 0.00000 0.00000 0.00000 0.00000 0.00000
W 6 3 0.00000 0.00000 0.00000 0.00000 0.00000 0.00000 0.00000 0.00000 0.00000 0.00000 0.00000 0.00000 0.00000 0.00000 0.00000 0.00000 0.00000 0.00000
P JuMaKre 0.0279
W 0 0 5.53834 -5.76402 -7.24553 4.15638 -11.95507 2.73502 -3.07086 -0.58355 -4.06706 0.00000 -1.07233 -1.76091 -2.27125 -0.71403 -1.19130 -1.14627 -0.02744 5.84343
W 0 1 -0.30894 4.45714 -6.51020 -7.31621 2.34054 0.19179 -0.73726 1.94379 7.73541 0.00000 0.73209 -4.63990 -0.27919 -0.41113 -0.42120 -0.97795 -1.11640 10.52306
W 0 2 -14.78803 5.28669 3.51017 2.31950 12.77666 -0.94089 2.83032 -1.62998 7.56038 0.00000 0.60330 0.74972 1.07816 0.56941 0.44249 0.36250 0.12763 3.15703
W 0 3 9.55862 -3.97981 10.24556 0.84034 -3.16213 -1.98591 0.97780 0.26974 -11.22873 0.00000 -0.26306 5.65110 1.47227 0.55575 1.17001 1.76171 1.01621 -19.52352
S 0 0 0.670 1.189 1.0000 0.770 1.184 1.0000 0.860 1.033 1.0000 0.710 1.004 1.0000 0.430 1.022 1.0000 0.600 0.876 1.0000 0.970 1.098 1.0000 0.700 0.810 1.0000 0.870 0.777 1.0000 0.650 0.725 1.0000 0.490 0.660 1.0000 0.670 1.050 1.1250 0.770 1.042 1.0000 0.610 0.774 1.1667 0.830 1.040 1.0000 0.560 1.042 1.0000 0.590 0.750 1.0000 0.520 0.682 1.0000 0.740 0.667 1.0000 0.780 1.039 1.0000 0.900 1.036 1.0000 0.410 0.880 1.0000 0.900 0.875 1.0000 0.660 0.869 1.0000 0.380 1.187 1.0000 0.870 1.027 1.0000 0.610 0.782 1.0000 0.970 0.712 1.0000 0.820 1.028 0.8334 0.830 1.031 0.8334 0.750 1.061 1.0000 0.560 0.976 1.1667 0.840 0.871 1.0000 0.990 0.811 1.0000 0.950 0.704 1.0000 0.600 1.182 1.0000 0.740 1.127 1.0000 0.880 1.040 0.8334 0.730 0.887 1.0000 0.940 0.872 0.8334 0.850 0.669 1.1667 0.920 1.024 1.0000 0.910 0.919 1.0000 0.750 0.904 1.0000 0.910 0.695 1.0000 0.630 0.610 1.0000 0.630 0.558 1.0000 0.860 1.103 1.0000 0.680 0.906 1.0000 0.540 0.915 1.0000 0.900 0.758 1.0000 0.880 0.783 1.0000 0.760 0.614 1.0000 0.770 1.045 0.8334 0.880 0.874 1.0000 0.820 0.858 0.8334 0.750 0.676 1.0000 0.750 0.775 1.1667 0.800 0.595 1.0000 0.840 0.701 1.0000 0.620 0.582 1.0000 0.790 0.941 1.0000 0.550 0.896 1.0000 0.520 0.891 1.0000 0.540 0.891 1.0000 0.590 0.793 1.0000 0.800 0.831 1.0000 0.940 0.562 1.0000 0.830 1.185 1.0000 0.480 1.183 1.0000 0.400 1.189 1.0000 0.420 1.189 1.0000 0.720 1.038 1.0000 0.560 0.902 1.0000 0.840 0.706 1.0000 0.800 0.706 1.0000 0.450 1.188 1.0000 0.670 1.036 1.0000 0.980 0.878 1.0000 0.550 0.869 1.0000 0.630 0.734 1.0000 0.520 0.706 1.0000 0.620 1.038 1.0000 0.870 1.030 1.0000 0.420 0.782 1.0000 0.450 1.189 1.0000 0.670 1.189 1.0000 0.950 1.035 1.0000 0.550 1.189 1.0000 0.520 1.189 1.0000 0.590 1.036 1.0000 0.540 1.026 1.0000 0.900 0.881 1.0000 0.960 0.719 1.0000 0.570 0.652 1.0000 0.820 1.051 0.8334 0.620 0.974 1.0000 0.950 0.960 1.0000 0.530 0.725 1.0000 0.910 0.701 1.0000 0.880 0.597 1.0000 0.850 1.188 1.0000 0.680 1.179 1.0000 0.740 1.025 1.0000 0.470 1.034 1.0000 0.950 0.804 1.0000 0.790 0.845 1.0000 0.430 0.666 1.0000 0.400 0.580 1.0000 0.930 0.777 1.0000 0.800 0.590 1.0000 0.820 0.681 1.0000 0.950 0.710 1.0000 0.760 1.102 1.0000 0.630 1.097 1.0000 0.920 0.759 1.0000 0.970 0.798 1.0000 0.880 1.104 1.0000 0.500 1.190 1.0000 0.610 1.170 1.0000 0.450 1.173 1.0000 0.680 1.039 1.0000 0.930 1.032 1.0000 0.770 0.963 1.0000 0.990 0.669 1.0000 0.630 0.950 1.0000 0.830 0.947 1.0000 0.810 0.777 1.0000 0.750 0.764 1.0000 0.660 1.040 0.8334 0.520 0.930 1.0000 0.820 0.945 1.0000 0.980 0.936 1.0000 0.400 0.751 1.0000 0.990 0.761 1.0000 0.830 0.688 1.0000 0.750 0.880 0.8334 0.720 0.800 0.8334 0.690 0.660 1.0000 0.700 0.670 1.0000 0.970 0.670 1.0000 0.620 0.654 1.0000 0.770 0.572 1.0000 0.980 1.094 1.0000 0.870 0.777 1.0000 1.000 0.734 1.1667 0.690 0.723 1.0000 0.800 0.959 1.0000 0.430 0.838 1.0000 0.610 0.820 1.0000 0.450 0.725 1.0000 0.470 1.037 1.0000 0.590 0.861 1.0000 0.730 0.711 1.0000 0.770 0.686 1.0000 0.850 1.040 0.8334 0.950 1.032 0.8334 0.720 1.036 0.8334 0.730 0.905 0.8334 0.670 0.914 0.8334 0.860 0.750 0.8334 1.000 0.857 0.8334 0.940 0.740 0.8334 0.920 0.720 1.0000 0.910 1.190 1.0000 0.560 1.036 1.0000 0.470 1.037 1.0000 0.450 0.878 1.0000 0.720 1.101 1.0000 0.770 1.096 1.0000 0.560 0.931 1.0000 0.670 0.857 1.0000 0.770 0.721 1.0000 0.440 0.773 1.0000 0.470 0.763 1.0000 0.550 0.634 1.0000 0.950 0.640 1.0000 0.750 1.040 1.0000 0.950 1.056 1.0000 0.620 0.778 1.0000 0.750 0.622 1.0000 0.710 0.669 1.0000 0.610 0.586 1.0000 0.660 0.563 1.0000 0.850 1.040 0.8334 0.980 0.708 1.0000 0.770 0.574 0.8334 0.900 0.630 1.1667 0.750 0.559 1.0000 0.940 1.099 1.0000 0.710 0.958 1.0000 0.720 0.978 1.0000 0.620 0.804 1.1667 0.970 0.827 1.0000 0.750 0.834 1.0000 0.790 0.627 1.0000 0.430 1.188 1.0000 0.740 1.187 1.0000 0.530 1.032 1.0000 0.970 0.718 1.0000 0.920 0.718 1.0000 0.810 0.568 1.0000 0.950 1.089 1.0000 0.840 0.937 1.0000 0.790 0.781 1.0000 0.920 0.635 1.0000 0.750 0.567 1.0000 0.910 0.558 1.0000 0.700 0.932 1.0000 0.860 1.189 1.0000 0.760 1.082 1.0000 0.900 0.897 1.0000 0.520 0.788 1.0000 0.430 0.767 1.0000 0.900 0.574 1.0000 0.620 0.651 1.0000 0.830 1.036 0.8334 0.750 0.879 0.8334 0.490 0.666 1.0000 0.800 1.190 1.0000 0.890 1.189 1.0000 0.560 1.035 1.0000 0.750 1.025 1.0000 0.670 0.863 1.0000 0.430 0.869 1.0000 0.540 0.578 1.0000 0.870 1.029 0.8334 0.980 1.040 0.8334 0.720 1.025 0.8334 0.860 0.875 0.8334 0.740 0.879 1.0000 0.710 0.728 1.0000 0.890 1.101 1.0000 0.890 0.947 1.0000 0.970 0.944 1.0000 0.830 0.789 1.0000 0.750 1.020 0.8334 0.770 1.024 0.8334 0.920 0.720 1.0000 0.970 0.674 1.0000 0.750 0.653 1.0000 0.910 0.685 1.0000 0.700 1.103 1.0000 0.740 1.101 1.0000 0.850 0.956 1.0000 0.690 0.782 1.0000 0.570 0.595 1.0000 0.720 1.190 1.0000 0.570 1.187 1.0000 0.560 0.961 1.0000 0.530 0.650 1.0000 0.950 0.687 1.0000 0.520 0.759 1.0000 0.910 0.841 1.0000 0.680 0.703 1.0000 0.820 0.702 1.0000 0.820 1.038 0.8334 0.930 1.011 0.8334 0.890 0.893 0.8334 0.810 0.709 0.8334 0.620 1.096 1.0000 0.870 1.102 1.0000 0.900 0.701 1.0000 0.670 0.717 1.0000 0.830 0.946 0.8334 0.810 0.877 0.8334 0.920 0.944 0.8334 0.550 0.745 1.0000 0.920 1.103 1.0000 0.780 0.802 1.0000 0.710 1.102 1.0000 0.980 1.083 1.0000 0.750 0.962 1.0000 0.920 0.594 1.0000 0.470 0.713 1.0000 0.540 0.737 1.0000 0.570 1.099 1.0000 0.590 0.953 1.1667 0.750 0.963 1.0000 0.860 0.783 1.0000 0.970 0.632 1.0000 0.770 0.575 1.0000 0.830 0.642 1.0000 0.680 0.642 1.0000 0.860 1.040 0.8334 0.810 1.068 1.0000 0.490 0.959 1.0000 0.720 0.833 1.0000 0.430 0.639 1.0000 0.490 0.587 1.0000 0.360 1.181 1.0000 0.960 1.128 1.0000 0.980 1.008 1.0000 0.650 0.650 1.0000 0.800 0.724 1.0000 0.510 0.561 1.0000 0.850 1.189 1.0000 0.750 1.186 1.0000 0.890 1.038 1.0000 0.480 0.869 1.0000 0.750 0.780 1.0000 0.760 0.675 1.0000 0.860 0.594 1.0000 0.670 0.924 1.0000 0.750 1.033 0.8334 0.950 0.907 0.8334 0.930 0.804 0.8334 0.450 0.704 1.0000 0.690 1.098 1.0000 0.850 0.952 1.0000 0.940 0.956 1.0000 0.900 0.958 1.0000 0.760 0.772 1.1667 0.960 0.701 1.0000 0.900 0.752 1.0000 0.770 1.101 1.0000 0.820 0.952 1.0000 0.980 0.652 1.0000 0.910 0.583 1.1494 0.410 1.190 1.0000 0.600 1.189 1.0000 0.890 1.187 1.0000 0.380 0.886 1.0000 0.660 0.884 1.0000 0.680 0.883 1.0000 0.470 0.725 1.0000 0.460 0.574 1.0000 0.780 1.097 1.0000 0.680 0.949 1.0000 1.000 0.587 1.0000 0.540 1.188 1.0000 0.660 1.188 1.0000 0.430 0.985 1.0000 0.620 0.701 1.0000 0.650 0.729 1.0000 0.400 0.717 1.0000 0.750 0.577 1.0000 0.710 1.105 1.1667 0.670 0.954 1.1667 0.840 0.792 1.1667 0.660 0.850 1.0000 0.930 0.884 1.0000 0.930 1.100 1.0000 0.930 0.940 1.0000 0.890 0.890 0.8334 0.920 0.904 0.8334 0.980 1.026 0.8334 0.990 0.833 0.8334 0.700 1.102 1.0000 0.970 1.099 1.1667 0.840 0.940 1.1667 0.710 0.934 1.0000 0.750 0.803 1.0000 0.680 0.589 1.0000 0.810 1.035 0.8334 0.830 0.879 0.8334 0.720 0.718 1.1667 0.900 0.571 1.0000 0.710 0.574 1.0000 0.710 1.039 1.0000 0.700 1.036 1.0000 0.720 0.904 1.0000 0.780 0.785 1.0000 0.430 0.634 1.0000 0.850 0.703 1.0000 0.810 0.826 1.1250 0.970 0.565 0.8334 0.750 0.708 0.8334 0.860 0.653 1.0000 0.780 0.653 1.0000 0.760 1.100 1.0000 0.820 1.008 1.1667 0.980 0.899 1.0000 0.830 1.102 1.0000 0.990 0.949 1.0000 0.710 0.940 1.1667 1.000 0.770 1.1667 0.850 0.617 1.0000 0.800 1.102 1.0000 0.710 1.104 1.0000 0.740 1.092 1.0000 0.940 0.922 1.0000 0.430 0.922 1.0000 0.400 0.558 1.0000 0.820 1.099 1.1667 0.800 0.706 1.1667 0.720 0.659 1.0000 0.620 1.102 1.1667 0.800 1.097 1.0000 0.930 1.123 1.0000 0.960 0.831 1.0000 0.860 1.101 1.1667 0.780 0.940 1.1667 0.970 0.683 1.0000 0.760 1.039 1.0000 0.900 0.975 1.0000 0.910 0.832 1.0000 0.430 0.826 1.0000 0.990 0.666 1.0000 0.780 0.886 0.8334
W 1 0 0.49331 -0.60526 -4.03363 3.72284 -0.34484 0.89824 0.00000 0.49331 0.00000 0.00000 0.49331 0.00000 -1.66183 -1.05312 -0.97784 -0.86296 -0.91962 2.54991
W 1 1 0.00000 0.00000 0.00000 0.00000 0.00000 0.00000 0.00000 0.00000 0.00000 0.00000 0.00000 0.00000 0.00000 0.00000 0.00000 0.00000 0.00000 0.00000
W 1 2 -2.77747 0.63383 4.13895 2.16252 2.93116 -0.10641 0.00000 -2.77747 0.00000 0.00000 -2.77747 0.00000 0.73171 1.26860 0.99362 1.00313 1.45279 1.61765
W 1 3 2.28417 -0.02857 -0.10532 -5.88535 -2.58632 -0.79182 0.00000 2.28417 0.00000 0.00000 2.28417 0.00000 0.93011 -0.21548 -0.01578 -0.14017 -0.53316 -4.16756
S 1 0 0.890 0.589 1.2000 0.930 0.746 1.2000 0.970 0.688 1.2500 0.860 1.018 1.2500 0.940 0.788 1.2500 0.970 1.190 1.2500 0.930 1.190 1.2500 0.860 1.135 1.2500 0.800 1.137 1.2500 0.840 0.985 1.2500 0.980 1.039 1.0000 0.830 0.818 1.1429 0.860 1.190 1.2500 0.930 1.099 1.3333 0.970 0.683 1.0000 0.920 0.778 1.2500 0.860 0.597 1.2500 0.950 0.667 1.2500 0.970 1.036 1.2500 0.900 1.190 1.2500 0.750 1.034 1.2500 0.820 0.883 1.2500 0.990 0.709 1.2500 0.870 1.040 1.1429 0.780 0.702 1.2500 0.830 1.030 1.2500 0.910 0.641 1.2000 0.920 1.099 1.2000 0.990 0.769 1.2000 0.980 0.798 1.2000 1.000 0.793 1.2500 0.820 0.608 1.2500 0.750 0.837 1.2500 0.780 0.644 1.2500 0.870 1.187 1.2500 0.870 0.685 1.2500 0.820 0.638 1.2500 0.760 1.124 1.2500 0.770 0.975 1.2500 0.920 0.983 1.2500 0.950 0.692 1.2500 0.840 0.725 1.2500 0.780 0.736 1.2500 0.980 0.894 1.2000 0.950 1.106 1.2000 0.940 0.851 1.1429 0.890 1.030 1.0000 0.920 1.103 1.2000 0.980 0.831 1.2500 0.850 0.813 1.2500 0.750 0.644 1.2500 0.850 0.650 1.2500
W 2 0 -0.58578 -0.60434 -2.51991 0.28036 -0.34666 2.49533 -0.24117 -0.57822 4.06114 0.26737 0.93023 -2.87478 -1.51304 -1.06855 -1.08777 -1.34800 0.04401 1.55497
W 2 1 2.29078 1.05535 -2.75206 4.21584 -0.34047 -1.35638 0.06686 0.09785 -3.23239 -0.21426 0.18553 2.32279 -1.37579 -0.12589 -0.55853 -0.31179 -0.04830 -0.51125
W 2 2 -5.06090 0.08315 5.27890 -0.15889 0.23294 -0.80469 0.06159 -0.76768 -1.49482 -1.23808 -0.11071 0.54707 2.34862 1.59454 1.81400 1.24370 0.41058 1.32232
W 2 3 3.35590 -0.53416 -0.00694 -4.33731 0.45419 -0.33425 0.11272 1.24805 0.66608 1.18497 -1.00504 0.00492 0.54022 -0.40010 -0.16770 0.41609 -0.40629 -2.36605
S 2 0 0.960 1.099 1.3871 0.970 0.712 1.1875 0.950 0.704 1.1429 0.950 0.937 0.8955 0.960 1.000 1.1875 0.920 1.022 1.1666 0.990 0.709 1.2083 0.970 1.034 1.3000 0.910 0.954 1.2142 0.950 0.681 1.2142 0.990 0.822 1.2142 0.970 1.040 1.2917 0.970 1.039 0.8235 0.990 1.026 1.0833 0.960 1.031 1.0769 0.980 0.949 1.1818 0.970 1.033 1.1111 0.950 1.038 1.3226 0.970 1.048 1.2105 0.910 0.754 1.3000 0.920 1.041 1.2105 0.970 1.102 1.2142 0.980 1.094 1.2857 0.920 0.808 1.2308 0.940 1.110 1.3000 0.980 0.992 1.1428 0.940 1.044 1.2800 0.900 0.870 1.3334 0.980 0.902 1.0833 0.900 1.040 1.1333 0.990 0.894 0.8235 0.940 0.623 1.1818 0.970 0.958 1.2500 0.970 1.028 1.0769 0.950 1.092 1.1666 0.980 0.932 1.2308 0.960 1.075 1.4476 0.950 0.802 1.2500 0.950 0.677 1.3000 0.920 0.676 1.2500 0.920 1.012 1.0769 0.970 0.889 1.0769 0.980 0.874 1.1818 0.980 1.101 0.9048 0.940 0.963 1.3000 0.970 0.902 1.1524 0.960 0.939 1.1818 0.950 0.959 1.3000 0.960 0.895 1.1524 0.970 0.943 1.1666 0.900 0.894 1.2800 0.910 0.941 1.3462 0.970 0.973 1.1364 0.920 1.095 1.2308 0.970 0.965 1.3334 0.960 1.128 1.2500 0.960 0.716 1.2500 0.980 0.584 1.2500 0.950 0.909 0.8000 0.900 0.958 1.1250 1.000 0.910 1.1818 0.960 0.701 1.2000 0.910 0.926 1.0833 0.950 0.750 1.2308 0.950 0.882 1.0625 0.970 0.751 1.1333 0.970 0.744 1.1818 0.950 1.039 1.0769 0.960 1.024 1.0667 0.910 1.102 1.3478 1.000 0.756 1.1818 0.950 0.610 1.1818 0.970 1.012 1.3333 0.920 0.639 1.3000 0.990 0.995 1.1786
W 3 0 -0.04402 -0.56358 -0.81235 1.20410 0.30068 0.87020 0.08046 -1.20427 0.40988 -0.26200 0.31111 -0.41584 -0.28354 -0.10853 -0.57719 -1.32473 -0.23596 1.09853
W 3 1 0.04402 0.56358 0.81235 -1.20410 -0.30068 -0.87020 -0.08046 1.20427 -0.40988 0.26200 -0.31111 0.41584 0.28354 0.10853 0.57719 1.32473 0.23596 -1.09853
W 3 2 0.00000 0.00000 0.00000 0.00000 0.00000 0.00000 0.00000 0.00000 0.00000 0.00000 0.00000 0.00000 0.00000 0.00000 0.00000 0.00000 0.00000 0.00000
W 3 3 0.00000 0.00000 0.00000 0.00000 0.00000 0.00000 0.00000 0.00000 0.00000 0.00000 0.00000 0.00000 0.00000 0.00000 0.00000 0.00000 0.00000 0.00000
W 4 0 3.02822 2.98102 -10.73578 0.39419 -0.44471 1.26716 -1.53735 0.24823 0.00000 -0.18556 -0.16171 0.00000 -0.34275 0.05542 0.13029 -1.34368 0.56705 1.67625
W 4 1 0.00000 0.00000 0.00000 0.00000 0.00000 0.00000 0.00000 0.00000 0.00000 0.00000 0.00000 0.00000 0.00000 0.00000 0.00000 0.00000 0.00000 0.00000
W 4 2 0.66584 -4.33760 6.46403 2.35660 -1.08467 -0.68191 0.19654 0.23276 0.00000 -1.19424 -1.63784 0.00000 -0.16741 0.08067 -0.05360 0.30769 0.44949 0.27499
W 4 3 -3.69406 1.35658 4.27175 -2.75079 1.52938 -0.58525 1.34082 -0.48099 0.00000 1.37980 1.79955 0.00000 0.51016 -0.13609 -0.07669 1.03600 -1.01654 -1.95124
S 4 0 0.709 1.099 0.6000 0.913 1.190 1.0000 0.982 1.189 1.0000 0.776 1.184 0.6000 0.712 1.029 0.6000 0.824 1.004 0.7489 0.309 0.881 0.5000 0.341 0.876 0.5000 0.810 0.884 0.7500 0.769 1.097 0.6000 0.755 0.957 0.5985 0.710 0.950 0.6000 0.597 0.777 0.5000 0.882 0.633 0.7500 0.920 0.633 0.7500 0.667 0.660 0.5000 0.405 1.036 0.4947 0.363 0.797 0.5000 0.694 0.797 0.6000 0.753 0.620 0.6000 0.637 1.034 0.6000 0.943 1.189 0.7500 0.691 1.188 0.6000 0.836 0.710 0.7500 0.637 0.702 0.6000 0.692 1.190 0.6000 0.749 1.038 0.6000 0.459 1.019 0.5500 0.498 0.788 0.5000 0.795 0.807 0.5986 0.213 0.732 0.6000 0.682 0.712 0.5000 0.820 1.004 0.7500 0.703 1.004 0.6000 0.964 1.024 0.7471 0.979 1.024 1.0000 0.818 1.061 0.5981 0.422 0.964 0.5000 0.492 0.976 0.5000 0.824 1.190 0.7429 0.805 1.190 0.7471 0.968 1.135 0.7429 0.799 1.128 0.6000 0.474 0.985 0.5000 0.911 1.003 0.7500 0.952 1.039 1.0000 0.786 1.034 0.7333 0.738 0.796 0.5962 0.646 0.518 0.6000 0.835 1.024 0.7494 0.623 0.676 0.5000 0.817 0.582 0.7500 0.787 1.190 0.5974 0.732 1.100 0.6000 0.674 1.100 0.5985 0.395 1.103 0.4923 0.745 0.751 0.5998 0.496 0.783 0.5000 0.606 1.034 0.5000 0.587 0.683 0.6000 0.812 0.772 0.7500 0.330 0.668 0.5000 0.827 0.692 0.6000 0.608 0.567 0.6000 0.659 0.558 0.5000 0.772 0.891 0.6000 0.685 0.894 0.6000 0.547 0.731 0.5500 0.389 0.798 0.5500 0.536 0.573 0.5500 0.716 0.597 0.6000 0.695 0.657 0.6000 0.690 0.667 0.6000 0.897 1.190 0.7500 0.935 1.185 1.0000 0.769 1.039 0.6000 0.448 1.189 0.5000 0.487 1.035 0.5500 0.929 1.033 1.0000 0.808 0.899 0.6000 0.886 0.866 0.7500 0.937 0.866 0.7500 0.762 1.026 0.6000 0.761 0.873 0.6000 0.727 0.714 0.6000 0.918 0.799 0.7429 0.707 0.782 0.6000 0.417 0.764 0.5500 0.894 0.750 0.7500 0.349 1.190 0.5000 0.489 1.190 0.5000 0.766 1.026 0.6000 0.495 0.883 0.5000 0.734 0.719 0.6000 0.927 0.738 0.7500 0.667 0.713 0.6000 0.752 1.029 0.6000 0.743 0.981 0.5444 0.667 0.975 0.5993 0.558 0.871 0.5500 0.769 0.974 0.6000 0.378 0.971 0.5500 0.843 1.188 0.7400 0.642 1.185 0.6000 0.690 1.181 0.6000 0.893 1.181 0.7500 0.769 1.181 0.5968 0.528 1.025 0.5000 0.703 1.034 0.6000 0.823 0.633 0.7500 0.506 0.661 0.5000 0.432 0.777 0.5000 0.852 0.767 0.7500 0.661 1.099 0.6000 0.389 1.095 0.4923 0.878 0.937 0.7478 0.487 0.759 0.5500 0.955 0.822 0.7500 0.715 1.040 0.5000 0.603 0.995 0.5500 0.832 0.847 0.7474 0.805 1.097 0.6000 0.199 1.102 0.6000 0.758 0.953 0.6000 0.690 1.190 0.6000 0.687 1.190 0.6000 0.736 1.187 0.6000 0.809 1.182 0.6000 0.808 1.182 0.5992 0.833 1.170 0.7500 0.477 1.025 0.5500 0.498 1.035 0.5000 0.673 1.030 0.6000 0.774 0.683 0.7500 0.914 0.583 0.7500 0.508 1.105 0.5000 0.507 0.956 0.5467 0.669 0.759 0.5500 0.667 0.759 0.6000 0.297 0.864 0.5000 0.999 0.744 1.0000 0.647 0.688 0.5000 0.865 1.040 0.7500 0.912 1.031 0.7500 0.474 0.887 0.5000 0.736 0.654 0.6000 0.743 1.094 0.6000 0.892 0.808 0.7500 0.176 0.564 0.6000 0.613 1.038 0.5333 0.865 1.188 0.7500 0.761 0.970 0.7500 0.823 0.838 0.7500 0.887 0.683 0.7500 0.437 0.705 0.5500 0.785 0.861 0.7500 0.534 1.044 0.4986 0.267 0.686 0.6000 0.718 0.579 0.6000 0.701 1.040 0.4974 0.831 0.857 0.7500 0.825 0.894 0.7486 0.669 0.716 0.6000 0.643 1.188 0.6000 0.822 1.102 0.7429 0.913 1.101 1.0000 0.722 1.103 0.6000 0.356 1.096 0.4923 0.791 1.096 0.7442 0.912 0.931 0.7462 0.799 0.721 0.6000 0.833 1.048 0.7200 0.357 0.889 0.5400 0.043 0.735 0.6000 0.760 0.762 0.6000 0.740 0.778 0.6000 0.017 0.573 0.6000 0.683 0.563 0.6000 0.815 0.922 0.6000 0.417 0.872 0.5000 0.494 0.574 0.5500 0.519 0.628 0.5500 0.542 0.561 0.5000 0.893 1.101 0.7481 0.688 1.092 0.6000 0.448 0.681 0.5500 0.624 1.185 0.6000 0.753 0.740 0.6000 0.722 0.726 0.6000 0.876 0.941 0.7455 0.780 0.948 0.6000 0.746 0.950 0.6000 0.944 0.950 0.7500 0.833 0.742 0.7500 0.787 1.073 0.7500 0.840 1.073 0.7500 0.656 0.941 0.6000 0.707 0.802 0.6000 0.677 1.173 0.5481 0.447 1.082 0.5000 0.823 0.888 0.7500 0.545 0.897 0.5000 0.718 0.903 0.6000 0.660 0.954 0.6000 0.538 0.788 0.5000 0.778 0.802 0.7500 0.657 0.737 0.6000 0.415 0.654 0.5500 0.761 0.586 0.6000 0.980 1.030 1.0000 0.644 0.873 0.5500 0.645 0.869 0.5500 0.662 1.029 0.6000 0.922 0.899 0.7400 0.922 0.899 0.7500 0.667 0.798 0.5493 0.688 1.039 0.6000 0.749 0.790 0.6000 0.767 0.783 0.6000 0.745 0.777 0.6000 0.881 1.039 0.7429 0.398 1.033 0.5455 0.813 0.898 0.7500 0.806 0.797 0.7467 0.918 0.797 0.7494 0.037 0.864 0.6000 0.869 0.951 0.7500 0.861 0.793 0.7500 0.658 0.760 0.6000 0.797 0.639 0.7500 0.492 1.190 0.5000 0.806 1.185 0.6000 0.801 1.036 0.6000 0.940 1.036 0.7491 0.600 0.961 0.5500 0.838 0.966 0.7500 0.693 0.814 0.6000 0.813 0.803 0.7500 0.487 0.779 0.5500 0.733 0.705 0.5500 0.787 0.665 0.6000 0.725 0.650 0.6000 0.959 0.633 1.0000 0.468 1.092 0.4923 0.721 0.658 0.5500 0.522 0.841 0.5000 0.727 1.024 0.6000 0.745 0.902 0.5981 0.617 0.893 0.5000 0.622 0.800 0.6000 0.433 0.709 0.5478 0.872 1.097 0.7333 0.536 0.936 0.5400 0.309 0.858 0.5000 0.940 0.690 0.7500 0.675 0.796 0.6000 0.637 0.796 0.5992 0.563 0.788 0.5500 0.862 0.797 0.7500 0.737 1.034 0.5429 0.959 1.045 1.0000 0.662 0.973 0.5483 0.730 0.816 0.6000 0.615 0.713 0.5500 0.470 0.730 0.5500 0.786 0.954 0.6000 0.892 0.872 0.7462 0.926 0.872 0.7500 0.597 0.642 0.5000 0.519 1.095 0.4923 0.835 0.923 0.7492 0.882 0.831 0.7400 0.940 0.679 0.7500 0.792 0.841 0.6000 0.439 0.690 0.5500 0.902 0.716 0.7500 0.862 1.189 0.7400 0.603 1.186 0.5000 0.748 1.034 0.6000 0.738 1.038 0.6000 0.775 1.032 0.6000 0.966 0.878 0.7500 0.705 0.869 0.6000 0.838 0.861 0.6000 0.915 0.861 0.7500 0.629 0.675 0.6000 0.768 0.680 0.6000 0.489 0.638 0.5500 0.481 0.594 0.5000 0.713 0.926 0.6000 0.653 0.926 0.5994 0.468 0.907 0.5000 0.762 0.774 0.6000 0.731 0.774 0.5997 0.814 1.103 0.6000 0.352 1.100 0.5385 0.983 0.910 0.7484 0.535 0.935 0.5462 0.815 0.771 0.7500 0.929 0.722 0.7500 0.556 1.100 0.5455 0.487 0.881 0.5462 0.667 0.750 0.6000 0.978 0.623 1.0000 0.823 0.731 0.7490 0.781 1.038 0.7500 0.527 0.884 0.5500 0.347 1.095 0.5000 0.431 0.973 0.5444 0.908 0.890 0.7500 0.479 0.566 0.5500 0.432 1.188 0.5000 0.522 1.190 0.5400 0.647 0.985 0.6000 0.394 0.991 0.5500 0.867 0.993 0.7500 0.530 0.701 0.5500 0.382 0.721 0.5500 0.617 0.709 0.6000 0.144 0.717 0.6000 0.477 0.735 0.5500 0.455 0.577 0.5000 0.738 0.946 0.5455 0.774 0.792 0.6000 0.365 0.783 0.5000 0.807 0.794 0.7474 0.891 0.888 0.7462 0.708 0.883 0.5455 0.941 1.026 0.7429 0.864 0.886 0.7467 0.770 0.879 0.6000 0.743 1.026 0.6000 0.665 1.102 0.4923 0.772 0.932 0.6000 0.714 0.764 0.6000 0.682 0.803 0.6000 0.840 0.589 0.7500 0.726 0.882 0.6000 0.848 0.866 0.7500 0.674 0.827 0.5974 0.771 0.718 0.6000 0.741 0.718 0.5997 0.302 0.404 0.5000 0.430 0.574 0.5000 0.471 1.188 0.5500 0.870 1.188 0.7381 0.632 1.038 0.5476 0.836 1.037 0.7500 0.970 1.041 0.7474 0.900 0.990 0.7429 0.888 0.893 0.7500 0.926 0.645 0.7500 0.576 0.615 0.5500 0.782 0.622 0.6000 0.802 0.622 0.6000 0.551 1.030 0.5444 0.422 1.030 0.5479 0.763 1.040 0.7429 0.711 1.039 0.6000 0.862 0.704 0.7500 0.759 1.102 0.6000 0.633 1.095 0.5000 0.823 0.991 0.6000 0.501 1.018 0.5000 0.697 1.102 0.6000 0.484 1.098 0.5200 0.323 0.946 0.5000 0.639 0.940 0.6000 0.815 0.735 0.7500 0.755 0.712 0.6000 0.876 1.086 0.7385 0.890 1.086 0.7453 0.505 1.103 0.4941 0.507 1.103 0.5444 0.473 0.932 0.5500 0.823 1.018 0.7444 0.850 1.018 0.5982 0.733 0.850 0.6000 0.737 0.850 0.5985 0.954 0.671 0.7500 0.430 0.528 0.5000 0.456 1.097 0.5000 0.825 1.079 0.7444 0.984 1.079 1.0000 0.797 0.769 0.7500 0.954 0.753 1.0000 0.678 0.739 0.6000 0.715 0.836 0.6000 0.728 0.831 0.6000 0.745 0.537 0.6000 0.993 0.537 1.0000 0.897 1.040 0.7429 0.468 0.824 0.5400 0.954 0.831 1.0000 0.643 0.683 0.5500 0.721 0.669 0.6000 0.765 0.692 0.5985 0.929 0.566 0.7500 0.784 1.046 0.7475 0.737 0.827 0.6000
W 5 0 4.46745 -6.53109 -3.93396 2.41403 -3.64956 1.59232 -0.25132 -0.30217 6.52198 -0.87471 -0.52014 -7.48306 -0.11193 0.28767 -0.19779 -1.46334 -0.60232 0.53069
W 5 1 3.30372 3.67207 -6.63195 0.97109 -0.87878 -1.57261 0.17731 0.08664 -2.13321 0.01867 0.02959 2.98409 1.00363 -0.36585 0.16029 -0.81591 -0.44474 -0.15775
W 5 2 -4.36831 1.20474 5.75796 -0.90777 2.53084 0.55281 0.04048 1.25870 -2.97847 -0.88414 -0.43874 2.26308 -0.70659 -0.15650 -0.38301 0.66166 0.53532 0.34099
W 5 3 -3.40286 1.65427 4.80795 -2.47735 1.99750 -0.57253 0.03354 -1.04316 -1.41030 1.74017 0.92929 2.23589 -0.18511 0.23468 0.42051 1.61758 0.51175 -0.71392
S 5 0 0.876 0.947 0.9333 0.802 0.819 1.0500 0.758 1.182 0.9111 0.758 1.182 0.9894 0.913 1.003 1.0000 0.790 1.024 0.9937 0.948 0.831 1.1077 0.769 1.039 0.9706 0.769 1.039 0.9894 0.877 1.000 0.8385 0.968 0.706 0.9429 0.982 0.706 0.8490 0.926 0.916 1.0204 0.978 1.189 1.0500 0.978 1.189 0.9905 0.804 0.883 1.0564 0.898 0.778 1.0500 0.872 0.873 1.0612 0.988 0.688 1.0727 0.868 1.088 1.0710 0.958 0.916 1.0727 0.818 1.188 1.0727 0.968 0.820 1.0619 0.922 0.696 1.0612 0.841 0.871 0.8606 0.836 0.749 1.0500 0.913 0.619 1.0617 0.862 0.784 0.8488 0.939 1.101 1.0699 0.855 0.812 0.9429 0.924 0.760 0.9166 0.799 1.097 0.8294 0.871 1.040 0.8385 0.952 0.971 0.8195 0.868 0.918 1.0500 0.809 0.710 1.0727 0.792 0.730 1.0719 0.770 0.923 1.0609 0.920 0.791 0.8952 0.850 1.097 1.0500 0.965 0.949 0.8588 0.941 0.975 1.0711 0.829 0.733 1.0727 0.910 1.081 1.0713 0.861 0.991 1.0694 0.783 0.899 1.0699 0.940 1.096 1.1333 0.823 0.937 1.0714 0.850 1.101 1.0707 0.996 1.123 1.0713 0.947 1.026 1.0500 0.980 0.565 1.0489 0.820 0.921 1.0727
W 6 0 0.66723 -0.61657 -1.23530 -0.41698 0.10465 0.57652 -0.29936 -0.69841 0.47862 -0.13552 0.18345 -0.45860 0.16030 -0.24655 -0.41779 -0.38952 0.13218 -0.35060
W 6 1 -0.66723 0.61657 1.23530 0.41698 -0.10465 -0.57652 0.29936 0.69841 -0.47862 0.13552 -0.18345 0.45860 -0.16030 0.24655 0.41779 0.38952 -0.13218 0.35060
W 6 2 0.00000 0.00000 0.00000 0.00000 0.00000 0.00000 0.00000 0.00000 0.00000 0.00000 0.00000 0.00000 0.00000 0.00000 0.00000 0.00000 0.00000 0.00000
W 6 3 0.00000 0.00000 0.00000 0.00000 0.00000 0.00000 0.00000 0.00000 0.00000 0.00000 0.00000 0.00000 0.00000 0.00000 0.00000 0.00000 0.00000 0.00000
P Konstant 0.0123
W 0 0 2.53730 -4.66705 -2.25650 -0.17258 -3.85431 2.29123 -2.29186 -0.44905 -3.04784 0.00000 0.44808 -2.29635 -0.50817 -0.64001 -0.24376 -0.59667 -0.05128 1.35478
W 0 1 0.95049 5.66042 -0.87017 -0.47501 1.16304 0.88042 2.67061 -0.05279 2.70549 0.00000 0.49308 1.65714 -2.54066 0.88063 0.46654 -2.12954 -0.58028 0.90182
W 0 2 -2.94926 0.30983 2.09559 2.93545 0.95113 -2.60053 -0.11749 0.75471 0.77113 0.00000 -0.98537 0.40579 2.82649 -0.29732 -0.49187 2.38541 0.59055 -0.30729
W 0 3 -0.53854 -1.30320 1.03107 -2.28787 1.74014 -0.57113 -0.26126 -0.25287 -0.42879 0.00000 0.04421 0.23342 0.22233 0.05670 0.26909 0.34080 0.04101 -1.94930
W 1 0 1.43870 -0.09649 -2.68538 0.64854 -0.91016 1.54662 0.00000 1.43870 0.00000 0.00000 1.43870 0.00000 -1.72307 -0.05848 -0.67514 -0.62604 -0.13737 0.22847
W 1 1 0.00000 0.00000 0.00000 0.00000 0.00000 0.00000 0.00000 0.00000 0.00000 0.00000 0.00000 0.00000 0.00000 0.00000 0.00000 0.00000 0.00000 0.00000
W 1 2 -0.93617 0.18712 2.53687 1.86652 0.94021 -1.40685 0.00000 -0.93617 0.00000 0.00000 -0.93617 0.00000 1.58266 0.18293 0.62119 0.61873 0.01837 -0.44169
W 1 3 -0.50253 -0.09064 0.14851 -2.51505 -0.03005 -0.13977 0.00000 -0.50253 0.00000 0.00000 -0.50253 0.00000 0.14041 -0.12444 0.05395 0.00731 0.11901 0.21323
W 2 0 0.41333 -1.69140 -2.78196 0.54958 -0.39344 1.68856 0.16802 -0.25328 2.07066 0.39050 0.89125 -0.58426 -1.17122 -0.35847 -0.14127 -0.62382 -0.20519 -0.18269
W 2 1 2.66948 2.16093 -1.14956 2.03269 -0.13108 -1.39224 0.04833 -0.65009 -1.80081 -0.05205 0.36382 1.38889 -1.60350 0.31371 -0.06989 -0.22283 -0.16466 -0.22203
W 2 2 -2.49225 0.03886 3.07952 0.87245 -1.03794 -0.43546 0.04641 0.27732 -0.47806 -0.48458 -0.77285 -0.51349 1.72120 -0.08044 -0.20622 0.03348 -0.45055 1.68661
W 2 3 -0.59056 -0.50840 0.85201 -3.45471 1.56246 0.13913 -0.26276 0.62605 0.20821 0.14613 -0.48222 -0.29113 1.05352 0.12520 0.41737 0.81317 0.82040 -1.28190
W 3 0 0.85848 -0.30203 -0.87032 0.63125 0.01761 0.51589 0.18256 -0.09701 0.91846 -0.59200 0.57791 -0.77520 -0.96275 0.30047 -0.59502 -1.04199 -0.10292 0.29598
W 3 1 -0.85848 0.30203 0.87032 -0.63125 -0.01761 -0.51589 -0.18256 0.09701 -0.91846 0.59200 -0.57791 0.77520 0.96275 -0.30047 0.59502 1.04199 0.10292 -0.29598
W 3 2 0.00000 0.00000 0.00000 0.00000 0.00000 0.00000 0.00000 0.00000 0.00000 0.00000 0.00000 0.00000 0.00000 0.00000 0.00000 0.00000 0.00000 0.00000
W 3 3 0.00000 0.00000 0.00000 0.00000 0.00000 0.00000 0.00000 0.00000 0.00000 0.00000 0.00000 0.00000 0.00000 0.00000 0.00000 0.00000 0.00000 0.00000
W 4 0 5.86934 -0.36567 -9.78356 0.94336 -2.98547 3.67861 -1.07857 0.28992 0.00000 -0.23434 -0.17396 0.00000 -1.02822 -0.77943 -0.67959 -0.97557 -0.02163 1.66711
W 4 1 0.00000 0.00000 0.00000 0.00000 0.00000 0.00000 0.00000 0.00000 0.00000 0.00000 0.00000 0.00000 0.00000 0.00000 0.00000 0.00000 0.00000 0.00000
W 4 2 -2.22337 -0.63325 5.64427 1.47265 2.48479 -1.51377 0.45787 -0.03953 0.00000 -0.38335 -1.06355 0.00000 0.96379 0.06410 -0.61112 -0.18261 -0.58192 -0.86237
W 4 3 -3.64598 0.99892 4.13929 -2.41601 0.50068 -2.16484 0.62070 -0.25040 0.00000 0.61770 1.23751 0.00000 0.06444 0.71533 1.29071 1.15818 0.60355 -0.80474
S 4 0 0.589 1.097 0.4000 0.702 0.938 0.4000 0.656 0.938 0.2222 0.770 0.938 0.7462 0.965 0.753 0.7444 0.982 0.753 0.7500 0.757 0.788 0.7500 0.842 0.628 0.3333 0.955 0.710 0.7500 0.777 1.040 0.7429 0.780 1.013 0.7500 0.730 1.008 0.7500 0.767 1.006 0.7500 0.601 1.009 0.2000 0.672 1.002 0.5000 0.635 0.999 0.5000 0.769 0.869 0.7500 0.892 0.849 0.7500 0.667 0.827 0.5000 0.723 0.827 0.7500 0.907 0.806 0.7500 0.633 0.722 0.5000 0.627 0.713 0.5000 0.721 0.721 0.5000 0.762 0.735 0.7500 0.897 0.690 0.7500 0.766 0.681 0.7500 0.745 0.681 0.7500 0.743 0.578 0.7500 0.750 1.038 0.7467 0.864 1.046 0.1000 0.824 1.041 0.0769 0.997 1.041 0.7500 0.659 0.864 0.1333 0.806 0.886 0.2857 0.718 0.855 0.1818 0.808 0.855 0.7467 0.745 0.769 0.7500 0.737 0.769 0.7494 0.860 0.525 0.7500 0.832 0.560 0.7500 0.858 0.395 0.7500 0.848 0.497 0.1538 0.762 0.593 0.1538 0.807 0.593 0.1053 0.981 0.593 0.7500 0.618 0.610 0.2222 0.813 0.592 0.7500 0.647 0.018 0.4000 0.715 0.380 0.7500 0.781 0.398 0.7500 0.718 1.101 0.4000 0.615 1.034 0.3333 0.885 1.037 0.7429 0.941 1.037 0.7471 0.925 1.042 0.7429 0.723 0.848 0.3333 0.703 1.038 0.1538 0.752 1.038 0.7412 0.693 1.038 0.0474 0.797 1.034 0.7333 0.689 1.029 0.0346 0.795 0.707 0.3333 0.688 0.639 0.1818 0.965 0.639 0.7467 0.588 0.690 0.4000 0.583 0.690 0.2222 0.847 0.447 0.7500 0.969 0.263 0.7500 0.743 0.290 0.7500 0.738 1.040 0.2857 0.967 0.740 0.7429 0.585 0.757 0.1299 0.597 0.955 0.1515 0.634 0.689 0.1818 0.614 0.689 0.1333 0.898 1.039 0.7455 0.597 1.039 0.1818 0.760 1.038 0.7333 0.641 1.038 0.1351 0.732 1.004 0.7487 0.773 1.004 0.7495 0.833 0.640 0.7500 0.649 0.652 0.3333 0.769 0.682 0.7455 0.674 0.736 0.4000 0.690 0.746 0.0654 0.712 0.678 0.7500 0.725 0.466 0.4000 0.694 0.501 0.3333 0.862 0.501 0.7500 0.596 0.558 0.4000 0.683 0.581 0.4000 0.604 0.603 0.3333 0.660 0.640 0.4000 0.625 0.506 0.1818 0.660 0.585 0.4000 0.677 0.592 0.3333 0.667 0.392 0.2273 0.787 0.431 0.7500
W 5 0 2.78171 -6.58724 -3.04713 0.62470 -4.12335 3.14586 -0.95073 0.13358 6.50957 -0.26435 0.37675 -5.06561 -0.82146 0.07962 -0.00802 -0.40646 -0.20827 0.23242
W 5 1 2.44188 4.40571 -4.82150 1.40017 0.80091 -0.04902 -0.10695 -0.38518 -2.30641 -0.10092 0.51575 1.94091 -0.27357 -0.11966 0.27501 -2.15812 0.67867 -0.48152
W 5 2 -2.94574 1.56113 5.14281 0.17253 2.96507 -1.74067 0.49489 -0.46050 -2.97082 -1.11736 0.73975 1.91479 0.87491 -0.31268 -0.27980 0.37414 -1.15867 1.12959
W 5 3 -2.27785 0.62040 2.72582 -2.19739 0.35737 -1.35617 0.56279 0.71210 -1.23234 1.48263 -1.63224 1.20992 0.22012 0.35272 0.01281 2.19045 0.68826 -0.88049
S 5 0 0.770 0.938 0.3746 0.770 0.938 0.4332 0.935 0.614 1.2727 0.776 0.628 0.5454 0.702 0.696 0.5454 0.711 1.040 0.5446 0.740 0.864 0.3636 0.896 0.808 1.2727 0.817 1.101 1.2727 0.817 1.101 1.2857 0.751 1.020 0.6316 0.751 1.020 0.5260 0.753 1.029 0.5454 0.815 0.652 1.2727 0.676 0.938 0.2248 0.711 1.004 0.5454 0.730 0.746 0.5454
W 6 0 1.22763 -0.45881 -1.22973 -0.02033 0.25990 0.51904 -0.03496 -0.28727 0.73939 0.21800 0.20097 -0.27714 -0.36428 -0.30170 -0.31150 -0.36569 -0.23972 -0.08081
W 6 1 -1.22763 0.45881 1.22973 0.02033 -0.25990 -0.51904 0.03496 0.28727 -0.73939 -0.21800 -0.20097 0.27714 0.36428 0.30170 0.31150 0.36569 0.23972 0.08081
W 6 2 0.00000 0.00000 0.00000 0.00000 0.00000 0.00000 0.00000 0.00000 0.00000 0.00000 0.00000 0.00000 0.00000 0.00000 0.00000 0.00000 0.00000 0.00000
W 6 3 0.00000 0.00000 0.00000 0.00000 0.00000 0.00000 0.00000 0.00000 0.00000 0.00000 0.00000 0.00000 0.00000 0.00000 0.00000 0.00000 0.00000 0.00000
P M_C 0.0100
W 0 0 2.27540 0.37971 -1.61716 4.96628 -3.67275 1.52081 0.66509 -0.44905 -5.67627 0.00000 -0.24725 4.07030 -1.18243 -0.91998 0.96645 -1.93422 1.21303 -1.09691
W 0 1 1.52390 0.99193 -0.52266 -4.69863 2.30960 -0.06885 1.07923 -0.05279 5.25681 0.00000 0.64258 -4.19485 -1.01786 0.08758 0.12722 -0.60437 -1.00662 6.19539
W 0 2 -2.90027 -0.73178 0.45336 1.67446 -1.07586 -1.14681 -0.76954 0.75471 0.78863 0.00000 -0.14768 -0.02342 0.16393 -0.30450 -0.14963 -0.18595 -0.93494 -0.81720
W 0 3 -0.89903 -0.63986 1.68646 -1.94211 2.43902 -0.30515 -0.97478 -0.25287 -0.36917 0.00000 -0.24765 0.14797 2.03636 1.13690 -0.94405 2.72453 0.72853 -4.28128
W 1 0 0.85414 -0.54444 -2.67463 1.15846 -0.90869 0.77492 0.00000 0.85414 0.00000 0.00000 0.85414 0.00000 -0.04920 -0.36563 -0.02990 -1.81747 0.83975 0.43070
W 1 1 0.00000 0.00000 0.00000 0.00000 0.00000 0.00000 0.00000 0.00000 0.00000 0.00000 0.00000 0.00000 0.00000 0.00000 0.00000 0.00000 0.00000 0.00000
W 1 2 -1.09308 0.08076 2.12673 2.18709 1.46250 -0.03564 0.00000 -1.09308 0.00000 0.00000 -1.09308 0.00000 0.40289 -0.67417 -0.26454 0.38473 0.28198 0.50140
W 1 3 0.23895 0.46369 0.54791 -3.34554 -0.55380 -0.73929 0.00000 0.23895 0.00000 0.00000 0.23895 0.00000 -0.35368 1.03980 0.29445 1.43274 -1.12173 -0.93209
S 1 0 0.570 1.103 0.8800 1.000 0.681 1.6250 0.950 1.037 1.9750 0.890 1.034 0.9750 0.900 1.185 1.0000 0.620 1.027 1.2250 0.920 0.812 1.1875 0.810 0.878 0.7167 0.910 0.746 0.6571 0.970 0.990 0.6667 0.570 0.547 1.0250 0.970 0.969 2.2000 0.950 0.905 1.0143 0.900 0.945 0.5714
W 2 0 1.49290 -0.91943 -2.96212 1.51312 0.49459 2.58976 -0.72913 -0.39511 1.77307 0.62351 -0.34944 -0.47585 -1.43534 -0.78987 -0.93476 -1.30450 -0.11390 -0.39673
W 2 1 1.29458 1.26121 -0.77953 1.75881 -0.25132 -1.19704 0.21590 -0.08231 -1.88401 -0.06391 -0.06290 0.95088 0.45460 0.32615 -0.10977 0.32168 0.31095 1.09374
W 2 2 -2.99813 -0.44197 2.71221 0.14622 -1.78414 -0.43277 -0.70868 -0.04704 0.12511 -0.54420 0.07466 0.31051 0.41252 -0.36669 0.65793 1.38599 -0.35560 0.86943
W 2 3 0.21065 0.10019 1.02944 -3.41815 1.54086 -0.95994 1.22190 0.52445 -0.01417 -0.01540 0.33768 -0.78554 0.56821 0.83042 0.38660 -0.40317 0.15856 -1.56644
W 3 0 0.58546 -0.16387 -0.56610 1.34854 0.40137 0.76936 0.77472 -0.60742 0.38736 -0.22931 -0.04381 -0.78808 -0.65096 -0.20482 -0.83340 -0.98392 -0.06544 0.71608
W 3 1 -0.58546 0.16387 0.56610 -1.34854 -0.40137 -0.76936 -0.77472 0.60742 -0.38736 0.22931 0.04381 0.78808 0.65096 0.20482 0.83340 0.98392 0.06544 -0.71608
W 3 2 0.00000 0.00000 0.00000 0.00000 0.00000 0.00000 0.00000 0.00000 0.00000 0.00000 0.00000 0.00000 0.00000 0.00000 0.00000 0.00000 0.00000 0.00000
W 3 3 0.00000 0.00000 0.00000 0.00000 0.00000 0.00000 0.00000 0.00000 0.00000 0.00000 0.00000 0.00000 0.00000 0.00000 0.00000 0.00000 0.00000 0.00000
W 4 0 1.09795 1.18627 -7.91259 0.00150 0.77542 1.61531 0.20611 -0.45026 0.00000 0.08926 0.10686 0.00000 0.46798 0.80441 -0.75556 -1.98869 0.91416 1.13231
W 4 1 0.00000 0.00000 0.00000 0.00000 0.00000 0.00000 0.00000 0.00000 0.00000 0.00000 0.00000 0.00000 0.00000 0.00000 0.00000 0.00000 0.00000 0.00000
W 4 2 0.64955 -2.78299 4.01089 2.13330 -1.56153 -1.39540 -0.48338 0.41843 0.00000 -1.44539 -1.41103 0.00000 1.30165 0.38429 1.40401 0.16661 -0.28503 0.73767
W 4 3 -1.74751 1.59672 3.90170 -2.13480 0.78611 -0.21991 0.27727 0.03183 0.00000 1.35613 1.30417 0.00000 -1.76963 -1.18870 -0.64846 1.82208 -0.62913 -1.86998
S 4 0 0.545 1.039 0.3538 0.722 0.871 0.3765 0.638 0.871 0.3926 0.891 0.871 1.5883 0.684 0.860 0.3882 0.622 0.860 0.3113 0.338 0.825 0.3333 0.802 0.848 0.9412 0.666 0.754 0.9367 0.664 0.596 0.3781 0.532 0.596 0.3861 0.282 0.472 0.4000 0.200 0.472 0.3583 0.682 1.031 0.3692 0.918 0.877 1.0917 0.487 0.721 0.3391 0.502 0.760 0.3962 0.522 0.773 0.3808 0.448 0.793 0.3500 0.393 0.793 0.3556 0.556 0.640 0.3825 0.577 0.640 0.3357 0.640 0.666 0.3900 0.380 1.102 0.4000 0.412 1.101 1.0615 0.238 1.101 0.3153 0.089 1.101 0.3172 0.380 1.078 0.9600 0.974 1.078 1.1233 0.684 1.099 1.0000 0.379 1.097 0.5000 0.518 0.947 0.5000 0.463 0.943 0.5000 0.502 0.939 0.5000 0.571 0.935 0.5000 0.544 0.930 0.5000 0.800 0.775 1.0750 0.455 0.775 0.5000 0.823 0.778 1.0750 0.840 0.648 1.0813 0.796 0.505 1.0594 0.688 0.535 0.9938 0.637 0.494 0.5000 0.517 0.526 0.5000 0.671 0.402 2.1531 0.246 1.102 1.0800 0.573 1.101 1.0800 0.652 1.105 1.0286 0.301 1.103 0.3333 0.982 1.092 2.1273 0.590 0.933 1.0000 0.388 0.950 0.3333 0.228 0.950 0.3500 0.660 0.927 1.1273 0.372 0.947 0.3333 0.377 0.694 0.4000 0.406 0.694 0.3722 0.259 0.779 0.3286 0.309 0.779 0.3621 0.316 0.834 0.3600 0.339 0.834 0.3178 0.534 0.876 1.0667 0.636 0.719 1.0214 0.407 0.719 0.3972 0.610 0.739 0.3182 0.297 0.574 0.5000 0.544 0.540 0.3225 0.198 0.440 0.3688 0.264 0.440 0.3655 0.652 1.039 0.3333 0.483 1.039 0.3829 0.718 1.046 1.0000 0.778 0.570 1.1125 0.427 0.625 0.3714 0.412 0.625 0.3607 0.312 0.932 0.4000 0.158 0.932 0.3556 0.662 0.940 0.3963 0.745 0.940 0.9050 0.657 0.940 0.6390 0.627 0.871 0.3240 0.299 0.895 0.3333 0.597 0.890 1.0091 0.640 0.748 0.9435 0.813 0.792 1.1097 0.832 0.711 1.1273 0.921 0.513 1.1000 0.663 0.536 0.3510 0.677 0.215 0.3931 0.772 0.890 0.9462 0.671 0.863 0.3895 0.733 0.664 0.9118 0.732 0.508 0.9750 0.452 0.701 0.4000 0.458 0.509 0.3806 0.755 0.463 0.9925 0.573 0.985 0.3619 0.746 0.957 0.3750 0.626 1.020 0.3619 0.471 0.878 0.3396 0.414 0.878 0.4787 0.827 0.780 1.0950 0.822 0.640 0.9000 0.773 0.438 0.3667 0.746 0.438 0.3245 0.394 1.031 0.9800 0.464 1.033 0.3760 0.297 1.033 0.3425 0.257 1.033 0.3171 0.562 0.975 0.9000 0.443 0.393 0.3500 0.202 0.541 0.3667 0.398 1.039 0.3667 0.354 1.039 0.3077 0.855 1.020 1.0727 0.784 1.022 1.0000 0.547 1.025 0.3333 0.333 1.025 0.3200 0.659 0.868 0.9333 0.489 0.868 0.3779 0.848 0.838 0.9667 0.533 0.847 0.3158 0.499 0.847 0.3774 0.607 0.877 0.9000 0.511 0.877 0.3095 0.497 0.877 0.3456 0.223 0.746 0.3417 0.133 0.746 0.3317 0.004 0.746 0.3988 0.278 0.796 0.3667 0.631 0.706 1.0000 0.341 0.818 0.3226 0.303 0.818 0.3762 0.231 0.461 0.5000 0.958 0.433 0.9125 0.677 0.401 1.0000 0.307 0.418 0.5000 0.699 0.418 0.9313 0.463 0.364 0.5000 0.253 0.297 0.5000 0.351 0.192 0.5000 0.187 1.190 0.5000 0.192 1.190 0.3750 0.302 1.189 0.3800 0.657 1.183 0.3200 0.919 1.183 2.4878 0.777 1.177 1.0000 0.756 1.023 1.0400 0.577 1.030 0.3700 0.641 1.035 0.5000 0.573 1.038 0.3068 0.646 1.038 0.3803 0.543 0.774 0.5000 0.498 0.780 0.5000 0.512 0.786 0.5000 0.719 0.786 0.9125 0.858 1.190 0.9500 0.276 1.189 0.5000 0.342 1.189 0.5000 0.315 1.190 0.5000 0.358 1.190 0.3250 0.463 1.187 0.5000 0.691 1.184 0.5000 0.409 1.185 0.5000 0.805 1.024 1.0800 0.230 1.021 0.5000 0.292 1.032 0.5000 0.558 1.028 0.3300 0.523 1.028 0.3554 0.888 0.876 1.1000 0.992 0.876 0.9961 0.990 0.876 2.2350 0.388 0.866 0.5000 0.762 0.866 0.9812 0.714 0.866 2.2257 0.372 0.841 0.5000 0.818 0.858 1.0875 0.734 0.858 1.0669 0.795 0.858 2.3769 0.491 0.686 0.5000 0.379 0.677 0.5000 0.785 0.577 0.5000 0.703 0.577 0.3492 0.579 0.435 0.5000 0.871 0.546 1.0312 0.895 0.546 1.0102 0.336 0.413 0.5000 0.565 1.039 0.3467 0.302 0.852 0.3500 0.736 0.852 1.1373 0.746 0.852 2.3144 0.582 0.878 0.3493 0.366 0.505 0.3536 0.504 0.294 0.3812 0.184 1.040 0.3833 0.487 1.042 0.3625 0.401 1.038 0.3221 0.807 0.920 1.1333 0.594 0.693 0.3441 0.613 1.190 0.3750 0.212 1.182 0.3200 0.084 1.182 0.3415 0.817 1.176 0.9000 0.791 1.176 0.5000 0.756 1.176 1.1250 0.596 1.179 0.5000 0.860 1.180 1.0200 0.529 1.029 0.5000 0.523 1.033 0.3295 0.499 1.033 0.3973 0.735 1.033 0.3200 0.706 1.033 0.3989 0.977 1.102 0.9667 0.984 1.102 2.0550 0.885 1.099 1.0667 0.924 1.078 1.0213 0.972 1.078 2.4965 0.522 1.101 0.3333 0.630 1.101 0.3788 0.719 1.101 0.3188 0.823 0.987 0.9200 0.732 0.763 0.9643 0.676 0.999 0.3833 0.615 0.743 0.3774 0.861 0.743 2.2742 0.423 1.003 0.3500 0.912 1.003 1.0980 0.837 1.009 1.0500 0.797 1.009 0.9677 0.693 1.009 2.1410 0.752 0.845 2.2917 0.707 0.841 0.3333 0.700 0.839 0.3667 0.407 0.710 0.3350 0.281 0.667 0.5000 0.682 0.640 0.5000 0.835 0.556 1.0031 0.812 0.985 1.0600 0.753 0.985 1.1218 0.477 0.966 1.1250 0.641 0.963 1.0900 0.547 0.967 1.0250 0.234 0.964 0.3200 0.272 0.964 0.3537 0.527 0.836 0.3750 0.657 0.836 0.3914 0.635 0.836 0.3141 0.327 0.767 0.5000 0.364 0.761 0.3750 0.398 0.761 0.3456 0.563 0.865 0.3409 0.489 0.829 0.5000 0.488 0.829 0.3875 0.847 1.040 0.8857 0.752 1.041 1.1169 0.576 1.040 0.3300 0.416 1.040 0.3795 0.802 1.040 1.1333 0.489 1.051 0.3247 0.579 0.914 0.3429 0.591 0.884 1.0169 0.808 0.917 0.9848 0.532 0.926 0.3875 0.325 0.862 0.3699 0.678 0.862 0.3890 0.522 0.837 0.3533 0.421 0.837 0.3203 0.515 0.594 0.3062 0.385 0.540 0.4000 0.402 0.540 0.3667 0.357 0.449 0.4000 0.787 0.462 0.9750 0.633 0.592 0.5000 0.587 0.419 1.0781 0.375 0.419 0.3525
W 5 0 3.53705 -5.66988 -2.45973 1.46360 -3.20707 2.79114 0.84146 -0.67793 6.22840 -0.74567 0.46981 -4.74268 0.12739 -1.34936 -0.69136 -0.60539 -0.75721 -0.47065
W 5 1 2.17922 4.31370 -4.58910 0.77438 0.17555 -0.40754 -1.13923 0.22170 -1.92232 -0.45901 0.09098 1.87068 0.61260 -0.75461 0.11364 -1.71045 -0.06975 -0.12068
W 5 2 -3.03959 1.02157 4.53769 -0.66276 1.90842 -1.31674 0.25859 -0.46742 -2.79812 0.84463 0.68261 1.81352 -0.29746 0.90414 1.48165 1.16519 1.03223 0.00094
W 5 3 -2.67668 0.33460 2.51114 -1.57522 1.12310 -1.06686 0.03918 0.92365 -1.50796 0.36004 -1.24340 1.05847 -0.44253 1.19983 -0.90392 1.15065 -0.20527 0.59039
S 5 0 0.974 1.078 0.9982 0.849 1.034 0.7968 0.796 1.032 0.6172 0.824 1.036 0.6500 0.815 0.657 0.6886 0.826 0.657 0.6902 0.881 1.036 1.0128 0.794 0.715 0.8584 0.863 0.669 0.7234 0.859 1.187 0.6979 0.804 1.183 0.8636 0.815 0.635 0.6363 0.762 0.635 0.7164 0.707 0.858 0.5750 0.982 1.102 1.1484 0.752 1.041 0.7305
W 6 0 1.19811 -0.43042 -1.17652 -0.10402 0.25111 0.46537 0.04460 -0.21362 0.67046 0.20577 0.23548 -0.30561 -0.33664 0.11137 -0.17607 -0.54131 0.07868 -0.20600
W 6 1 -1.19811 0.43042 1.17652 0.10402 -0.25111 -0.46537 -0.04460 0.21362 -0.67046 -0.20577 -0.23548 0.30561 0.33664 -0.11137 0.17607 0.54131 -0.07868 0.20600
W 6 2 0.00000 0.00000 0.00000 0.00000 0.00000 0.00000 0.00000 0.00000 0.00000 0.00000 0.00000 0.00000 0.00000 0.00000 0.00000 0.00000 0.00000 0.00000
W 6 3 0.00000 0.00000 0.00000 0.00000 0.00000 0.00000 0.00000 0.00000 0.00000 0.00000 0.00000 0.00000 0.00000 0.00000 0.00000 0.00000 0.00000 0.00000
P MaxFerrer 0.0145
W 0 0 3.53913 0.02227 -2.57559 4.20419 1.28402 0.90363 1.09455 -2.94489 -3.51274 0.00000 -1.19778 -1.41018 -1.58184 -0.25590 -0.70712 -0.71304 0.91952 -5.03896
W 0 1 -1.64783 0.67930 -1.52070 -1.77615 -0.79203 -1.04648 -0.65041 -0.27352 -1.47876 0.00000 -0.04451 -0.10144 -0.15490 -0.29294 -0.20231 -0.11012 -0.42559 0.45903
W 0 2 -8.04300 -2.35580 -2.18798 6.93557 3.33516 -0.72871 0.46441 8.51524 3.01846 0.00000 0.07105 2.08524 -0.69578 0.16065 0.49325 0.09757 -1.19004 8.39132
W 0 3 6.15170 1.65422 6.28427 -9.36361 -3.82714 0.87156 -0.90855 -5.29683 1.97304 0.00000 1.17123 -0.57362 2.43252 0.38819 0.41618 0.72559 0.69611 -3.81139
S 0 1 0.750 1.040 2.0001 0.840 1.035 2.0000 0.430 1.040 2.0001 0.080 1.036 2.0000 0.930 0.899 2.0000 0.550 0.886 2.0000 0.760 0.897 2.0001 0.870 0.904 2.0001 0.880 1.190 2.0000 0.790 1.183 2.0000 0.940 1.178 2.0000 0.190 1.185 2.0000 0.850 1.028 2.0000 0.160 1.039 2.0000 0.280 1.036 2.0000 0.400 0.885 2.0000 0.860 0.877 2.0000 0.590 0.877 2.0000 0.520 1.101 2.0000 0.220 1.101 2.0000 0.670 1.100 2.0000 0.650 1.097 2.0000 0.070 0.944 2.0000 0.720 0.939 2.0000 0.140 0.949 2.0000 0.310 0.955 2.0000 0.850 0.787 2.0000 0.110 1.041 2.0000 0.490 1.040 2.0000 0.710 0.913 2.0000 0.180 1.101 2.0000 0.370 1.101 2.0000 0.180 0.088 2.0001 0.450 0.786 2.0000 0.620 0.774 2.0000 0.720 0.764 2.0000 0.630 1.099 2.0000 0.510 1.094 2.0000 0.820 1.099 2.0000 0.790 1.073 2.0000 0.270 0.926 2.0000 0.350 0.919 2.0000 0.130 0.935 2.0000 0.690 0.943 2.0000 0.920 0.788 2.0000 0.050 0.807 2.0000 0.670 0.796 2.0000 0.490 0.796 2.0000 0.470 1.039 2.0001 0.430 1.037 2.0000 0.710 1.034 2.0001 0.770 1.031 2.0000 0.080 0.887 2.0000 0.240 0.882 2.0000 0.460 0.866 2.0001 0.170 1.035 2.0000 0.380 1.028 2.0000 0.760 0.975 2.0000 0.200 1.042 2.0000 0.000 0.894 2.0000 0.820 0.805 2.0000 0.700 0.893 2.0000 0.610 1.040 2.0000 0.080 1.039 2.0000 0.490 1.043 2.0000 0.050 1.039 2.0000 0.270 0.889 2.0000 0.050 0.867 2.0000 0.220 0.863 2.0000 0.480 0.853 2.0000 0.460 0.844 2.0000 0.950 0.853 2.0000 0.530 1.028 2.0000 0.850 1.017 2.0000 0.550 0.871 2.0000 0.940 0.886 2.0000 0.790 0.938 2.0000 0.520 0.932 2.0000 0.760 0.875 2.0000 0.720 0.776 2.0000 0.450 0.773 2.0000 0.940 0.757 2.0000 0.250 1.097 2.0000 0.580 1.100 2.0000 0.040 1.102 2.0000 0.960 0.953 2.0000 0.220 0.954 2.0000 0.720 0.795 2.0000 0.010 0.791 2.0000 0.290 0.875 2.0000 0.680 1.054 2.0000 0.540 1.053 2.0000 0.850 1.041 2.0000 0.650 0.885 2.0000 0.490 0.873 2.0000 0.470 0.864 2.0001 0.710 1.028 2.0001 0.860 1.023 2.0000 0.850 1.033 2.0000 0.230 1.048 2.0000 0.140 0.899 2.0001 0.280 0.896 2.0000 0.840 0.905 2.0000 0.590 0.905 2.0001 0.170 1.039 2.0001 0.020 1.029 2.0000 0.190 1.028 2.0000 0.360 0.869 2.0000 0.220 0.869 2.0000 0.480 0.767 2.0000 0.540 0.770 2.0000 0.330 1.040 2.0001 0.920 1.035 2.0000 0.130 1.051 2.0001 0.070 1.046 2.0000 0.870 1.101 2.0000 0.050 1.101 2.0000 0.930 0.944 2.0000 0.580 0.936 2.0000 0.230 0.807 2.0000 0.750 1.036 2.0000 0.190 1.040 2.0001 0.550 1.037 2.0001 0.900 1.039 2.0001 0.670 1.035 2.0001 0.020 1.052 2.0001 0.910 0.899 2.0001 0.280 0.912 2.0000 0.170 0.914 2.0001 0.560 0.906 2.0000 0.470 1.028 2.0000 0.100 1.032 2.0000 0.940 0.985 2.0000 0.240 0.838 2.0000 0.600 0.831 2.0000 0.680 0.849 2.0000 0.890 1.035 2.0000 0.290 1.065 2.0000 0.190 1.082 2.0000 0.650 0.960 2.0000 0.340 0.987 2.0000 0.200 1.101 2.0000 0.890 1.100 2.0000 0.220 1.102 2.0000 0.630 1.095 2.0000 0.680 0.940 2.0000 0.030 0.938 2.0000 0.070 0.929 2.0000 0.860 0.805 2.0000 0.950 0.758 2.0000 0.300 0.807 2.0000 1.000 1.102 2.0000 0.990 1.102 2.0000 0.670 1.109 2.0000 0.740 0.943 2.0000 0.250 0.956 2.0000 0.630 0.940 2.0000 0.930 0.941 2.0000 0.340 1.190 2.0000 0.560 1.189 2.0000 0.290 1.185 2.0000 0.860 1.190 2.0000 0.110 1.036 2.0000 0.110 1.032 2.0000 0.620 1.036 2.0000 0.740 0.857 2.0000 0.740 0.881 2.0000 0.690 0.867 2.0000 0.050 1.098 2.0000 0.860 1.097 2.0000 0.950 1.105 2.0000 0.190 0.951 2.0000 0.750 0.928 2.0000 0.400 0.948 2.0000 0.390 0.945 2.0000 0.770 0.792 2.0000 0.560 0.808 2.0000 0.190 1.039 2.0000 0.430 1.039 2.0000 0.410 1.030 2.0000 0.060 0.908 2.0000 0.860 0.894 2.0000 0.450 1.047 2.0000 0.180 0.904 2.0000 0.900 0.943 2.0000 0.850 0.783 2.0000 0.370 1.042 2.0000 0.620 1.042 2.0000 0.510 0.846 2.0000 0.890 0.903 2.0000 0.390 0.896 2.0000 0.450 0.805 2.0000 0.620 0.882 2.0000 0.870 0.875 2.0000 0.830 0.849 2.0000 0.360 1.184 2.0000 0.180 1.186 2.0000 0.190 1.169 2.0000 0.180 1.008 2.0000 0.520 1.015 2.0000 0.670 1.018 2.0000 0.120 0.858 2.0000 0.140 0.884 2.0000 0.540 0.804 2.0000 0.570 0.766 2.0000 0.290 1.187 2.0000 0.940 1.106 2.0000 0.550 1.106 2.0000 0.430 0.946 2.0000 0.520 0.956 2.0000 0.670 0.851 2.0000 0.300 0.844 2.0000 0.720 1.190 2.0000 0.390 1.187 2.0000 0.190 1.183 2.0000 0.430 1.039 2.0000 0.870 1.025 2.0000 0.430 1.190 2.0000 0.490 1.190 2.0000 0.520 1.188 2.0000 0.950 1.040 2.0000 0.480 1.028 2.0000 0.990 1.021 2.0000 0.140 0.881 2.0000 0.050 0.888 2.0000 0.510 0.840 2.0000 0.480 0.863 2.0000 0.980 1.032 2.0000 0.640 1.041 2.0000 0.370 1.039 2.0000 0.430 1.040 2.0001 0.430 1.032 2.0001 0.020 1.028 2.0000 0.850 0.862 2.0000 0.120 1.040 2.0000 0.720 1.041 2.0001 0.300 1.040 2.0000 0.490 1.037 2.0000 0.840 0.882 2.0000 0.660 0.878 2.0000 0.880 0.882 2.0000 0.770 0.882 2.0000 0.350 0.886 2.0000 0.200 0.879 2.0000 0.220 1.039 2.0000 0.180 1.042 2.0000 0.200 1.042 2.0000 0.470 1.047 2.0000 0.080 0.939 2.0000 0.900 0.943 2.0000 0.230 1.035 2.0000 0.200 1.033 2.0001 0.180 1.039 2.0000 0.640 0.876 2.0000 0.750 0.876 2.0000 0.240 1.039 2.0000 0.980 1.039 2.0000 0.860 1.034 2.0000 0.410 1.030 2.0000 0.610 0.875 2.0000 0.610 0.895 2.0000 0.110 0.902 2.0000 0.670 1.038 2.0000 0.680 1.028 2.0000 0.560 1.040 2.0001 0.380 1.043 2.0000 0.720 0.891 2.0000 0.940 0.910 2.0000 0.360 0.900 2.0000 0.240 0.867 2.0000 0.430 1.101 2.0000 0.690 1.099 2.0000 0.790 1.094 2.0000 0.100 1.099 2.0000 0.830 0.941 2.0000 0.040 0.950 2.0000 0.750 0.772 2.0000 0.360 0.759 2.0000 0.940 1.038 2.0000 0.770 1.033 2.0000 0.080 0.878 2.0000 0.760 0.898 2.0000 0.820 0.889 2.0000 0.530 1.102 2.0000 0.680 1.101 2.0000 0.220 1.099 2.0000 0.970 1.097 2.0000 0.150 0.952 2.0000 0.030 0.947 2.0000 0.890 0.947 2.0000 0.720 0.950 2.0000 0.970 0.952 2.0000 0.370 0.794 2.0000 0.860 0.805 2.0000 0.710 0.810 2.0000 0.770 0.818 2.0000 0.530 1.097 2.0000 0.450 1.099 2.0000 0.690 1.099 2.0000 0.920 1.095 2.0000 0.980 0.939 2.0000 0.140 0.954 2.0000 0.860 1.040 2.0000 0.130 1.035 2.0000 0.310 1.040 2.0000 0.970 1.028 2.0000 0.800 0.851 2.0000 0.120 0.769 2.0000 0.980 1.040 2.0001 0.760 1.039 2.0001 0.390 1.059 2.0000 0.630 1.067 2.0000 0.130 1.063 2.0000 0.240 0.902 2.0000 0.190 0.895 2.0000 0.000 1.034 2.0000 0.390 1.020 2.0001 0.770 0.945 2.0000 0.490 0.938 2.0000 0.290 0.821 2.0000 0.840 0.808 2.0001 0.960 0.805 2.0000 0.030 0.791 2.0001 0.900 1.098 2.0000 0.620 1.101 2.0000 0.560 1.107 2.0000 0.640 0.951 2.0000 0.290 1.030 2.0000 0.860 1.014 2.0000 0.720 0.857 2.0000 0.620 0.865 2.0000 0.090 0.873 2.0000 0.280 1.040 2.0001 0.490 1.035 2.0001 0.830 1.040 2.0000 0.900 1.010 2.0001 0.580 1.036 2.0001 0.420 0.881 2.0001 0.120 0.853 2.0000 0.530 0.819 2.0001 0.700 1.022 2.0000 0.020 1.004 2.0000 0.540 0.866 2.0000 0.630 1.025 2.0001 0.310 1.020 2.0000 0.340 1.012 2.0000 0.290 0.845 2.0000 0.500 0.852 2.0000 0.150 1.040 2.0001 0.170 1.045 2.0000 0.530 1.032 2.0000 0.510 1.038 2.0001 0.250 0.906 2.0000 0.530 0.885 2.0000 0.760 0.875 2.0000 0.000 0.901 2.0000 0.750 1.040 2.0000 0.530 1.038 2.0001 0.490 1.035 2.0000 0.950 1.032 2.0001 0.460 1.032 2.0000 0.550 1.102 2.0000 0.660 1.097 2.0000 0.180 1.086 2.0000 0.450 1.097 2.0000 0.340 0.946 2.0000 0.690 0.962 2.0000 0.800 0.966 2.0000 0.840 0.957 2.0000 0.030 0.824 2.0000 0.750 0.795 2.0000 0.960 0.819 2.0000 0.430 1.033 2.0000 0.940 1.038 2.0000 0.760 1.101 2.0000 0.790 1.099 2.0000 0.430 1.096 2.0000 0.610 1.096 2.0000 0.850 0.952 2.0000 0.750 0.922 2.0000 0.230 0.957 2.0000 0.950 0.974 2.0000 0.700 1.037 2.0000 0.520 1.026 2.0000 0.750 1.021 2.0000 0.650 0.858 2.0000 0.800 0.831 2.0000 0.370 0.814 2.0000 0.190 0.939 2.0000 0.070 0.932 2.0000 0.630 0.751 2.0000 0.190 1.187 2.0000 0.030 1.180 2.0000 0.110 1.185 2.0000 0.780 1.031 2.0000 0.890 1.030 2.0000 0.280 1.027 2.0000 0.590 0.877 2.0000 0.430 0.858 2.0000 0.720 0.863 2.0000
W 1 0 1.23789 0.19471 -2.61561 -0.11498 -0.32688 -0.40154 0.00000 1.23789 0.00000 0.00000 1.23789 0.00000 -1.07067 -0.34709 -0.29266 -0.40322 -0.31147 -2.58834
W 1 1 0.00000 0.00000 0.00000 0.00000 0.00000 0.00000 0.00000 0.00000 0.00000 0.00000 0.00000 0.00000 0.00000 0.00000 0.00000 0.00000 0.00000 0.00000
W 1 2 -1.62026 -1.81586 0.22805 4.94198 0.93473 -0.98776 0.00000 -1.62026 0.00000 0.00000 -1.62026 0.00000 0.95609 -0.43133 -0.95864 0.04728 -0.13033 5.02195
W 1 3 0.38237 1.62115 2.38755 -4.82700 -0.60785 1.38930 0.00000 0.38237 0.00000 0.00000 0.38237 0.00000 0.11458 0.77842 1.25130 0.35594 0.44180 -2.43361
S 1 1 0.770 1.040 2.0000 0.870 0.894 1.9999 0.530 0.998 2.0001 0.010 0.822 2.0001 0.830 1.049 2.0001 0.170 0.886 1.9999 0.590 0.912 2.0000 0.090 1.037 2.0001 0.370 1.045 1.9999 0.560 0.857 2.0001 0.480 0.842 2.0001 0.470 0.951 2.0000 0.580 1.052 1.9999 0.970 0.897 2.0001 0.470 0.877 2.0001 0.550 0.795 2.0000 0.080 1.030 2.0001 0.810 0.817 2.0000 0.430 1.097 2.0000 0.120 0.954 2.0000 0.050 0.932 2.0000 0.060 1.188 2.0000 0.020 1.031 2.0001 0.080 0.881 2.0001 0.560 0.846 2.0001 0.690 1.102 2.0000 0.150 1.101 2.0000 0.190 0.951 2.0000 0.350 0.917 2.0000 0.700 0.951 2.0000 0.170 0.944 2.0000 0.990 0.795 2.0000 0.460 1.040 2.0001 0.550 0.893 2.0000 0.000 0.871 2.0000 0.360 0.855 2.0000 0.430 0.840 2.0000 0.890 1.034 2.0000 0.320 0.873 2.0000 0.230 0.851 2.0000 0.110 1.025 2.0001 0.220 1.038 2.0001 0.720 0.907 2.0001 0.670 1.035 2.0001 0.200 0.862 1.9999 0.390 0.893 2.0001 0.890 0.864 2.0000 0.210 1.097 2.0000 0.220 0.953 2.0001 0.100 0.816 2.0000 0.580 1.103 2.0000 0.540 0.957 2.0001 0.870 0.954 2.0000 0.020 1.060 2.0001 0.740 0.912 2.0000 0.170 0.967 2.0001 0.430 1.040 1.9999 0.790 0.953 1.9999 0.110 0.940 1.9999 0.370 0.780 1.9999 0.920 1.102 2.0000 0.150 0.861 2.0000 0.890 0.869 2.0000 0.820 0.863 2.0000 1.000 0.877 2.0000 0.760 1.028 1.9999 0.450 0.833 1.9999 0.030 1.040 2.0001 0.410 1.010 2.0001 0.120 1.006 2.0001 0.890 0.854 1.9999 0.660 0.841 1.9999 0.440 0.866 2.0001 0.550 1.039 1.9999 0.660 1.034 1.9999 0.370 1.101 2.0000 0.180 1.088 2.0000 0.140 1.094 2.0001 0.350 0.969 2.0000 0.410 0.963 2.0000 0.590 0.812 2.0000 0.560 0.790 2.0000 0.610 1.102 2.0000 0.540 1.097 2.0000 0.950 1.173 2.0000 0.610 1.172 2.0000 0.960 1.182 2.0000 0.820 1.036 2.0000 0.430 1.036 2.0000 0.700 1.033 2.0000 0.070 1.022 2.0000 0.720 0.875 2.0000 0.040 0.873 2.0000
W 2 0 1.64750 -0.32478 -2.75490 0.21435 0.21163 0.08904 -0.68844 0.89579 2.66335 2.48337 0.67322 0.29051 -1.35528 -0.14616 -0.18302 -0.29185 -0.74116 -1.33653
W 2 1 -0.22618 0.67847 -0.88485 1.73768 -0.44800 0.09488 0.19578 -2.80133 -2.91193 -2.13860 0.08224 0.58464 0.14786 -0.44925 -0.21469 -0.73220 -0.25167 1.20592
W 2 2 -1.85707 -0.58713 1.16951 2.51784 -1.17911 -1.03843 1.29322 1.10518 -2.40827 -2.81943 -0.29710 -1.19920 0.25619 0.25745 -0.08880 -0.07421 1.74571 2.71624
W 2 3 0.43576 0.23345 2.47023 -4.46986 1.41549 0.85451 -0.80057 0.80036 2.65685 2.47466 -0.45836 0.32406 0.95123 0.33796 0.48651 1.09826 -0.75288 -2.58563
S 2 1 0.040 1.182 3.0000 0.610 1.177 3.0000 0.790 1.033 3.0000 0.300 1.036 3.0000 0.190 1.033 3.0000 0.320 1.038 3.0000 0.910 1.029 3.0000 0.560 0.884 3.0000 0.240 0.878 3.0000 0.670 0.868 3.0000 0.370 0.886 3.0000 0.910 1.097 2.9998 0.080 0.938 2.9998 0.570 0.956 2.9998 0.980 0.805 2.5000 0.620 1.103 2.9998 0.630 1.096 2.9998 0.890 0.780 3.0000 0.540 0.797 3.0000 0.000 0.788 3.0000 0.440 0.881 2.9998 0.800 0.890 2.9998 0.770 0.796 2.9998 0.020 0.788 2.9998 0.110 1.101 2.5000 0.450 1.107 3.0998 0.610 0.957 3.0002 0.210 0.808 3.0002 0.220 0.808 2.5000 0.860 0.776 3.0000 0.560 1.039 3.0000 0.080 0.882 2.0000 0.180 1.035 3.0000 0.580 0.874 2.0000 0.860 1.041 2.4999 0.920 1.036 3.0000 0.160 0.873 2.4999 0.990 1.097 3.0998 0.800 0.946 3.0002 0.280 1.037 2.4999 0.930 0.984 2.5001 0.750 0.823 2.0000 0.370 0.826 2.0000 0.670 0.835 2.0000 0.330 1.070 2.6000 0.620 1.076 2.5000 0.370 0.936 2.5000 0.310 0.947 3.0002 0.980 0.967 2.5000 0.630 0.948 3.0002 0.460 0.968 2.5000 0.830 0.978 2.5000 0.570 0.985 2.5000 0.750 1.099 2.9998 0.190 1.097 2.9998 0.000 1.099 2.9998 0.550 0.906 2.9998 0.880 0.928 2.9998 0.190 0.916 2.9998 0.230 0.770 2.9998 0.500 0.818 2.9998 0.680 0.822 2.9998 0.930 1.188 3.0000 0.130 1.189 3.0000 0.860 1.091 2.9998 0.210 0.788 2.9998 0.070 0.770 2.9998 0.230 0.952 3.0002 0.570 0.944 3.0002 0.540 0.888 3.0000 0.220 0.866 3.0000 0.410 1.190 3.0000 0.490 1.184 3.0000 0.020 1.173 3.0000 0.950 1.016 3.0000 0.100 1.013 3.0000 0.790 1.010 3.0000 0.430 1.033 3.0000 0.390 0.885 3.0000 0.090 0.847 3.0000 0.560 0.874 3.0000 0.520 0.824 3.0000 0.870 0.790 3.0000 0.890 1.185 3.0000 0.620 1.040 3.0002 0.370 1.190 3.0000 0.050 1.190 3.0000 0.320 1.185 3.0000 0.460 1.036 3.0000 0.350 1.188 3.0000 0.190 1.187 3.0000 0.200 1.190 3.0000 0.910 1.035 3.0000 0.580 1.028 3.0000 0.980 1.026 3.0000 0.550 0.883 3.0000 0.870 0.764 3.0000 0.560 0.772 2.4999 0.210 1.030 3.0000 1.000 1.023 3.0000 0.590 0.883 3.0000 0.140 0.804 1.9997 0.370 0.787 2.5003 0.350 0.895 2.9998 0.350 1.037 3.0000 0.410 1.034 3.0000 0.620 1.031 3.0000 0.670 1.016 3.0000 0.090 0.867 3.0000 0.920 1.023 3.0000 0.710 1.040 3.5998 0.430 0.999 3.0000 0.020 1.040 3.0002 0.130 0.967 3.0000 0.140 0.804 3.0000 0.230 0.819 3.0000 0.710 0.798 3.0000 0.070 1.190 3.0000 0.210 1.185 3.0000 0.630 1.035 3.0000 0.070 0.868 3.0000 0.930 0.874 3.0000 0.840 0.847 3.0000
W 3 0 0.39178 -0.46119 -0.77500 1.01748 0.12094 0.21419 -0.21365 -0.34388 0.50506 -0.12110 0.21202 -1.18723 -0.75419 -0.39633 0.05300 -0.79879 0.09052 0.75983
W 3 1 -0.39178 0.46119 0.77500 -1.01748 -0.12094 -0.21419 0.21365 0.34388 -0.50506 0.12110 -0.21202 1.18723 0.75419 0.39633 -0.05300 0.79879 -0.09052 -0.75983
W 3 2 0.00000 0.00000 0.00000 0.00000 0.00000 0.00000 0.00000 0.00000 0.00000 0.00000 0.00000 0.00000 0.00000 0.00000 0.00000 0.00000 0.00000 0.00000
W 3 3 0.00000 0.00000 0.00000 0.00000 0.00000 0.00000 0.00000 0.00000 0.00000 0.00000 0.00000 0.00000 0.00000 0.00000 0.00000 0.00000 0.00000 0.00000
W 4 0 3.79695 1.63372 -6.19299 -0.38055 -0.98338 0.64678 0.76390 0.28020 0.00000 2.32089 2.98412 0.00000 -2.44408 -1.20429 0.01382 1.45352 0.27487 0.59971
W 4 1 0.00000 0.00000 0.00000 0.00000 0.00000 0.00000 0.00000 0.00000 0.00000 0.00000 0.00000 0.00000 0.00000 0.00000 0.00000 0.00000 0.00000 0.00000
W 4 2 0.72078 -0.34503 4.52177 1.34944 -0.90461 0.69572 -1.77483 -0.16528 0.00000 -4.55530 -4.54162 0.00000 4.26341 -0.96453 -0.45385 -0.08947 0.65355 -1.63671
W 4 3 -4.51774 -1.28869 1.67122 -0.96889 1.88799 -1.34250 1.01093 -0.11492 0.00000 2.23441 1.55750 0.00000 -1.81934 2.16882 0.44002 -1.36405 -0.92842 1.03700
S 4 1 0.724 1.035 4.9998 0.934 1.040 5.0000 0.463 1.190 5.0000 0.529 1.177 5.0000 0.767 1.036 5.0000 0.452 0.884 5.0000 0.799 1.097 4.9997 0.690 0.948 5.0000 0.774 1.040 5.0000 0.542 0.870 5.0001 0.517 0.870 4.9998 0.604 1.102 4.9998 0.915 1.095 4.9998 0.572 0.797 5.0000 0.826 1.099 5.0000 0.766 0.926 5.0000 0.530 0.807 5.0000 0.602 1.039 4.9998 0.802 1.015 4.9998 0.658 1.037 5.0000 0.919 0.834 4.9998 0.506 0.822 5.0001 0.731 0.822 5.0017 0.592 0.866 4.9998 0.780 1.028 5.0000 0.627 1.042 5.0000 0.627 0.894 4.9998 0.906 0.893 4.9998 0.544 0.637 5.0001 0.589 0.889 4.9998 0.498 0.828 4.9998 0.807 0.853 4.9998 0.791 0.698 5.0001 0.590 0.881 4.9997 0.464 0.890 4.9997 0.746 0.796 4.9997 0.518 0.788 4.9997 0.970 0.776 5.0000 0.992 0.776 5.0004 0.956 0.776 5.0008 0.741 1.038 4.9995 0.949 0.846 4.9998 0.855 1.026 4.9998 0.669 0.897 5.0001 0.633 0.559 5.0000 0.898 1.040 5.0000 0.698 1.021 4.9998 0.771 0.795 5.0000 0.635 0.642 5.0001 0.687 1.035 4.9998 0.582 1.030 5.0001 0.875 1.039 4.9998 0.771 0.886 4.9998 0.829 1.102 5.0000 0.491 1.099 4.9997 0.502 0.928 4.9997 0.829 0.817 4.9998 0.752 0.807 5.0000 0.698 1.087 5.0000 0.549 0.932 4.9998 0.673 0.700 5.0000 0.449 1.189 5.0000 0.913 1.185 5.0000 0.527 1.188 4.9998 0.691 1.026 4.9998 0.763 0.846 5.0001 0.830 1.091 4.9997 0.724 1.097 5.0000 0.818 1.101 4.9998 0.887 1.105 5.0000 0.545 0.951 4.9998 0.691 0.951 5.0002 0.627 0.788 4.9997 0.782 0.795 4.9998 0.553 0.614 5.0000 0.743 0.600 5.0000 0.758 1.014 4.9998 0.714 1.006 4.9998 0.820 0.859 4.9998 0.695 0.823 5.0000 0.767 0.805 5.0000 0.603 0.881 5.0000 0.776 1.190 5.0000 0.712 1.184 5.0000 0.713 1.190 5.0000 0.711 1.186 5.0000 0.770 1.184 5.0000 0.557 1.021 5.0000 0.768 1.015 5.0000 0.917 1.039 5.0000 0.647 0.885 5.0000 0.556 0.847 5.0000 0.410 0.874 5.0000 0.698 1.032 5.0000 0.818 1.110 4.9998 0.543 1.106 5.0000 0.667 1.103 4.9998 0.722 0.956 4.9998 0.522 1.190 5.0000 0.801 1.190 5.0000 0.861 1.034 4.9998 0.990 1.021 5.0000 0.853 1.026 5.0000 0.568 0.883 5.0000 0.572 0.888 5.0000 0.608 0.877 5.0000 0.692 0.873 4.9998 0.723 0.840 5.0000 0.521 0.851 4.9998 0.742 0.677 5.0000 0.706 0.677 5.0004 0.771 0.677 5.0006 0.873 0.764 5.0004 0.877 0.764 5.0008 0.403 0.772 4.9999 0.362 0.772 4.9990 0.890 1.023 5.0004 0.736 1.039 4.9998 0.946 1.034 4.9998 0.729 1.029 4.9998 0.693 1.025 5.0001 0.772 0.882 5.0000 0.664 1.039 4.9998 0.578 1.038 5.0001 0.629 1.047 5.0000 0.719 0.862 4.9997 0.634 1.040 5.0000 0.665 1.035 4.9998 0.748 1.034 4.9998 0.763 0.907 5.0001 0.966 0.757 5.0001 0.972 0.628 5.0001 0.448 1.040 4.9998 0.624 1.047 5.0000 0.851 1.102 5.0000 0.765 1.099 5.0000 0.650 0.742 5.0000 0.787 1.017 4.9998 0.772 1.102 5.0000 0.507 1.097 5.0000 0.646 0.952 5.0000 0.752 0.950 5.0000 0.775 0.952 5.0000 0.834 0.818 5.0000 0.961 1.099 5.0000 0.751 1.103 4.9998 0.535 0.954 5.0000 0.898 0.883 5.0000 0.712 1.040 4.9998 0.738 1.039 5.0000 0.578 1.059 4.9998 0.583 1.060 5.0001 0.745 0.895 4.9997 0.669 0.902 5.0000 0.504 1.034 4.9997 0.943 0.938 5.0000 0.568 0.940 4.9999 0.948 0.948 5.0001 0.826 1.098 5.0000 0.537 1.030 5.0000 0.820 1.031 5.0000 0.662 0.851 5.0000 0.721 1.035 5.0000 0.832 1.040 5.0000 0.831 1.010 5.0000 0.812 0.956 5.0002 0.552 0.853 4.9997 0.716 0.803 5.0001 0.702 0.712 5.0004 0.843 0.712 5.0008 0.848 0.999 5.0000 0.675 0.811 5.0000 0.715 0.811 5.0025 0.666 0.811 5.0025 0.539 1.040 5.0001 0.688 1.040 5.0000 0.623 1.032 4.9998 0.843 1.023 4.9998 0.788 1.038 5.0000 0.695 0.883 4.9998 0.584 0.866 5.0001 0.738 1.025 4.9998 0.792 1.036 5.0000 0.894 1.032 5.0000 0.743 0.637 5.0001 0.592 0.637 5.0004 0.661 1.097 5.0000 0.636 0.967 5.0000 0.573 0.819 5.0000 0.805 0.812 4.9998 0.717 0.554 5.0000 0.836 0.952 4.9998 0.912 0.947 5.0002 0.847 0.974 5.0000 0.585 1.190 5.0000 0.606 1.172 4.9998 0.570 1.180 5.0000 0.615 1.182 4.9998 0.654 1.036 4.9998 0.678 1.036 4.9998 0.573 1.022 4.9998 0.814 0.847 5.0000 0.862 0.875 4.9998 0.500 0.873 4.9998
W 5 0 4.09967 -2.11831 -0.49000 2.11216 -0.58046 0.09469 0.24472 -2.41116 3.23873 3.48118 3.05910 -4.70308 -3.75131 -0.76022 0.37254 -0.34151 0.01165 1.01153
W 5 1 0.53243 2.50548 -4.08852 0.18590 -0.19104 -0.22127 -0.40698 -1.69131 0.21009 -0.91586 -0.89804 1.95505 3.17088 -1.02731 0.60031 -0.03661 -0.57750 -0.52618
W 5 2 -1.59068 -0.99947 1.36088 -0.36156 -0.59737 0.09437 0.89024 2.52267 -3.07366 -3.87395 -2.85327 0.25200 3.24141 -0.40953 -0.28907 0.41568 1.10145 -0.47037
W 5 3 -3.04143 0.61230 3.21764 -1.93650 1.36887 0.03221 -0.72798 1.57980 -0.37516 1.30864 0.69221 2.49603 -2.66098 2.19706 -0.68378 -0.03756 -0.53560 -0.01498
S 5 1 0.810 0.787 7.3006 0.867 0.787 6.0009 0.566 0.872 4.9996 0.601 0.946 5.0004 0.702 0.967 7.5000 0.740 0.985 7.5000 0.836 0.935 6.5997 0.801 1.102 5.0004 0.738 1.102 5.0004 0.633 0.943 4.9998 0.708 0.941 5.0004 0.793 1.190 5.3998 0.446 1.018 5.5000 0.485 1.033 5.5000 0.533 0.863 5.5000 0.562 0.950 7.1996 0.468 0.851 7.1996 0.677 0.907 6.5997 0.638 0.967 8.3996 0.750 1.020 9.5995 0.566 0.791 9.5995 0.754 0.792 6.5997 0.696 0.866 5.0000 0.680 0.883 4.9996 0.680 0.883 7.9987 0.898 1.040 7.1996 0.669 0.819 5.9997 0.601 1.187 5.9997 0.629 1.185 5.9997 0.792 0.851 5.9997 0.797 0.883 5.9997
W 6 0 0.86024 -0.49477 -1.14793 -0.36421 0.15064 0.46151 -0.19510 -0.41351 0.54848 0.00439 0.08544 -0.35038 -0.22490 -0.14103 -0.35041 -0.36569 -0.12640 -0.39637
W 6 1 -0.86024 0.49477 1.14793 0.36421 -0.15064 -0.46151 0.19510 0.41351 -0.54848 -0.00439 -0.08544 0.35038 0.22490 0.14103 0.35041 0.36569 0.12640 0.39637
W 6 2 0.00000 0.00000 0.00000 0.00000 0.00000 0.00000 0.00000 0.00000 0.00000 0.00000 0.00000 0.00000 0.00000 0.00000 0.00000 0.00000 0.00000 0.00000
W 6 3 0.00000 0.00000 0.00000 0.00000 0.00000 0.00000 0.00000 0.00000 0.00000 0.00000 0.00000 0.00000 0.00000 0.00000 0.00000 0.00000 0.00000 0.00000
P OzzGnan 0.0167
W 0 0 5.50874 -0.05609 -3.67715 1.51892 -2.43959 1.41018 0.97857 -0.44905 0.18947 0.00000 -0.72708 -1.37777 -3.17120 0.59740 -4.41610 -0.32322 1.33684 0.47962
W 0 1 -0.70837 0.77727 -1.58712 -1.22801 -0.69849 -0.56853 -0.41647 -0.05279 -1.19933 0.00000 0.02138 -0.08040 -0.16428 -0.11641 -0.17615 -0.30497 -0.18728 0.76575
W 0 2 -2.33795 -0.64272 0.46178 1.88977 -1.09641 -0.80761 -0.57604 0.75471 0.99454 0.00000 -0.16749 0.01228 0.20233 -0.08101 -0.07421 -0.21713 -0.59643 -0.78222
W 0 3 -2.46243 -0.07846 4.80248 -2.18068 4.23449 -0.03404 0.01394 -0.25287 0.01533 0.00000 0.87320 1.44590 3.13315 -0.39998 4.66647 0.84532 -0.55313 -0.46315
W 1 0 -0.48968 0.08616 -1.56422 -0.12972 -0.20138 0.15665 0.00000 -0.48968 0.00000 0.00000 -0.48968 0.00000 -0.58914 -0.22339 -0.18456 -0.40274 -0.11189 -0.35403
W 1 1 0.00000 0.00000 0.00000 0.00000 0.00000 0.00000 0.00000 0.00000 0.00000 0.00000 0.00000 0.00000 0.00000 0.00000 0.00000 0.00000 0.00000 0.00000
W 1 2 -0.88432 -0.72888 0.96935 1.42532 -0.24008 -0.40443 0.00000 -0.88432 0.00000 0.00000 -0.88432 0.00000 0.39830 0.12485 -0.01510 0.12971 -0.42760 -0.78813
W 1 3 1.37401 0.64272 0.59487 -1.29559 0.44146 0.24778 0.00000 1.37401 0.00000 0.00000 1.37401 0.00000 0.19084 0.09854 0.19966 0.27303 0.53949 1.14216
W 2 0 2.00843 -0.14558 -2.15783 0.81838 0.13585 0.49823 -0.30846 0.67224 1.34399 0.33474 0.55795 -0.51572 -1.61781 0.03940 -1.64988 -0.39215 0.00908 -0.41449
W 2 1 0.81127 0.78336 -1.36439 1.23497 -0.78369 -1.02075 -0.21024 -1.22096 -1.78732 -0.08908 0.45300 1.10380 -0.43288 -0.14108 -0.27950 -0.35762 -0.06114 -0.48339
W 2 2 -2.63686 -0.56035 2.30442 0.41341 -1.84053 0.20576 0.38230 0.18826 -0.24101 -0.48138 -0.39120 -0.59867 0.53872 0.05567 0.18297 0.41518 -0.05449 1.08505
W 2 3 -0.18284 -0.07743 1.21781 -2.46677 2.48837 0.31676 0.13640 0.36045 0.68434 0.23573 -0.61975 0.01059 1.51197 0.04601 1.74641 0.33459 0.10655 -0.18717
W 3 0 0.37594 -0.11241 -0.41004 0.42119 -0.04137 0.17617 0.02511 -0.31180 0.45755 -0.36252 0.21202 -0.14088 -0.62097 -0.19150 -0.13362 -0.46089 -0.06337 0.11906
W 3 1 -0.37594 0.11241 0.41004 -0.42119 0.04137 -0.17617 -0.02511 0.31180 -0.45755 0.36252 -0.21202 0.14088 0.62097 0.19150 0.13362 0.46089 0.06337 -0.11906
W 3 2 0.00000 0.00000 0.00000 0.00000 0.00000 0.00000 0.00000 0.00000 0.00000 0.00000 0.00000 0.00000 0.00000 0.00000 0.00000 0.00000 0.00000 0.00000
W 3 3 0.00000 0.00000 0.00000 0.00000 0.00000 0.00000 0.00000 0.00000 0.00000 0.00000 0.00000 0.00000 0.00000 0.00000 0.00000 0.00000 0.00000 0.00000
W 4 0 2.08912 2.29152 -5.07987 -0.63043 -0.57083 0.75922 -1.01679 0.11430 0.00000 0.21518 0.11406 0.00000 -0.10724 -0.32448 -0.08573 -0.44913 0.28737 1.17353
W 4 1 0.00000 0.00000 0.00000 0.00000 0.00000 0.00000 0.00000 0.00000 0.00000 0.00000 0.00000 0.00000 0.00000 0.00000 0.00000 0.00000 0.00000 0.00000
W 4 2 0.30860 -2.44695 2.67655 1.84015 -0.21364 -0.20452 0.44214 0.05418 0.00000 -0.40979 -0.32522 0.00000 0.29967 0.03426 0.03772 0.06708 -0.04307 -0.42001
W 4 3 -2.39772 0.15543 2.40332 -1.20972 0.78447 -0.55470 0.57465 -0.16848 0.00000 0.19461 0.21116 0.00000 -0.19243 0.29022 0.04800 0.38205 -0.24430 -0.75352
W 5 0 2.50506 -2.55094 -0.47288 0.75839 -0.80006 0.45826 0.23938 -0.73397 3.92130 0.03610 0.23034 -3.80913 -0.09023 -0.45468 -0.21070 -0.39277 -0.17096 -0.20921
W 5 1 1.35330 2.63821 -4.00185 0.79300 -0.03961 -0.01394 -0.55729 -0.35986 -1.22408 0.32317 0.49158 1.30347 0.44148 -0.40642 0.20601 -0.14632 0.07255 -0.17116
W 5 2 -1.76033 -0.33888 2.31500 -0.01259 0.31204 0.09248 0.27817 0.59853 -1.64802 -0.45659 -0.47253 1.42126 -0.10503 0.34849 0.24495 0.26704 -0.01596 0.43584
W 5 3 -2.09803 0.25161 2.15973 -1.53880 0.52762 -0.53680 0.03974 0.49530 -1.04919 0.09731 -0.24940 1.08440 -0.24622 0.51262 -0.24025 0.27205 0.11438 -0.05547
W 6 0 0.99691 -0.41954 -1.10739 -0.25934 0.21126 0.46151 -0.05842 -0.27684 0.53661 0.17446 0.10868 -0.31574 -0.03159 -0.10690 -0.35041 -0.36569 -0.12640 -0.31553
W 6 1 -0.99691 0.41954 1.10739 0.25934 -0.21126 -0.46151 0.05842 0.27684 -0.53661 -0.17446 -0.10868 0.31574 0.03159 0.10690 0.35041 0.36569 0.12640 0.31553
W 6 2 0.00000 0.00000 0.00000 0.00000 0.00000 0.00000 0.00000 0.00000 0.00000 0.00000 0.00000 0.00000 0.00000 0.00000 0.00000 0.00000 0.00000 0.00000
W 6 3 0.00000 0.00000 0.00000 0.00000 0.00000 0.00000 0.00000 0.00000 0.00000 0.00000 0.00000 0.00000 0.00000 0.00000 0.00000 0.00000 0.00000 0.00000
P PetyFloyd 0.0111
W 0 0 2.79287 -4.45731 -0.40678 1.97630 1.01496 -0.17078 -0.31052 -0.44905 -1.43418 0.00000 -1.04227 -3.53534 -0.77145 0.22472 0.12694 0.35352 -0.71717 2.96582
W 0 1 1.32499 4.76180 -3.90169 -0.40190 -0.98592 0.00521 0.11006 -0.05279 0.55944 0.00000 -0.73807 1.15420 -0.94358 0.31463 -0.38336 -0.46394 -0.11349 1.84398
W 0 2 -3.29493 1.89868 2.52019 0.40358 2.14856 -0.10899 -0.78519 0.75471 1.24506 0.00000 0.07250 1.40945 1.01233 -0.35589 0.34068 -0.01039 -0.35714 -0.53656
W 0 3 -0.82293 -2.20317 1.78828 -1.97799 -2.17760 0.27456 0.98565 -0.25287 -0.37032 0.00000 1.70784 0.97170 0.70270 -0.18346 -0.08427 0.12081 1.18779 -4.27323
S 0 0 1.000 1.016 3.2500 0.950 0.875 2.0000 0.960 0.857 2.0000 0.980 0.395 0.8500 0.950 0.561 0.7472 0.990 1.021 3.2500 0.950 0.852 2.0000 0.990 0.541 1.0625 0.980 0.522 1.0625 0.880 0.882 2.0000 0.990 1.099 4.6000 0.990 0.964 2.6000 0.950 1.031 3.2500 0.930 0.884 2.0000 0.960 1.019 3.2500 0.970 0.880 2.0000 0.930 1.040 3.2858 0.970 0.926 2.6000 0.980 0.695 2.0000 0.960 0.724 2.0000 0.960 0.426 0.9062 0.960 0.856 2.0000 0.970 0.336 1.3750 0.950 0.942 2.6000 0.970 1.032 3.8334 0.970 0.882 1.8572 0.980 0.876 1.8572 0.990 0.916 2.1667 0.970 0.534 0.7858 0.990 0.960 2.6000 0.950 0.651 1.3750 0.970 0.423 1.0625 0.960 1.099 3.8334 0.950 0.767 2.6000 0.990 0.807 1.6000 0.970 1.187 5.7500 0.970 1.151 5.7500 0.960 0.947 2.6000 0.960 0.944 2.6000 0.950 1.035 4.6000 0.950 1.036 4.6000 0.990 1.099 3.8334 0.970 1.181 3.8334 1.000 0.876 2.0000 0.990 0.560 1.0625 0.830 1.035 0.4286 0.690 0.939 0.7500 0.850 0.924 0.7500 0.790 0.933 0.7500 0.970 0.816 2.0000 0.950 0.528 1.3750 0.770 0.402 0.7500 0.860 0.229 0.7500 0.690 0.398 0.7500 0.740 0.987 0.7500 0.950 0.734 1.3750 0.900 0.738 0.7500 0.970 0.564 1.0625 0.870 0.587 0.7500 0.670 0.241 0.7500 0.870 1.097 0.6000 0.820 1.074 0.6000 0.800 1.033 0.3750 0.850 1.032 0.4286 0.970 0.935 2.6000 0.720 0.828 0.5000 0.800 0.760 0.6000 0.800 0.769 0.5000 0.670 0.763 0.6000 0.840 0.200 0.7500 0.810 0.390 0.7500 0.890 0.422 0.7500 0.670 0.349 0.7500 0.670 0.239 0.7500 0.690 1.037 0.5000 0.930 0.886 1.8572 0.700 0.900 0.5000 0.820 0.766 0.5000 0.840 0.747 0.3750 0.860 1.035 0.5000 0.980 0.926 2.6000 0.950 0.931 2.6000 0.900 0.931 0.6000 0.860 0.923 0.6000 0.880 0.802 1.6000 0.560 0.810 0.6000 0.830 0.783 0.6000 0.880 0.797 0.6000 0.970 0.626 1.1000 0.770 0.695 0.6000 0.620 0.699 0.7500 1.000 0.569 1.0625 0.830 0.516 0.7500
W 1 0 2.43049 -0.42977 -4.23392 1.43606 -1.14223 1.01358 0.00000 2.43049 0.00000 0.00000 2.43049 0.00000 -3.21106 0.32912 -0.32580 -1.18008 -0.31413 0.43781
W 1 1 0.00000 0.00000 0.00000 0.00000 0.00000 0.00000 0.00000 0.00000 0.00000 0.00000 0.00000 0.00000 0.00000 0.00000 0.00000 0.00000 0.00000 0.00000
W 1 2 -1.89557 0.45979 3.93172 1.44016 1.50461 -0.88341 0.00000 -1.89557 0.00000 0.00000 -1.89557 0.00000 2.63278 -0.11534 0.58426 0.75723 0.50485 -0.46318
W 1 3 -0.53491 -0.03002 0.30220 -2.87623 -0.36238 -0.13016 0.00000 -0.53491 0.00000 0.00000 -0.53491 0.00000 0.57828 -0.21378 -0.25846 0.42285 -0.19072 0.02537
S 1 0 0.950 1.024 3.0000 0.940 0.873 1.7500 0.990 0.702 1.1250 0.930 0.985 3.0000 0.970 0.828 1.7500 0.880 0.369 0.6562 0.990 0.286 0.5781 0.930 1.081 3.6667 0.880 1.187 5.5000 0.970 0.395 0.6562 0.960 1.040 3.0000 0.990 1.190 5.5000 0.880 0.894 3.0000 0.960 1.036 3.0000 0.940 0.468 1.1250 0.970 0.352 0.8125 0.940 0.478 0.8125 0.980 0.243 0.6562 0.980 0.341 0.6562 0.880 1.190 5.5000 0.880 1.020 3.0000 0.980 0.677 1.1250 0.930 0.403 0.6562 0.980 0.644 0.9000 0.920 0.662 1.1250 0.950 0.478 0.8125 0.880 0.327 0.6562 0.960 1.190 5.5000 0.990 1.040 3.1429 1.000 0.985 2.0000 0.970 0.794 1.1667 0.970 0.485 0.8125 0.970 1.096 5.5000 0.960 0.784 1.7500 0.980 0.615 1.1250 1.000 0.287 0.6562 0.970 1.039 3.0000 0.990 1.099 4.4000 0.970 0.656 1.1250 0.940 0.730 1.1250
W 2 0 2.64529 -0.87479 -2.59865 1.26843 -0.13691 -0.04953 -0.23103 -0.72403 1.66262 0.36346 -0.32495 -0.05551 -1.69382 -0.31047 -0.19611 -0.66194 -0.32322 0.13246
W 2 1 0.68129 1.66986 -1.02648 1.64136 -0.12057 -0.52965 0.52510 -0.55344 -0.82781 0.08723 0.75404 1.41071 -0.34513 0.17831 -0.41344 -0.27404 0.41493 -0.07983
W 2 2 -2.88289 -0.26665 2.89668 0.55217 -1.28774 -0.29252 -0.06756 0.56896 -0.68352 -0.64994 -0.73652 -0.65283 1.49229 -0.65762 0.68637 0.72408 0.32922 1.29449
W 2 3 -0.44369 -0.52843 0.72845 -3.46195 1.54522 0.87170 -0.22651 0.70852 -0.15129 0.19925 0.30743 -0.70238 0.54667 0.78978 -0.07681 0.21190 -0.42094 -1.34712
W 3 0 -0.73178 -0.36414 -0.69379 1.71956 0.55316 -0.66078 -0.44984 -0.54259 0.55735 -1.01246 0.58222 0.24413 -0.77511 -0.56345 -0.18521 -0.69242 -0.40411 1.12203
W 3 1 0.73178 0.36414 0.69379 -1.71956 -0.55316 0.66078 0.44984 0.54259 -0.55735 1.01246 -0.58222 -0.24413 0.77511 0.56345 0.18521 0.69242 0.40411 -1.12203
W 3 2 0.00000 0.00000 0.00000 0.00000 0.00000 0.00000 0.00000 0.00000 0.00000 0.00000 0.00000 0.00000 0.00000 0.00000 0.00000 0.00000 0.00000 0.00000
W 3 3 0.00000 0.00000 0.00000 0.00000 0.00000 0.00000 0.00000 0.00000 0.00000 0.00000 0.00000 0.00000 0.00000 0.00000 0.00000 0.00000 0.00000 0.00000
W 4 0 4.41747 4.25343 -7.43964 -0.36400 -0.40474 -0.11034 -0.70196 -0.59228 0.00000 0.30782 -1.56505 0.00000 -0.38324 -1.49837 0.23353 0.38102 0.08383 1.71626
W 4 1 0.00000 0.00000 0.00000 0.00000 0.00000 0.00000 0.00000 0.00000 0.00000 0.00000 0.00000 0.00000 0.00000 0.00000 0.00000 0.00000 0.00000 0.00000
W 4 2 0.82468 -4.17851 3.69321 2.44725 -0.64095 -0.24469 -0.08139 0.18604 0.00000 0.13809 0.59845 0.00000 -0.53683 0.35617 -0.08507 0.52963 0.42242 0.25218
W 4 3 -5.24214 -0.07492 3.74643 -2.08325 1.04569 0.35502 0.78335 0.40624 0.00000 -0.44591 0.96660 0.00000 0.92007 1.14220 -0.14845 -0.91066 -0.50625 -1.96844
S 4 0 0.331 1.190 0.5000 0.678 1.190 5.5000 0.659 1.190 0.4583 0.935 1.156 5.5000 0.875 1.157 1.8333 0.947 1.171 5.5000 0.647 1.173 5.5000 0.665 1.016 3.0000 0.854 1.016 0.0714 0.168 1.028 0.5000 0.955 1.024 0.4286 0.368 1.033 0.5000 0.407 0.867 0.5000 0.798 0.857 1.7500 0.914 0.674 1.7500 0.778 0.683 0.5000 0.399 0.533 0.5000 0.081 0.567 0.5000 0.356 0.583 0.5000 0.608 0.583 1.1250 0.245 0.610 0.5000 0.832 0.623 1.1250 0.623 0.623 0.2045 0.857 0.702 0.3462 0.744 0.545 0.8125 0.939 0.587 0.2708 0.954 0.587 0.0765 0.287 1.190 0.5000 0.940 1.185 5.5000 0.787 1.184 5.5000 0.992 1.184 5.5000 0.727 1.031 3.0000 0.255 1.018 0.5000 0.621 0.983 0.5000 0.217 0.978 0.5000 0.545 0.976 0.5000 0.617 0.985 0.0714 0.445 0.966 0.5000 0.094 0.971 0.5000 0.108 0.837 0.5000 0.598 0.833 0.5000 0.822 0.884 1.7500 0.571 0.888 0.5000 0.535 0.734 0.5000 0.128 0.638 0.5000 0.324 0.614 0.5000 0.754 0.499 0.8125 0.875 0.566 0.8125 0.938 0.512 0.8125 0.972 0.512 0.3095 0.814 0.386 0.2838 0.787 0.397 0.6562 0.852 0.286 0.2681 0.627 0.099 0.5781 0.328 1.084 0.3333 0.655 1.188 5.5000 0.259 1.188 0.5000 0.814 1.187 5.5000 0.199 1.185 0.5000 0.918 1.037 3.0000 0.749 1.037 0.4286 0.102 1.016 0.5000 0.155 1.020 0.5000 0.549 1.022 0.5000 0.231 1.020 0.5000 0.510 1.018 0.5000 0.767 1.020 0.3333 0.870 0.844 1.7500 0.468 0.863 0.5000 0.344 0.701 0.5000 0.336 0.710 0.5000 0.669 0.692 0.5833 0.275 0.229 0.5000 0.453 1.033 0.2857 0.846 0.717 1.4000 0.816 0.709 0.7500 0.174 0.522 0.4000 0.795 1.190 1.8333 0.726 1.180 0.7500 0.833 1.179 0.7500 0.390 1.024 0.5000 0.726 1.020 0.7500 0.245 1.013 0.5000 0.672 1.017 0.7500 0.604 0.868 1.7500 0.808 0.856 1.7500 0.974 0.852 0.3889 0.951 0.852 0.7500 0.241 0.705 0.5000 0.846 0.733 1.1250 0.846 0.733 0.7500 0.513 0.541 0.8125 0.775 0.522 0.7500 0.721 0.405 0.6562 0.422 0.309 0.6562 0.052 0.227 0.5000 0.928 0.395 0.2838 0.875 0.395 0.1810 0.892 0.133 0.5781 0.023 0.215 0.5000 0.210 0.215 0.5000 0.235 0.026 0.5000 0.227 1.036 0.5000 0.810 1.030 3.0000 0.717 1.034 0.7500 0.918 1.039 0.7500 0.328 0.876 0.5000 0.663 0.885 0.7500 0.978 0.885 0.7500 0.073 0.870 0.5000 0.711 0.555 0.7500 0.834 0.579 1.1250 0.933 0.594 1.1250 0.813 0.657 1.1250 0.948 0.526 0.7500 0.736 0.578 0.8125 0.693 0.552 0.8125 0.836 0.227 0.3281 0.844 1.082 0.7200 0.686 0.923 0.7400 0.887 0.773 0.7500 0.835 1.190 5.5000 0.918 1.190 0.7500 0.775 1.014 0.7500 0.803 1.010 3.0000 0.795 1.010 0.7500 0.938 0.970 0.7500 0.791 0.926 3.0000 0.991 0.926 0.4286 0.820 0.548 0.7500 0.823 0.314 1.7500 0.720 0.360 0.7500 0.855 0.049 0.7500 0.680 1.030 0.7500 0.940 0.894 0.4286 0.958 0.894 0.1111 0.814 1.034 0.7500 0.326 1.031 0.0714 0.687 0.888 0.7500 0.816 0.886 0.7500 0.918 0.575 0.7500 0.913 0.590 1.1250 0.960 0.604 0.7500 0.899 0.523 0.7500 0.752 0.352 0.3095 0.173 0.503 0.5000 0.938 0.455 0.8125 0.972 0.455 0.7500 0.728 1.032 0.7333 0.699 0.876 2.0000 0.799 0.881 0.6667 0.352 1.016 0.5000 0.812 1.021 0.7500 0.686 1.023 1.5000 0.800 0.880 0.7500 0.804 0.737 0.7500 0.787 0.722 0.1500 0.812 0.722 0.7500 0.760 0.294 0.7500 0.779 0.667 0.1716 0.898 0.898 2.0000 0.810 0.898 0.7500 0.721 0.928 0.7400 0.272 0.780 0.3333 0.323 0.623 0.3333 0.996 0.597 0.7500 0.932 0.617 0.7500 0.790 0.699 0.7500 0.471 0.614 0.3333 0.971 0.466 0.5417 0.364 0.534 0.5000 0.888 0.578 0.8125 0.904 0.578 0.7500 0.795 0.087 0.7500 0.665 0.862 0.7500 0.330 0.708 0.5000 0.669 0.703 0.7500 0.990 0.731 0.7500 0.939 0.477 0.8125 0.975 0.477 0.3095 0.711 0.561 0.7500 0.843 0.577 0.7500 0.077 0.561 0.5000 0.757 0.426 0.7500 0.386 0.215 0.5000 0.789 1.189 0.7500 0.810 1.188 0.7500 0.151 1.036 0.5000 0.886 1.037 0.7500 0.173 1.018 0.5000 0.952 1.020 0.4286 0.975 1.020 0.2308 0.833 0.873 0.7500 0.216 0.867 0.5000 0.898 0.863 0.7500 0.964 0.827 0.7500 0.968 0.677 0.3462 0.930 0.677 0.7500 0.786 0.444 0.7500 0.752 0.359 0.7500 0.846 0.374 0.6562 0.022 0.403 0.5000 0.300 0.410 0.5000 0.933 1.088 3.6667 0.939 1.088 0.7480 0.959 0.956 0.7500 0.201 0.957 0.4000 0.273 0.795 0.3333 0.719 1.032 0.7489 0.632 1.034 3.1429 0.972 0.770 0.3871 0.356 0.882 0.2857 0.723 0.874 0.4800 0.605 0.874 0.2449 0.736 0.748 1.0000 0.723 0.684 0.7500 0.940 0.644 0.1957 0.952 0.644 0.7500 0.004 0.378 0.4000 0.765 0.938 2.0000 0.840 0.938 0.7500 0.073 0.962 0.0833 0.677 0.991 2.0000 0.958 0.626 1.4000 0.983 0.626 0.7500 0.606 0.843 1.1667 0.753 0.667 1.1250 0.959 0.302 0.6562 0.946 0.152 0.7500 0.964 1.188 0.7500 0.906 1.189 5.5000 0.845 1.040 0.7490 0.360 0.911 0.3333 0.924 0.968 0.7500 0.222 0.622 0.5000 0.698 0.609 0.7500 0.796 1.099 1.0476 0.855 1.099 0.3385 0.295 1.101 0.3333 0.712 0.962 2.0000 0.858 0.964 0.7500 0.798 0.964 2.0000 0.818 0.783 0.7500 0.685 0.763 0.1556 0.962 1.098 0.9167 0.931 0.821 0.7467 0.867 0.632 0.3889 0.931 0.776 1.1667 0.945 0.776 0.3500 0.873 0.563 0.7500 0.856 0.546 0.7500 0.967 0.323 0.7500 0.772 0.142 0.6562 0.223 1.189 0.5000 0.992 1.036 0.7500 0.338 1.018 0.5000 0.996 1.014 0.7500 0.698 0.866 0.7500 0.934 0.692 0.7500 0.903 0.701 0.7500 0.897 0.717 0.7500 0.760 1.187 0.7500 0.865 1.164 5.5000 0.763 1.151 0.7500 0.717 0.965 0.7500 0.802 0.963 0.7500 0.748 0.950 0.7500 0.732 0.999 3.0000 0.943 0.840 1.7500 0.979 0.840 0.7500 0.793 0.714 0.7500 0.702 0.739 0.7500 0.741 0.569 0.7500 0.975 0.569 0.7500 0.943 0.523 0.8125 0.964 0.523 0.7500 0.114 0.445 0.5000 0.899 0.494 0.8125 0.848 0.494 0.3095 0.871 0.287 0.2838 0.866 0.287 0.1810 0.793 1.101 4.4000 0.156 1.099 0.3333 0.943 0.943 2.0000 0.901 0.802 1.4000 0.752 0.791 0.3500 0.174 0.867 0.4000 0.186 0.561 0.5000 0.823 0.584 0.5114 0.704 0.614 1.1250 0.790 0.335 0.8125 0.791 0.396 0.8125 0.722 0.278 0.7500 0.166 0.409 0.5000 0.797 0.253 0.7500 0.102 0.040 0.5000 0.995 0.660 0.3684 0.998 0.660 0.7500 0.710 0.797 1.4000 0.767 0.797 0.3684 0.924 0.749 1.1667 0.166 0.634 0.0833 0.146 0.489 0.3333 0.802 0.511 0.7500 0.929 0.543 0.7500 0.102 1.039 0.4000 0.976 0.301 0.7500 0.316 0.452 0.5000 0.885 0.239 0.7500 0.834 0.314 0.7500 0.712 0.415 0.7500 0.368 0.415 0.5000 0.778 0.897 3.0000 0.814 0.897 0.2308 0.768 1.035 0.7200 0.562 0.881 2.4000 0.982 0.482 1.4000 0.271 0.515 0.3333 0.868 0.469 1.7500 0.364 0.456 0.5000 0.610 0.456 0.3462 0.660 0.551 0.7500 0.057 0.551 0.5000 0.694 0.514 0.7500 0.312 0.409 0.5000 0.686 0.330 0.7500 0.883 0.277 0.8125 0.709 0.394 0.8125 0.728 0.205 0.6562 0.338 0.295 0.5000 0.275 0.288 0.5000 0.995 1.013 2.0000 0.972 1.019 0.7500 0.710 0.864 0.2692 0.793 0.881 0.7500 0.930 0.938 0.1333 0.958 0.938 0.1053 0.737 0.878 0.7500 0.816 0.886 1.7500 0.777 0.685 0.7500 0.803 0.707 0.7500 0.810 0.685 0.7500 0.794 0.527 0.7500 0.348 0.944 0.2000 0.842 0.934 0.5000 0.052 0.934 0.5000 0.594 0.786 0.2273 0.695 0.804 0.5000 0.305 0.812 0.5000 0.172 0.801 0.5000 0.473 0.787 0.0769 0.227 0.676 0.5000 0.659 0.619 1.1250 0.629 0.656 0.4500 0.890 0.702 1.1250 0.922 0.702 0.3462 0.954 0.927 3.0000 0.475 0.930 0.5000 0.782 0.924 0.2500 0.511 0.933 0.2500 0.604 0.939 0.5000 0.332 0.818 0.5000 0.450 0.733 0.5000 0.692 0.718 0.5000 0.413 0.563 0.5000 0.684 0.486 0.5000 0.213 0.563 0.5000 0.689 0.845 0.5000 0.532 0.841 0.2000 0.304 0.734 0.5000 0.828 0.738 0.2500 0.832 0.738 0.7500 0.307 0.581 0.5000 0.709 0.564 0.1905 0.472 0.556 0.5000 0.672 0.386 0.5000 0.188 0.386 0.5000 0.466 0.241 0.2500 0.259 1.093 0.0671 0.900 1.033 0.0539 0.627 0.760 0.2222 0.672 0.765 0.2000 0.548 0.641 0.0690 0.885 0.389 0.7500 0.447 1.040 0.3333 0.842 0.879 0.3871 0.434 0.825 0.1818 0.802 0.747 0.7500 0.819 0.567 0.7500 0.759 0.879 2.0000 0.800 0.856 0.4000 0.742 0.919 0.4000 0.853 0.787 0.7444 0.964 0.931 0.7483 0.443 0.794 0.4000 0.702 0.783 0.2222 0.888 0.692 0.7500 0.596 0.728 0.5000 0.330 0.577 0.5000 0.461 0.553 0.5000
W 5 0 5.30371 -2.48282 -1.76492 1.29924 -2.62737 0.48508 0.94057 -0.45716 3.18680 -0.04918 -1.93252 -4.87820 -1.34430 -0.52029 0.26792 0.17236 0.93350 1.41736
W 5 1 1.75001 2.58380 -4.82883 1.99312 0.63736 1.89237 -0.55380 -0.80789 0.23103 0.85069 -0.31625 1.49160 0.41801 -1.22571 0.95020 0.77833 0.65849 -1.32120
W 5 2 -3.61921 -0.39535 3.40618 -1.21688 1.05585 -1.01242 0.08413 -0.08476 -1.37554 0.44494 1.45754 2.50438 0.56124 1.22970 -0.81305 -0.06756 -1.19469 0.06031
W 5 3 -3.43450 0.29437 3.18756 -2.07548 0.93417 -1.36504 -0.47090 1.34982 -2.04229 -1.24645 0.79124 0.88221 0.36504 0.51630 -0.40507 -0.88313 -0.39730 -0.15647
S 5 0 0.887 0.773 0.5822 0.887 0.773 0.5484 0.992 0.926 0.5833 0.992 0.843 0.5625 0.736 0.504 0.6711 0.972 1.189 0.6666 0.924 0.968 0.5815 0.924 0.968 0.5478 0.924 0.968 0.5504 0.931 0.821 0.5831 0.803 0.411 0.7705 1.000 0.983 0.6666 1.000 0.983 0.5454 0.906 0.928 0.6666 0.906 0.928 0.5454 0.906 0.928 0.5642 0.967 0.726 0.5452 0.913 1.031 0.5444 0.918 0.888 0.7000 0.867 0.474 0.7120
W 6 0 0.84027 -0.53963 -1.17480 -0.35380 0.15231 0.31964 -0.34026 -0.58316 0.55243 0.23863 0.06774 -0.35125 -0.20104 -0.33313 -0.40454 -0.16689 -0.42892 -0.39974
W 6 1 -0.84027 0.53963 1.17480 0.35380 -0.15231 -0.31964 0.34026 0.58316 -0.55243 -0.23863 -0.06774 0.35125 0.20104 0.33313 0.40454 0.16689 0.42892 0.39974
W 6 2 0.00000 0.00000 0.00000 0.00000 0.00000 0.00000 0.00000 0.00000 0.00000 0.00000 0.00000 0.00000 0.00000 0.00000 0.00000 0.00000 0.00000 0.00000
W 6 3 0.00000 0.00000 0.00000 0.00000 0.00000 0.00000 0.00000 0.00000 0.00000 0.00000 0.00000 0.00000 0.00000 0.00000 0.00000 0.00000 0.00000 0.00000
P RogersMath 0.0078
W 0 0 0.50766 2.29058 -0.41576 4.56211 -2.33783 -0.93320 -0.88339 0.09262 -3.68467 0.00000 0.84616 -0.85968 -5.25818 -0.49975 0.16511 -2.73975 -1.35820 4.76708
W 0 1 -2.51847 1.82188 0.33319 -0.14756 1.78772 -0.33552 -1.55478 -0.09804 -1.65263 0.00000 0.31524 0.30085 2.39076 0.26239 -3.42363 1.58134 -2.07904 4.09067
W 0 2 0.18127 -2.95243 0.24064 1.70263 0.97353 2.21162 0.64277 0.25834 4.46292 0.00000 -0.53211 0.19626 2.50947 0.33089 3.76623 1.13160 0.60149 -3.10589
W 0 3 1.82954 -1.16003 -0.15807 -6.11718 -0.42342 -0.94289 1.79541 -0.25292 0.87438 0.00000 -0.62929 0.36256 0.35795 -0.09353 -0.50771 0.02680 2.83574 -5.75186
S 0 0 0.950 0.864 0.8334 0.900 0.865 0.7500 0.900 0.871 0.7500 0.930 0.879 0.7500 0.190 0.715 0.7500 0.940 0.702 0.7500 0.670 0.715 0.7500 0.270 0.734 0.7500 0.240 0.727 0.7500 0.460 0.578 0.7500 0.630 0.545 0.7500 0.070 0.486 0.7500 0.740 0.537 0.7500 0.870 0.497 0.7500 0.990 0.859 0.8334 0.820 0.389 0.7500 0.540 0.299 0.8334 0.480 0.387 0.8000 0.120 0.405 0.8334 0.250 0.510 0.8000 0.190 0.564 0.8334 0.190 0.595 0.8000 0.230 0.539 0.8334 0.720 0.422 0.8000 0.030 0.463 0.7500 0.300 0.480 0.7500 0.010 0.542 0.7500 0.790 0.491 0.7500 0.920 1.099 0.8000 0.970 1.120 0.8334 0.130 0.686 0.8000 0.800 0.691 0.8334 0.400 0.724 0.8000 0.750 0.728 0.7500 0.750 0.694 0.7500 0.660 0.627 0.7500 0.160 0.465 0.8334 0.900 0.272 0.8334 0.950 1.039 0.8334 0.500 0.724 0.8000 0.040 0.681 0.8000 0.090 0.703 0.7500 0.250 0.735 0.7500 0.710 0.505 0.7500 0.550 0.500 0.7500 0.940 0.500 0.7500 0.130 0.530 0.7500 0.670 0.500 0.7500
W 1 0 0.45804 0.12890 -1.75578 1.86597 -0.13597 0.74290 0.00000 0.45804 0.00000 0.00000 0.45804 0.00000 -0.44250 -0.44327 -1.18121 -1.59111 -2.92579 2.25092
W 1 1 0.00000 0.00000 0.00000 0.00000 0.00000 0.00000 0.00000 0.00000 0.00000 0.00000 0.00000 0.00000 0.00000 0.00000 0.00000 0.00000 0.00000 0.00000
W 1 2 -0.31768 -1.17805 0.52405 1.57145 0.33881 -0.08278 0.00000 -0.31768 0.00000 0.00000 -0.31768 0.00000 0.68777 0.85290 1.50939 0.44552 1.74900 -1.33976
W 1 3 -0.14036 1.04915 1.23173 -3.43741 -0.20284 -0.66011 0.00000 -0.14036 0.00000 0.00000 -0.14036 0.00000 -0.24527 -0.40963 -0.32818 1.14559 1.17679 -0.91116
S 1 0 0.940 0.886 1.0000 0.280 0.738 1.0000 0.870 0.719 1.0000 0.610 0.584 1.0000 0.250 0.562 1.0000 0.080 0.507 1.0000 0.140 0.555 1.0000 0.950 0.781 1.0000 1.000 0.970 1.0000 0.110 0.703 1.0000 0.620 0.720 1.0000 0.630 0.735 1.0000
W 2 0 0.26621 0.27072 -1.50346 0.17156 0.99097 0.88194 -0.67829 -0.56484 1.07249 0.46185 0.17946 0.19025 -1.39033 -0.21376 0.68296 -1.57550 -0.08147 -0.71412
W 2 1 0.80637 1.23039 -0.97652 1.62696 -0.17323 -0.46752 0.31232 -1.50013 -2.41545 -0.28827 0.34115 0.80388 0.04950 -0.35979 -0.39060 0.41371 -0.17052 0.26809
W 2 2 -1.13741 -0.64437 2.16506 0.86681 -2.28834 -0.15473 1.11578 1.15004 0.01520 -0.97335 -0.44145 -0.35089 0.81637 0.31661 -0.25999 0.35477 -0.06350 0.78162
W 2 3 0.06483 -0.85674 0.31492 -2.66533 1.47060 -0.25969 -0.74982 0.91493 1.32776 0.79978 -0.07916 -0.64324 0.52446 0.25694 -0.03238 0.80703 0.31549 -0.33559
W 3 0 0.71591 -0.01208 -0.42121 0.36045 -0.20670 0.36363 0.08258 -0.34683 0.61087 -0.08135 0.36848 -0.58351 -0.62097 0.41365 -0.50843 -0.76566 -0.18382 -0.03850
W 3 1 -0.71591 0.01208 0.42121 -0.36045 0.20670 -0.36363 -0.08258 0.34683 -0.61087 0.08135 -0.36848 0.58351 0.62097 -0.41365 0.50843 0.76566 0.18382 0.03850
W 3 2 0.00000 0.00000 0.00000 0.00000 0.00000 0.00000 0.00000 0.00000 0.00000 0.00000 0.00000 0.00000 0.00000 0.00000 0.00000 0.00000 0.00000 0.00000
W 3 3 0.00000 0.00000 0.00000 0.00000 0.00000 0.00000 0.00000 0.00000 0.00000 0.00000 0.00000 0.00000 0.00000 0.00000 0.00000 0.00000 0.00000 0.00000
W 4 0 4.06471 1.64496 -5.44668 0.35336 -1.31199 -0.05790 -0.79635 0.00139 0.00000 -0.15271 1.47282 0.00000 -2.50278 0.43575 0.58817 0.64084 -0.86611 1.31287
W 4 1 0.00000 0.00000 0.00000 0.00000 0.00000 0.00000 0.00000 0.00000 0.00000 0.00000 0.00000 0.00000 0.00000 0.00000 0.00000 0.00000 0.00000 0.00000
W 4 2 -1.84266 -1.60292 3.43367 1.50077 1.39029 -1.22893 -0.56814 1.01942 0.00000 -1.13137 -2.07436 0.00000 1.10237 -0.10451 -0.55322 -0.11010 1.91298 0.30345
W 4 3 -2.22205 -0.04204 2.01301 -1.85413 -0.07830 1.28683 1.36449 -1.02081 0.00000 1.28408 0.60154 0.00000 1.40042 -0.33124 -0.03495 -0.53074 -1.04687 -1.61633
S 4 0 0.689 0.875 1.0000 0.683 0.879 1.0000 0.520 0.715 1.0000 0.688 0.545 1.0000 0.945 1.101 1.0000 0.796 1.102 1.0000 0.499 0.942 1.0000 0.547 0.539 1.0000 0.642 0.463 1.0000 0.442 0.542 1.0000 0.720 0.491 1.0000 0.812 1.096 1.0000 0.688 1.097 1.0000 0.841 1.006 1.0000 0.880 0.877 1.0000 0.649 0.830 1.0000 0.825 0.728 1.0000 0.797 0.728 1.0000 0.472 0.694 1.0000 0.938 0.676 1.0000 0.618 1.037 1.0000 0.829 0.731 1.0000 0.591 0.843 1.0000 0.611 0.724 1.0000 0.606 0.720 1.0000 0.785 0.735 1.0000 0.798 0.735 1.0000 0.455 0.505 1.0000
W 5 0 2.65043 -2.12503 0.35570 1.46707 -0.13332 0.49579 -0.30776 -1.72407 4.38015 -0.05059 -0.90491 -3.47175 -2.62027 1.09326 -0.06588 -0.51828 -0.78530 1.06032
W 5 1 0.23978 2.04965 -4.33337 0.02606 -0.44830 -0.18328 -0.77638 -0.90921 -1.74044 0.22513 0.32592 1.02971 -0.27722 -0.42787 0.16740 -0.16357 -0.06666 -0.75958
W 5 2 -1.21050 -0.18028 2.21499 0.08019 0.43664 0.57640 0.26618 0.85244 -2.08754 -0.48270 -0.82242 0.91330 2.32386 -0.00262 -0.13996 -0.13196 -0.62922 -0.09136
W 5 3 -1.67972 0.25566 1.76268 -1.57333 0.14497 -0.88891 0.81796 1.78083 -0.55216 0.30816 1.40140 1.52874 0.57363 -0.66277 0.03844 0.81381 1.48119 -0.20938
S 5 0 0.524 0.804 0.9200 0.918 1.086 0.9091 0.940 1.086 0.9166 0.561 0.674 0.7272 0.626 1.037 0.7631 0.625 0.948 0.7272 0.802 0.695 0.7272 0.591 0.609 0.8000
W 6 0 1.02252 -0.41258 -1.10550 -0.24513 0.21512 0.46151 -0.03281 -0.25123 0.59691 0.17446 0.10868 -0.29936 -0.03159 -0.10690 -0.35041 -0.36569 -0.10079 -0.30764
W 6 1 -1.02252 0.41258 1.10550 0.24513 -0.21512 -0.46151 0.03281 0.25123 -0.59691 -0.17446 -0.10868 0.29936 0.03159 0.10690 0.35041 0.36569 0.10079 0.30764
W 6 2 0.00000 0.00000 0.00000 0.00000 0.00000 0.00000 0.00000 0.00000 0.00000 0.00000 0.00000 0.00000 0.00000 0.00000 0.00000 0.00000 0.00000 0.00000
W 6 3 0.00000 0.00000 0.00000 0.00000 0.00000 0.00000 0.00000 0.00000 0.00000 0.00000 0.00000 0.00000 0.00000 0.00000 0.00000 0.00000 0.00000 0.00000
P SmilsXd 0.0056
W 0 0 7.92096 -0.56388 -5.72744 3.36882 -2.75495 0.92809 0.69035 -0.44905 1.53537 0.00000 -0.19746 -1.77740 -1.55472 -2.76923 -2.60841 -3.20108 -0.22653 1.84033
W 0 1 -2.40605 1.88134 0.92033 0.17803 2.70575 0.01827 -0.63508 -0.05279 -1.36872 0.00000 0.13672 0.97349 -2.61096 0.13584 -0.28795 0.02396 0.62625 1.22298
W 0 2 -5.69131 -1.31644 2.13327 0.82408 0.03894 -0.55860 0.79311 0.75471 -0.37748 0.00000 1.17918 -0.51958 1.47046 0.22310 2.27005 3.05258 -1.25125 1.76170
W 0 3 0.17640 -0.00102 2.67385 -4.37093 0.01026 -0.38776 -0.84838 -0.25287 0.21083 0.00000 -1.11844 1.32349 2.69522 2.41029 0.62631 0.12454 0.85153 -4.82500
S 0 0 0.990 1.102 0.5000 0.950 0.566 0.5000 0.950 1.190 0.7500 0.950 1.034 0.5000 1.000 0.750 0.6000 0.990 1.101 0.5000 0.950 0.455 0.7500 0.950 0.866 0.6000 1.000 0.756 0.6000 0.970 1.032 0.4286
W 1 0 1.25734 0.66195 -1.43850 0.93525 0.03367 0.64372 0.00000 1.25734 0.00000 0.00000 1.25734 0.00000 -1.78172 0.25935 -0.29660 -1.66520 0.40047 0.33477
W 1 1 0.00000 0.00000 0.00000 0.00000 0.00000 0.00000 0.00000 0.00000 0.00000 0.00000 0.00000 0.00000 0.00000 0.00000 0.00000 0.00000 0.00000 0.00000
W 1 2 -0.86101 -0.64145 1.24007 1.59459 0.01131 -0.54723 0.00000 -0.86101 0.00000 0.00000 -0.86101 0.00000 1.71844 -0.14221 0.20873 1.58233 -0.50323 -0.50484
W 1 3 -0.39633 -0.02050 0.19842 -2.52984 -0.04498 -0.09649 0.00000 -0.39633 0.00000 0.00000 -0.39633 0.00000 0.06328 -0.11714 0.08787 0.08287 0.10275 0.17007
W 2 0 2.19907 -0.23862 -2.58574 1.46918 0.44866 0.84210 0.12802 1.07891 1.20769 0.33419 0.10231 -1.31031 -1.17807 -0.53008 -1.48177 -1.24637 0.12447 0.19021
W 2 1 1.13596 1.35000 -0.68400 1.27937 -0.55579 -1.11436 -0.30417 -2.05814 -1.44629 -0.08926 0.77439 1.61149 -1.12647 1.11076 0.77256 0.39676 -0.23501 -0.50558
W 2 2 -2.84896 -0.59622 2.42451 0.56842 -1.55279 0.15016 0.34930 0.37742 -0.06207 -0.48203 -0.44936 -0.11201 1.05522 -0.55560 0.67644 0.65507 0.25112 1.50948
W 2 3 -0.48606 -0.51516 0.84523 -3.31697 1.65993 0.12210 -0.17315 0.60182 0.30067 0.23710 -0.42734 -0.18918 1.24932 -0.02508 0.03276 0.19453 -0.14058 -1.19411
W 3 0 0.54179 -0.36121 -0.81523 0.45028 -0.14387 0.27075 0.00232 -0.12316 0.90660 -0.39712 0.38463 -0.68548 -0.95455 -0.92698 0.21460 -0.66498 0.27224 0.12532
W 3 1 -0.54179 0.36121 0.81523 -0.45028 0.14387 -0.27075 -0.00232 0.12316 -0.90660 0.39712 -0.38463 0.68548 0.95455 0.92698 -0.21460 0.66498 -0.27224 -0.12532
W 3 2 0.00000 0.00000 0.00000 0.00000 0.00000 0.00000 0.00000 0.00000 0.00000 0.00000 0.00000 0.00000 0.00000 0.00000 0.00000 0.00000 0.00000 0.00000
W 3 3 0.00000 0.00000 0.00000 0.00000 0.00000 0.00000 0.00000 0.00000 0.00000 0.00000 0.00000 0.00000 0.00000 0.00000 0.00000 0.00000 0.00000 0.00000
W 4 0 1.92975 1.56422 -5.03632 -0.04982 -1.10036 0.05803 -1.61267 -1.04109 0.00000 0.40843 -0.06598 0.00000 1.81795 0.29311 -0.60722 -0.79909 -0.46159 1.92408
W 4 1 0.00000 0.00000 0.00000 0.00000 0.00000 0.00000 0.00000 0.00000 0.00000 0.00000 0.00000 0.00000 0.00000 0.00000 0.00000 0.00000 0.00000 0.00000
W 4 2 -1.00333 -2.37576 2.48474 1.94052 0.94370 -0.01416 0.03089 0.11668 0.00000 -0.72807 0.44016 0.00000 0.12503 0.49241 0.22888 0.18439 -0.43006 0.50874
W 4 3 -0.92642 0.81153 2.55158 -1.89070 0.15666 -0.04387 1.58179 0.92440 0.00000 0.31964 -0.37418 0.00000 -1.94298 -0.78552 0.37835 0.61470 0.89164 -2.43282
S 4 1 0.798 1.100 1.5000 0.867 1.099 1.0000 0.144 1.098 1.0000 0.882 1.189 1.0000 0.656 1.036 1.0000 0.851 1.099 0.9999 0.847 1.099 0.9996 0.896 1.099 1.0000 0.458 1.087 1.0000 0.862 1.087 1.4998 0.870 1.087 1.5000 0.800 1.094 0.9999 0.873 0.939 1.5000 0.831 0.939 1.4998 0.804 0.939 1.5002 0.867 0.748 1.5000 0.890 0.536 1.5000 0.529 0.644 0.9999 0.176 0.644 0.9996 0.320 1.025 1.0004 0.697 1.040 1.0000 0.577 1.030 1.0000 0.938 1.028 1.4998 1.000 1.028 1.5002 0.536 0.915 1.0000 0.435 0.915 0.9999 0.828 0.750 0.9999 0.851 0.750 0.9997 0.862 0.750 0.9996 0.490 1.190 1.0000 0.842 1.036 1.0000 0.957 1.036 1.5000 0.980 1.036 1.5002 0.863 1.031 1.0000 0.828 0.884 1.0000 0.757 0.884 1.0003 0.888 0.884 0.9999 0.522 0.873 1.0001 0.540 0.873 0.9997 0.823 0.714 1.0000 0.513 1.103 0.9999 0.748 1.089 1.0000 0.504 0.955 0.9999 0.681 0.933 1.0000 0.570 0.945 0.9999 0.895 0.798 1.5000 0.338 0.798 1.0000 0.494 0.592 1.0000 0.904 1.098 1.5000 0.544 1.099 1.0000 0.828 0.752 1.4998 0.891 0.911 1.5000 0.233 1.039 1.0000 0.710 1.039 1.4998 0.824 0.868 0.9999 0.823 0.868 0.9997 0.525 0.866 0.9999 0.608 0.586 0.9997 0.359 0.588 1.0000 0.825 0.863 1.0000 0.491 0.672 0.9999
W 5 0 4.72880 -1.96818 -0.51635 1.62772 -0.97107 0.37518 0.11426 -1.28040 4.72766 0.20045 0.56379 -3.49361 0.21966 -0.87894 -1.00087 -2.34769 0.16033 -0.15490
W 5 1 -0.13883 2.60219 -3.53322 0.52023 0.58061 0.19393 -0.16706 0.68693 -1.71422 0.30066 0.22678 1.23424 0.56378 0.19006 1.20270 2.20542 -0.16843 0.28217
W 5 2 -2.22499 -0.68073 2.05262 -0.39832 0.02608 -0.00235 0.11296 0.27405 -1.83281 -0.52581 -0.51783 1.27976 -0.35533 0.25090 0.09360 0.04050 -0.06079 0.10154
W 5 3 -2.36498 0.04672 1.99696 -1.74963 0.36439 -0.56676 -0.06016 0.31942 -1.18063 0.02470 -0.27274 0.97961 -0.42812 0.43798 -0.29543 0.10178 0.06890 -0.22882
W 6 0 0.91964 -0.37374 -0.99993 -0.28444 0.26623 0.46151 0.28306 -0.35412 0.56183 0.17446 0.03140 -0.22979 0.06906 0.05665 -0.35041 -0.26503 -0.12640 -0.31199
W 6 1 -0.91964 0.37374 0.99993 0.28444 -0.26623 -0.46151 -0.28306 0.35412 -0.56183 -0.17446 -0.03140 0.22979 -0.06906 -0.05665 0.35041 0.26503 0.12640 0.31199
W 6 2 0.00000 0.00000 0.00000 0.00000 0.00000 0.00000 0.00000 0.00000 0.00000 0.00000 0.00000 0.00000 0.00000 0.00000 0.00000 0.00000 0.00000 0.00000
W 6 3 0.00000 0.00000 0.00000 0.00000 0.00000 0.00000 0.00000 0.00000 0.00000 0.00000 0.00000 0.00000 0.00000 0.00000 0.00000 0.00000 0.00000 0.00000
P SmogyY 0.0123
W 0 0 -0.76488 -0.78439 -1.20063 -0.89977 -1.09063 -0.64388 -0.68599 -0.46812 -0.85747 0.00000 -0.26795 -0.83690 -0.50406 -0.47379 -0.25721 -0.58020 -0.14359 0.09065
W 0 1 -1.23815 0.91818 -1.36437 -1.45071 -0.55417 -0.92628 -0.55949 -0.08961 -1.36584 0.00000 -0.02763 -0.03113 -0.12885 -0.21284 -0.11760 -0.03861 -0.31434 0.66662
W 0 2 -1.13779 0.32849 1.53570 -1.64774 0.16176 1.58731 1.43669 2.04444 5.87227 0.00000 0.21586 0.79750 1.78826 0.47312 -0.07973 0.10258 0.36146 4.48922
W 0 3 3.14082 -0.46228 1.02930 3.99823 1.48305 -0.01716 -0.19121 -1.48672 -3.64895 0.00000 0.07971 0.07053 -1.15534 0.21351 0.45454 0.51624 0.09648 -5.24649
S 0 2 0.880 1.102 0.6250 0.900 1.101 0.6135 0.240 1.099 0.6079 0.580 1.097 0.5764 0.900 0.943 0.5525 0.400 0.940 0.5236 0.900 0.937 0.5155 0.060 0.934 0.4902 0.750 0.931 0.4831 0.940 0.928 0.4608 0.850 0.925 0.4545 0.680 0.763 0.3953 0.690 0.776 0.7019 0.030 0.599 0.7937 0.370 0.533 0.3205 0.870 0.513 0.2531 0.900 0.480 0.2457 0.550 0.291 0.2386 0.150 0.182 0.2257 0.110 0.000 0.2141 0.590 0.105 0.2202 0.920 1.039 0.8032 0.100 1.035 0.7353 0.270 1.038 0.7752 0.550 1.036 0.7605 0.980 1.032 0.7042 0.290 1.030 0.6920 0.050 0.878 0.6645 0.820 0.875 0.6473 0.960 0.872 0.6270 0.570 0.865 0.3630 0.410 0.838 0.2642 0.810 0.824 0.2558 0.860 0.974 0.3300 0.080 0.808 0.3175 0.580 0.800 0.3115 0.690 0.780 0.2985 0.120 0.758 0.2865 0.070 0.733 0.2755 0.040 0.533 0.2584 0.810 1.037 0.7874 0.590 1.035 0.7722 0.680 1.032 0.7353 0.340 1.030 0.7220 0.180 1.037 0.4082 0.670 1.033 0.3968 0.130 1.031 0.3929 0.110 1.029 0.3906 0.580 0.851 0.2635 0.660 0.835 0.2587 0.760 0.818 0.2541 0.610 0.800 0.2497 0.970 0.629 0.2454 0.810 0.777 0.2967 0.560 0.754 0.2849 0.110 0.729 0.2740 0.820 0.701 0.2639 0.220 0.537 0.2598 0.840 0.664 0.3226 0.780 0.648 0.3106 0.330 0.605 0.2857 0.010 0.739 0.4167 0.070 0.561 0.3731 0.370 1.039 0.4141 0.230 1.037 0.4107 0.810 1.035 0.4057 0.930 1.033 0.4024 0.620 1.066 0.7380 0.230 1.069 0.7273 0.080 0.926 0.7042 0.210 0.932 0.6849 0.950 0.940 0.6579 0.700 0.946 0.6410 0.920 0.954 0.6173 0.980 0.960 0.6024 0.450 0.828 0.5525 0.490 0.837 0.5291 0.250 0.842 0.4785 0.630 0.838 0.4608 0.050 0.833 0.4367 0.560 0.828 0.4219 0.430 0.811 0.3745 0.610 0.655 0.3636 0.650 0.037 0.2125 0.090 1.099 0.6154 0.970 1.101 0.6098 0.280 1.095 0.5764 0.370 1.087 0.5634 0.240 1.092 0.5587 0.730 0.928 0.5376 0.540 0.937 0.5291 0.340 0.916 0.5063 0.960 0.931 0.4988 0.270 0.917 0.4556 0.810 0.737 0.4395 0.570 0.758 0.4282 0.170 0.776 0.7019 0.660 0.793 0.6473 0.110 0.802 0.6231 0.900 0.830 0.5480 0.490 0.686 0.5306 0.240 0.622 0.7143 0.050 0.639 0.6579 0.040 0.602 0.7812 0.590 0.489 0.6579 0.520 0.452 0.7812 0.220 1.037 0.7576 0.950 1.035 0.7273 0.100 1.034 0.7168 0.160 1.032 0.7067 0.720 1.101 0.6192 0.880 1.100 0.6135 0.140 1.095 0.5865 0.830 1.094 0.5797 0.230 1.092 0.5698 0.330 1.091 0.5634 0.510 0.938 0.5495 0.830 0.935 0.5376 0.900 0.925 0.4975 0.710 0.922 0.4878 0.560 0.911 0.4545 0.980 0.907 0.4464 0.130 0.745 0.4184 0.430 0.738 0.4049 0.300 0.730 0.3861 0.660 0.723 0.3745 0.150 0.838 0.5277 0.950 0.837 0.5063 0.460 0.828 0.4773 0.710 0.672 0.4597 0.720 0.652 0.4140 0.250 0.641 0.3883 0.820 0.626 0.5000 0.740 0.614 0.4630 0.370 0.600 0.4167 0.120 0.586 0.3906 0.610 0.413 0.3425 0.200 0.531 0.5407 0.330 0.508 0.3774 0.480 0.486 0.3367 0.960 0.000 0.2123 0.650 0.000 0.2127 0.460 1.101 0.6192 0.790 1.100 0.6116 0.770 1.099 0.6006 0.770 1.097 0.5935 0.010 1.096 0.5831 0.050 1.095 0.5764 0.400 0.942 0.5618 0.570 0.939 0.5495 0.460 0.936 0.5319 0.390 0.933 0.5208 0.670 0.930 0.5051 0.260 0.927 0.4950 0.550 0.774 0.4808 0.980 0.767 0.4630 0.970 0.761 0.4386 0.550 0.754 0.4237 0.370 0.747 0.4032 0.440 0.740 0.3906 0.300 0.733 0.3731 0.600 0.575 0.3623 0.710 0.559 0.3333 0.160 0.542 0.3289 0.910 0.523 0.3049 0.070 0.503 0.2907 0.560 0.480 0.2717 0.470 0.455 0.2604 0.540 0.260 0.2427 0.380 0.225 0.2512 0.360 0.059 0.2283 0.610 0.000 0.2141 0.520 0.026 0.2164 0.430 1.102 0.6250 0.450 1.101 0.6173 0.200 1.099 0.3774 0.540 1.098 0.3745 0.100 1.093 0.3676 0.520 1.092 0.3650 0.610 0.940 0.3610 0.470 0.937 0.3559 0.370 0.965 0.5882 0.680 0.972 0.5682 0.630 0.976 0.5587 0.400 0.988 0.5291 0.700 0.842 0.5181 0.360 0.864 0.4673 0.650 0.878 0.4386 0.210 0.884 0.4274 0.000 1.102 0.6250 0.400 1.101 0.6192 0.030 1.040 0.8333 0.950 1.190 0.4167 0.980 1.189 0.4141 0.030 1.185 0.4082 0.220 1.182 0.4024 0.480 1.188 0.4124 0.850 1.101 0.6116 0.270 1.098 0.5831 0.290 1.040 0.8333 0.590 1.037 0.4124 0.400 1.037 0.4098 0.300 1.032 0.4049 0.960 1.033 0.4024 0.560 1.028 0.3976 0.450 0.879 0.3953 0.670 0.869 0.3861 0.280 0.871 0.3817 0.040 0.947 0.6390 0.250 0.951 0.6270 0.410 1.102 0.6250 0.000 1.099 0.5838 0.740 1.190 0.4167 0.600 1.187 0.4107 0.710 1.185 0.4073 0.460 1.040 0.8333 0.340 1.039 0.8163 0.860 0.714 0.9346 0.590 0.761 0.7519 0.370 0.777 0.6993 0.950 0.791 0.6536 0.510 0.791 0.6536 0.280 0.654 0.6133 0.270 0.586 0.8401 0.750 0.614 0.7405 0.850 0.654 0.6133 0.730 1.188 0.4124 0.690 1.186 0.4090 0.350 1.184 0.4057 0.870 1.040 0.8333 0.980 1.038 0.8130 0.940 1.037 0.7968 0.280 1.035 0.7692 0.060 1.033 0.7519 0.460 1.032 0.7380 0.030 1.030 0.7143 0.460 0.878 0.6993 0.280 0.876 0.6757 0.770 0.872 0.6369 0.680 0.868 0.6173 0.040 0.866 0.5988 0.790 0.862 0.5682 0.800 0.858 0.5495 0.120 0.856 0.5348 0.530 0.699 0.4975 0.900 0.690 0.4739 0.950 0.685 0.4525 0.480 0.676 0.4184 0.310 0.666 0.4016 0.970 0.661 0.3861 0.050 0.784 0.5128 0.930 0.628 0.4830 0.270 0.615 0.6494 0.050 0.561 0.4951 0.870 0.595 0.4505 0.150 0.581 0.4132 0.620 0.557 0.3311 0.610 0.540 0.3145 0.370 0.540 0.4200 0.080 0.521 0.3703 0.450 0.448 0.7931 0.740 0.486 0.6663 0.080 1.102 0.6250 0.840 1.101 0.6192 0.200 1.099 0.6079 0.880 1.099 0.6024 0.430 1.095 0.5917 0.150 1.040 0.8333 0.580 1.039 0.8197 0.190 1.036 0.4073 0.270 1.034 0.4040 0.830 1.031 0.3968 0.230 1.029 0.3937 0.070 0.876 0.3868 0.720 0.872 0.2766 0.550 0.000 0.2699 0.670 0.864 0.2710 0.890 0.860 0.2688 0.670 0.854 0.2710 0.190 0.850 0.2681 0.070 0.843 0.2611 0.150 0.838 0.3448 0.990 0.822 0.3289 0.000 0.759 0.7576 0.220 0.781 0.6849 0.230 1.102 0.6250 0.690 1.101 0.3810 0.140 1.099 0.3781 0.080 1.097 0.3731 0.520 1.096 0.4706 0.660 1.005 0.9756 0.430 0.942 0.4854 0.580 0.939 0.4717 0.930 0.936 0.4630 0.700 0.933 0.4444 0.800 1.040 0.8333 0.720 1.037 0.8065 0.620 1.037 0.7937 0.100 1.035 0.7813 0.340 1.031 0.7547 0.760 1.031 0.7435 0.950 1.030 0.7326 0.130 1.040 0.8333 0.090 1.038 0.8065 0.060 1.036 0.7905 0.350 1.035 0.7782 0.030 1.102 0.6250 0.490 1.101 0.6173 0.280 1.099 0.6042 0.370 1.097 0.5988
W 1 0 -0.62447 0.05567 -1.57361 -0.32746 -0.24116 0.04151 0.00000 -0.62447 0.00000 0.00000 -0.62447 0.00000 -0.58987 -0.23872 -0.21355 -0.40139 0.11513 -0.54189
W 1 1 0.00000 0.00000 0.00000 0.00000 0.00000 0.00000 0.00000 0.00000 0.00000 0.00000 0.00000 0.00000 0.00000 0.00000 0.00000 0.00000 0.00000 0.00000
W 1 2 0.15255 -0.41467 1.58982 2.32013 0.30426 -0.98994 0.00000 0.15255 0.00000 0.00000 0.15255 0.00000 0.78562 1.46167 -0.10645 0.77694 0.08356 0.40108
W 1 3 0.47192 0.35900 -0.01621 -1.99267 -0.06310 0.94843 0.00000 0.47192 0.00000 0.00000 0.47192 0.00000 -0.19575 -1.22295 0.32000 -0.37554 -0.19869 0.14081
S 1 2 0.710 1.101 0.6192 0.410 1.096 0.5714 0.110 0.760 0.3861 0.830 0.618 0.7246 0.320 0.870 0.6116 0.270 1.040 0.8333 0.420 1.031 0.4057 0.710 0.867 0.3883 0.130 1.034 0.4082 0.430 0.873 0.7194 0.260 0.861 0.6711 0.600 0.848 0.6289 0.780 0.620 0.4484 0.550 0.785 0.6735 0.850 0.664 0.3226 0.850 1.102 0.6250 0.050 1.092 0.5747 0.480 0.937 0.5587 0.960 0.719 0.3953 0.910 0.833 0.4914 0.080 0.662 0.4357 0.370 0.629 0.5319 0.530 0.590 0.4386 0.930 0.391 0.3731 0.020 1.102 0.6250 0.490 1.098 0.6061 0.870 1.094 0.5882 0.930 0.939 0.5714 0.440 0.930 0.5405 0.180 0.921 0.5128 0.230 0.911 0.4878 0.220 0.744 0.4505 0.490 0.722 0.4132 0.090 0.697 0.3817 0.290 0.508 0.3472 0.600 0.474 0.3165 0.210 0.385 0.2809 0.480 1.099 0.6116 0.920 0.860 0.3630 0.300 0.438 0.5780 0.000 1.039 0.4149 0.110 1.034 0.4073 0.130 1.029 0.4000 0.200 0.873 0.3906 0.180 1.186 0.4090 0.240 0.632 0.6801 0.670 1.187 0.4107 0.980 1.185 0.4073 0.890 1.035 0.7843 0.240 1.028 0.7273 0.510 0.868 0.6579 0.950 0.856 0.5848 0.830 0.690 0.5236 0.050 0.661 0.4367 0.060 1.100 0.6135 0.920 1.097 0.5970 0.260 0.843 0.3497 0.830 0.753 0.7812 0.260 0.887 0.3831 0.520 1.099 0.3759 0.870 0.887 0.4785 0.910 1.039 0.8197 0.050 1.034 0.7692 0.400 0.878 0.7220 0.000 1.039 0.8197 0.510 1.100 0.6116 0.710 1.040 0.8333
W 2 0 -0.07485 -0.61465 -2.22868 -0.24015 0.13128 -0.04342 -0.58092 -0.93309 0.27387 0.00277 0.06053 -0.72649 -0.90602 -0.48089 -0.38087 -0.78538 -0.49089 -1.10275
W 2 1 0.44654 1.04765 -0.95682 0.98378 -0.72545 -1.61204 -0.65971 -1.38057 -0.77555 1.23233 0.44499 2.34919 0.22725 0.11185 -0.80116 0.32107 0.01740 -0.59624
W 2 2 -1.60367 -0.41849 2.10808 1.44083 -1.31901 0.51471 0.07200 1.44974 0.85918 -1.14133 -0.63761 -0.47894 0.97199 -0.17126 0.43868 0.49215 0.36473 2.77332
W 2 3 1.23199 -0.01451 1.07743 -2.18446 1.91318 1.14075 1.16864 0.86392 -0.35749 -0.09377 0.13210 -1.14376 -0.29322 0.54031 0.74335 -0.02784 0.10876 -1.07433
S 2 2 0.980 1.097 0.6024 0.250 1.098 0.5900 0.630 1.095 0.5650 0.550 0.928 0.5435 0.510 0.914 0.5076 0.470 0.899 0.4762 0.110 0.732 0.4484 0.900 0.770 0.4219 0.600 0.750 0.7906 0.530 0.791 0.6558 0.620 0.551 0.3571 0.990 1.040 0.8333 0.740 1.037 0.7905 0.230 1.037 0.7634 0.170 1.040 0.8333 0.320 1.038 0.8032 0.900 1.026 0.7491 0.920 1.033 0.7273 0.940 1.011 0.6826 0.560 0.836 0.2591 0.370 0.821 0.3279 0.120 0.794 0.3077 0.230 0.774 0.2950 0.830 0.751 0.2833 0.720 0.575 0.2724 0.950 0.513 0.2531 0.860 1.039 0.8163 0.760 1.034 0.7605 0.480 1.040 0.8333 0.140 1.040 0.8333 0.460 1.040 0.8333 0.790 1.039 0.4149 0.780 1.035 0.4032 0.990 0.876 0.3839 0.190 0.846 0.2621 0.340 0.830 0.2574 0.190 0.813 0.2528 0.650 0.794 0.2484 0.590 0.770 0.2933 0.090 0.747 0.2817 0.970 0.722 0.2710 0.570 0.688 0.3448 0.290 0.636 0.3030 0.970 0.720 0.4545 0.230 0.731 0.4032 0.370 0.544 0.3521 0.610 1.040 0.8333 0.650 1.040 0.8333 0.290 1.060 0.7576 0.250 0.963 0.5917 0.340 0.844 0.5128 0.050 0.826 0.4115 0.850 0.650 0.3484 0.490 1.102 0.6250 0.010 1.097 0.6042 0.590 1.099 0.5900 0.010 1.090 0.5714 0.840 0.935 0.5540 0.670 0.923 0.5208 0.110 0.911 0.4914 0.140 0.926 0.4728 0.140 0.894 0.4494 0.580 0.726 0.4175 0.370 0.750 0.7906 0.610 0.810 0.6007 0.830 0.695 0.4988 0.360 0.674 0.4495 0.950 0.671 0.3289 0.360 0.615 0.7353 0.100 0.521 0.4211 0.990 0.573 0.3906 0.900 1.040 0.8333 0.460 1.039 0.8097 0.080 1.021 0.7463 0.590 1.031 0.6969 0.950 1.099 0.6079 0.470 0.934 0.5291 0.470 0.920 0.4808 0.460 0.906 0.4405 0.620 0.808 0.6042 0.940 0.558 0.4785 0.310 1.097 0.3724 0.010 0.909 0.7605 0.240 0.980 0.5494 0.560 0.848 0.5025 0.890 0.868 0.4587 0.970 1.039 0.8197 0.270 1.188 0.4124 0.760 1.185 0.4065 0.290 1.190 0.4167 0.690 1.102 0.6250 0.680 1.097 0.6061 0.020 1.099 0.5952 0.510 1.097 0.5780 0.150 0.876 0.8850 0.020 0.955 0.6154 0.220 1.101 0.6192 0.450 1.101 0.6086 0.910 1.099 0.5787 0.000 1.189 0.4149 0.760 1.064 0.2890 0.050 1.038 0.8032 0.060 0.678 0.8696 0.040 0.802 0.6211 0.190 0.636 0.5291 0.740 0.471 0.6926 0.220 1.190 0.4167 0.870 0.628 0.5094 0.170 0.465 0.5882 0.430 0.272 0.3876 0.470 0.380 0.4607 0.940 1.038 0.4124 0.490 1.030 0.4016 0.220 1.023 0.3914 0.940 0.256 0.2743 0.170 0.239 0.2660 0.940 0.834 0.3401 0.170 0.766 0.7353 0.030 0.876 0.4566 0.320 0.874 0.6969 0.450 1.034 0.7663
W 3 0 -0.25987 -0.33211 -0.49807 -0.04432 -0.17971 0.01696 -0.18016 -0.48369 -0.14281 -0.55139 0.10569 -0.37235 -0.62097 -0.23868 -0.13362 -0.46089 -0.20053 -0.30045
W 3 1 0.25987 0.33211 0.49807 0.04432 0.17971 -0.01696 0.18016 0.48369 0.14281 0.55139 -0.10569 0.37235 0.62097 0.23868 0.13362 0.46089 0.20053 0.30045
W 3 2 0.00000 0.00000 0.00000 0.00000 0.00000 0.00000 0.00000 0.00000 0.00000 0.00000 0.00000 0.00000 0.00000 0.00000 0.00000 0.00000 0.00000 0.00000
W 3 3 0.00000 0.00000 0.00000 0.00000 0.00000 0.00000 0.00000 0.00000 0.00000 0.00000 0.00000 0.00000 0.00000 0.00000 0.00000 0.00000 0.00000 0.00000
W 4 0 1.27777 1.90586 -5.27251 -1.38067 -0.91785 0.68801 -1.82813 -0.02113 0.00000 0.21518 0.11406 0.00000 -0.34300 -0.33454 -0.27532 -0.46254 0.19217 0.45248
W 4 1 0.00000 0.00000 0.00000 0.00000 0.00000 0.00000 0.00000 0.00000 0.00000 0.00000 0.00000 0.00000 0.00000 0.00000 0.00000 0.00000 0.00000 0.00000
W 4 2 0.04434 -1.98780 3.71482 1.33381 0.20121 -1.06561 0.17788 -0.62170 0.00000 -0.40979 -0.32522 0.00000 1.10261 0.23875 0.25637 0.09483 1.68792 -1.34842
W 4 3 -1.32211 0.08194 1.55769 0.04687 0.71665 0.37760 1.65025 0.64283 0.00000 0.19461 0.21116 0.00000 -0.75961 0.09579 0.01896 0.36770 -1.88009 0.89594
S 4 0 0.540 0.760 0.4762 0.442 0.865 0.4902 0.675 0.544 0.4310 0.692 0.726 0.4762 0.997 1.185 0.4975 0.469 1.064 0.4950 0.561 0.867 0.4902 0.952 0.933 0.4902
W 5 0 1.82479 -2.75805 -0.53917 0.06428 -1.01380 0.45826 -0.44089 -1.41424 3.69740 0.01378 0.23034 -3.87767 -0.10982 -0.45791 -0.21070 -0.39277 -0.60370 -0.95016
W 5 1 0.72153 2.38724 -4.13595 0.66272 -0.14744 -0.01394 -1.18906 -0.99164 -0.30350 -0.25694 0.49158 1.57336 0.14682 -0.46555 0.20601 -0.14632 0.85193 0.12776
W 5 2 -1.08663 0.58840 3.31482 -0.37512 0.82242 0.09248 0.95186 1.27223 -1.53731 -0.90719 -0.47253 1.48978 -0.35949 0.33434 0.24495 0.26704 0.80162 -0.73779
W 5 3 -1.45969 -0.21759 1.36030 -0.35188 0.33882 -0.53680 0.67809 1.13364 -1.85660 1.15036 -0.24940 0.81454 0.32249 0.58913 -0.24025 0.27205 -1.04985 1.56019
W 6 0 0.81969 -0.50427 -1.14881 -0.40929 0.14041 0.46151 -0.23564 -0.45406 0.44550 0.17446 0.10868 -0.36149 -0.12017 -0.10690 -0.39087 -0.36569 -0.22642 -0.44800
W 6 1 -0.81969 0.50427 1.14881 0.40929 -0.14041 -0.46151 0.23564 0.45406 -0.44550 -0.17446 -0.10868 0.36149 0.12017 0.10690 0.39087 0.36569 0.22642 0.44800
W 6 2 0.00000 0.00000 0.00000 0.00000 0.00000 0.00000 0.00000 0.00000 0.00000 0.00000 0.00000 0.00000 0.00000 0.00000 0.00000 0.00000 0.00000 0.00000
W 6 3 0.00000 0.00000 0.00000 0.00000 0.00000 0.00000 0.00000 0.00000 0.00000 0.00000 0.00000 0.00000 0.00000 0.00000 0.00000 0.00000 0.00000 0.00000
P SuperDron 0.0089
W 0 0 2.55227 1.47773 0.39520 -4.94817 -2.12458 1.59965 0.89655 -1.88183 0.22693 0.00000 -1.09859 -0.68114 -2.57843 0.74415 -2.24518 -3.02114 0.74058 -2.37203
W 0 1 1.91253 1.04753 -2.30750 3.57882 -0.97383 0.00375 0.38092 1.39374 0.01022 0.00000 0.26603 0.83552 -0.94466 0.49281 0.91649 -0.50157 0.60826 2.45341
W 0 2 -2.31459 -0.53726 0.54264 2.08885 -0.89839 -0.74831 -0.58967 0.74202 0.95657 0.00000 -0.12159 0.02348 0.07081 -0.10079 -0.03169 -0.11672 -0.84474 -0.53047
W 0 3 -2.15020 -1.98801 1.36967 -0.71950 3.99680 -0.85509 -0.68779 -0.25393 -1.19372 0.00000 0.95415 -0.17787 3.45228 -1.13617 1.36037 3.63943 -0.50410 0.44909
W 1 0 1.34245 0.64220 -1.54908 0.75779 -0.20433 1.05571 0.00000 1.34245 0.00000 0.00000 1.34245 0.00000 -1.78014 0.07644 -0.74730 -1.07417 0.69949 -0.12450
W 1 1 0.00000 0.00000 0.00000 0.00000 0.00000 0.00000 0.00000 0.00000 0.00000 0.00000 0.00000 0.00000 0.00000 0.00000 0.00000 0.00000 0.00000 0.00000
W 1 2 -0.83210 -0.91713 0.75043 1.42415 -0.40335 -0.40630 0.00000 -0.83210 0.00000 0.00000 -0.83210 0.00000 0.17758 0.14171 -0.16173 -0.06699 -0.43762 -0.80620
W 1 3 -0.51035 0.27493 0.79866 -2.18194 0.60768 -0.64941 0.00000 -0.51035 0.00000 0.00000 -0.51035 0.00000 1.60257 -0.21815 0.90903 1.14116 -0.26187 0.93070
W 2 0 0.61846 0.20874 -1.65648 -0.05427 0.28064 -0.03121 0.02483 0.16109 1.21353 0.33313 0.48132 0.63375 -0.67548 -0.14199 -0.14777 -1.35699 -0.07354 -0.87946
W 2 1 2.74974 0.95380 -1.42851 2.81052 -0.33779 -0.65419 -0.75447 -0.23445 -1.22949 -0.08903 -0.18005 -0.28853 -1.03262 0.02213 -0.03585 0.00420 0.69944 0.75578
W 2 2 -2.61925 -0.53101 2.32597 0.45154 -1.80533 0.15373 0.28183 0.35468 -0.37138 -0.48138 -0.38918 -0.62493 0.52078 0.10960 0.19490 0.41009 -0.12964 1.13842
W 2 3 -0.74896 -0.63152 0.75903 -3.20779 1.86247 0.53167 0.44781 -0.28132 0.38735 0.23729 0.08792 0.27970 1.18732 0.01026 -0.01127 0.94271 -0.49626 -1.01474
W 3 0 0.58485 -0.02962 -0.36245 0.44042 -0.03103 0.18019 0.06102 -0.15052 0.77595 -0.36252 0.22691 -0.00888 -0.62097 -0.08969 -0.08147 -0.45814 0.14151 0.11351
W 3 1 -0.58485 0.02962 0.36245 -0.44042 0.03103 -0.18019 -0.06102 0.15052 -0.77595 0.36252 -0.22691 0.00888 0.62097 0.08969 0.08147 0.45814 -0.14151 -0.11351
W 3 2 0.00000 0.00000 0.00000 0.00000 0.00000 0.00000 0.00000 0.00000 0.00000 0.00000 0.00000 0.00000 0.00000 0.00000 0.00000 0.00000 0.00000 0.00000
W 3 3 0.00000 0.00000 0.00000 0.00000 0.00000 0.00000 0.00000 0.00000 0.00000 0.00000 0.00000 0.00000 0.00000 0.00000 0.00000 0.00000 0.00000 0.00000
W 4 0 2.70794 1.55425 -4.88758 -0.62786 -1.63809 1.64609 -1.01679 1.42671 0.00000 -0.66275 -0.94915 0.00000 0.31464 -0.26882 -0.78444 -0.38988 1.09758 1.20441
W 4 1 0.00000 0.00000 0.00000 0.00000 0.00000 0.00000 0.00000 0.00000 0.00000 0.00000 0.00000 0.00000 0.00000 0.00000 0.00000 0.00000 0.00000 0.00000
W 4 2 -0.25746 -1.61276 2.89900 1.52283 0.87079 0.03956 0.44214 0.29649 0.00000 0.20821 -0.06502 0.00000 1.00946 -1.83451 1.18895 0.48362 0.09802 -1.12024
W 4 3 -2.45048 0.05851 1.98858 -0.89497 0.76730 -1.68565 0.57465 -1.72320 0.00000 0.45453 1.01417 0.00000 -1.32410 2.10333 -0.40451 -0.09374 -1.19560 -0.08417
S 4 2 0.483 1.036 0.1017 0.323 1.038 0.1008 0.562 0.827 0.1000 0.703 0.809 0.0964 0.603 0.809 0.0843 0.502 0.809 0.0723 0.802 1.030 0.0957 0.483 1.034 0.1026 0.863 1.001 0.0995 0.833 1.001 0.0896 0.853 1.001 0.2388 0.472 0.877 0.0969 0.275 0.877 0.0881 0.242 1.101 0.1006 0.759 0.993 0.0828 0.738 0.993 0.0828 0.670 0.391 0.1653 0.493 0.391 0.1653 0.828 0.868 0.1009 0.959 0.868 0.2752 0.952 0.868 0.1926 0.704 0.947 0.0995 0.735 0.739 0.0997 0.823 1.095 0.0971 0.837 1.095 0.0906 0.832 1.095 0.0777 0.895 0.973 0.2981 0.897 0.875 0.2040 0.613 0.970 0.0991 0.565 0.970 0.0912 0.533 0.970 0.0793 0.537 0.958 0.0971 0.564 0.958 0.0911 0.808 0.842 0.0931 0.533 0.868 0.1012 0.484 0.868 0.0920 0.366 0.664 0.0976 0.887 0.714 0.0767 0.795 0.702 0.0938 0.740 0.702 0.0741 0.783 0.733 0.2826 0.875 0.733 0.1927 0.572 0.499 0.0936 0.554 0.499 0.0936 0.523 0.499 0.0843 0.822 1.039 0.1004 0.242 1.036 0.0988 0.488 1.048 0.0960 0.401 1.048 0.0880 0.726 1.000 0.1000 0.767 1.004 0.0980 0.790 1.004 0.0882 0.835 1.004 0.0784 0.809 0.967 0.0933 0.819 0.967 0.0934 0.850 0.967 0.0817 0.401 0.896 0.0967 0.783 0.900 0.0952 0.769 0.900 0.0872 0.661 0.900 0.0793 0.807 0.953 0.0993 0.564 0.766 0.0956 0.558 0.766 0.0809 0.551 0.802 0.0996 0.543 0.802 0.0871 0.593 0.802 0.0809 0.522 0.858 0.0963 0.838 0.664 0.0882 0.837 0.664 0.0823 0.873 0.664 0.0705 0.829 0.723 0.0986 0.772 0.730 0.0909 0.750 0.730 0.0822 0.698 0.730 0.0736 0.702 0.580 0.0643 0.736 0.580 0.0642 0.802 0.421 0.0949 0.343 0.408 0.1524 0.584 1.099 0.1013 0.320 1.097 0.1022 0.532 0.685 0.0993 0.684 0.584 0.0973 0.647 0.584 0.0878 0.877 0.734 0.2980 0.822 1.190 0.1000 0.811 1.190 0.0917 0.840 1.190 0.0792 0.531 1.130 0.1006 0.559 1.130 0.0906 0.476 1.130 0.0805 0.624 1.184 0.0984 0.960 1.035 0.2935 0.669 1.032 0.1009 0.513 1.035 0.0978 0.740 1.036 0.0973 0.568 1.038 0.1007 0.792 0.115 0.0986 0.877 1.097 0.3077 0.920 1.076 0.2958 0.913 0.901 0.3071 0.687 0.722 0.0987
W 5 0 1.09556 -2.54917 -0.46491 -0.25858 -0.83008 0.35795 0.23938 2.32271 4.30737 -0.62936 0.10061 -3.05835 -1.79864 0.30197 -0.99478 -0.73868 0.26223 -0.36622
W 5 1 1.85593 2.90559 -3.81033 1.46230 -0.05663 -0.69187 -0.55729 -2.14236 0.11399 0.10575 0.77135 1.51376 1.07198 -1.78821 -0.04364 -0.01502 -0.00085 0.32475
W 5 2 -0.53954 -0.38296 2.29334 0.58711 0.54290 0.89793 0.27817 -0.37900 -3.21291 0.51978 -0.51630 0.57693 1.23171 1.08056 1.31395 0.60364 -0.26951 0.31547
W 5 3 -2.41196 0.02655 1.98190 -1.79083 0.34381 -0.56402 0.03974 0.19866 -1.20845 0.00383 -0.35566 0.96766 -0.50506 0.40568 -0.27553 0.15006 0.00814 -0.27400
S 5 2 0.918 1.102 0.2812 0.663 0.958 0.0789 0.663 0.958 0.1336 0.280 0.808 0.0994 0.280 0.808 0.1642 0.828 0.702 0.0840 0.660 1.100 0.1009 0.916 1.100 0.2650 0.856 0.757 0.0974 0.368 0.708 0.0862 0.414 0.708 0.0766
W 6 0 0.74782 -0.53161 -1.15827 -0.44599 0.12676 0.31385 -0.05842 -0.27684 0.38513 0.17446 -0.14042 -0.38571 -0.28069 -0.25456 -0.35041 -0.36569 -0.12640 -0.45600
W 6 1 -0.74782 0.53161 1.15827 0.44599 -0.12676 -0.31385 0.05842 0.27684 -0.38513 -0.17446 0.14042 0.38571 0.28069 0.25456 0.35041 0.36569 0.12640 0.45600
W 6 2 0.00000 0.00000 0.00000 0.00000 0.00000 0.00000 0.00000 0.00000 0.00000 0.00000 0.00000 0.00000 0.00000 0.00000 0.00000 0.00000 0.00000 0.00000
W 6 3 0.00000 0.00000 0.00000 0.00000 0.00000 0.00000 0.00000 0.00000 0.00000 0.00000 0.00000 0.00000 0.00000 0.00000 0.00000 0.00000 0.00000 0.00000
P Testadicardi 0.0045
W 0 0 -0.05995 -0.58487 -1.10269 -0.64825 -1.02273 0.07736 -0.72274 -0.44905 -0.60598 0.00000 -0.26965 -0.76921 -0.50372 -0.53122 -0.24546 -0.57630 -0.02129 0.19209
W 0 1 -0.62197 1.20111 -1.19735 -1.25262 -0.45216 -0.32057 -0.55896 -0.05279 -1.14634 0.00000 0.04864 0.06797 -0.12730 -0.26648 -0.08494 -0.02043 -0.17860 0.75630
W 0 2 -0.88795 0.74011 1.15290 4.33257 0.33279 0.75455 -0.23785 0.75471 1.54856 0.00000 0.45593 0.35095 0.27215 -1.15097 0.10102 0.13547 -0.49114 1.76214
W 0 3 1.56987 -1.35634 1.14714 -2.43170 1.14209 -0.51134 1.51955 -0.25287 0.20376 0.00000 -0.23493 0.35029 0.35887 1.94866 0.22938 0.46126 0.69102 -2.71053
S 0 2 0.320 1.040 0.2000 0.600 1.039 0.0996 0.490 1.037 0.0986 0.100 1.048 0.1920 0.030 1.053 0.1882 0.230 1.055 0.1860 0.190 0.910 0.1818 0.070 0.915 0.1778 0.180 0.922 0.1714 0.120 1.102 0.1500 0.120 1.040 0.2000 0.190 1.039 0.1967 0.190 1.038 0.1935 0.520 1.035 0.1071 0.360 1.033 0.1062 0.110 1.033 0.1053 0.750 1.030 0.1034 0.470 0.878 0.1023 0.260 0.877 0.1006 0.940 0.872 0.0974 0.020 0.868 0.0954 0.590 0.867 0.0939 0.110 0.860 0.0907 0.080 0.856 0.0894 0.410 0.857 0.0881 0.430 0.698 0.0865 0.100 0.689 0.0835 0.430 0.683 0.0835 0.900 0.834 0.1174 0.290 0.829 0.1119 0.290 0.827 0.1079 0.850 0.819 0.1015 0.840 0.664 0.0982 0.050 0.653 0.0821 0.140 1.102 0.1500 0.870 0.901 0.3780 0.140 1.058 0.1839 0.950 1.060 0.1818 0.770 1.101 0.1505 0.990 1.103 0.1491 0.340 0.758 0.3664 0.520 0.767 0.3504 0.130 0.786 0.3221 0.390 1.078 0.0712 0.800 1.189 0.0996 0.190 1.075 0.0709 0.300 1.187 0.0988 0.110 1.040 0.2000 0.280 1.039 0.1967 0.960 1.038 0.1935 0.250 0.731 0.8276 0.430 1.190 0.1000 0.430 1.076 0.0710 0.100 1.147 0.1218 0.180 0.716 0.8889 0.840 1.040 0.2000
W 1 0 -0.18287 0.14708 -1.55363 0.02149 -0.17060 0.25121 0.00000 -0.18287 0.00000 0.00000 -0.18287 0.00000 -0.59351 -0.24039 -0.24651 -0.40255 0.03216 -0.27757
W 1 1 0.00000 0.00000 0.00000 0.00000 0.00000 0.00000 0.00000 0.00000 0.00000 0.00000 0.00000 0.00000 0.00000 0.00000 0.00000 0.00000 0.00000 0.00000
W 1 2 0.46859 -0.26205 1.22419 2.39209 0.09373 -0.15926 0.00000 0.46859 0.00000 0.00000 0.46859 0.00000 0.42647 0.31485 0.15650 0.18722 -0.17381 0.00323
W 1 3 -0.28573 0.11497 0.32944 -2.41358 0.07686 -0.09196 0.00000 -0.28573 0.00000 0.00000 -0.28573 0.00000 0.16704 -0.07446 0.09001 0.21532 0.14165 0.27434
S 1 2 0.840 1.058 0.1839 0.980 1.036 0.1905 0.920 0.639 0.1043 0.750 0.422 0.0990 0.490 0.864 0.0925 0.400 0.824 0.1050 0.170 0.428 0.0936 0.110 1.040 0.2000 0.970 0.906 0.3692 0.820 1.063 0.1798 0.670 1.105 0.1477 0.860 0.777 0.3357 0.020 1.077 0.0711 0.370 1.188 0.0992 0.300 1.036 0.1905 0.070 1.146 0.1224
W 2 0 0.40734 -0.35421 -2.09061 0.17869 0.36077 -0.18174 -0.72084 -0.43743 0.15691 -0.15102 -0.08163 -0.62159 -0.89317 -0.48572 -0.36746 -0.75664 -0.47626 -0.70279
W 2 1 0.95895 1.28392 -0.84142 1.42678 -0.32023 -1.00657 -0.24622 -1.13753 -0.89715 0.41513 0.90689 1.84457 -0.43106 -0.24608 0.10241 -0.06257 -0.52566 -0.28487
W 2 2 -1.18924 -0.46037 2.18569 1.55523 -1.80549 0.97419 1.08745 0.83818 0.36860 -0.41417 -0.35711 -0.83562 0.54556 0.14719 -0.00803 0.31698 0.56588 2.03365
W 2 3 -0.17705 -0.46933 0.74634 -3.16070 1.76495 0.21412 -0.12040 0.73677 0.37164 0.15006 -0.46815 -0.38736 0.77866 0.58461 0.27308 0.50223 0.43604 -1.04600
S 2 2 0.490 1.037 0.1930 0.180 0.922 0.3286 0.620 1.040 0.2000 0.370 0.606 0.2452 0.190 1.190 0.1000 0.250 1.076 0.0710 0.030 0.746 0.7742 0.080 1.189 0.0996 0.130 1.148 0.1212
W 3 0 -0.07547 -0.15113 -0.41789 0.12521 -0.06613 0.15438 0.00331 -0.44354 -0.13577 -0.66039 0.21202 -0.23423 -0.62097 -0.19150 -0.13362 -0.46089 -0.19512 -0.08993
W 3 1 0.07547 0.15113 0.41789 -0.12521 0.06613 -0.15438 -0.00331 0.44354 0.13577 0.66039 -0.21202 0.23423 0.62097 0.19150 0.13362 0.46089 0.19512 0.08993
W 3 2 0.00000 0.00000 0.00000 0.00000 0.00000 0.00000 0.00000 0.00000 0.00000 0.00000 0.00000 0.00000 0.00000 0.00000 0.00000 0.00000 0.00000 0.00000
W 3 3 0.00000 0.00000 0.00000 0.00000 0.00000 0.00000 0.00000 0.00000 0.00000 0.00000 0.00000 0.00000 0.00000 0.00000 0.00000 0.00000 0.00000 0.00000
W 4 0 0.75413 2.05478 -5.17560 -1.75510 -0.78836 0.75922 -2.04979 0.01168 0.00000 -0.11932 -0.60051 0.00000 -0.15920 -0.32929 -0.39861 -0.46355 0.06405 0.19501
W 4 1 0.00000 0.00000 0.00000 0.00000 0.00000 0.00000 0.00000 0.00000 0.00000 0.00000 0.00000 0.00000 0.00000 0.00000 0.00000 0.00000 0.00000 0.00000
W 4 2 -0.39092 -2.71223 2.67492 1.82553 -0.20915 -0.20452 2.24615 -0.89041 0.00000 -0.86247 0.80194 0.00000 0.85856 -0.44794 0.28161 -1.02293 0.04229 0.64640
W 4 3 -0.36321 0.65745 2.50068 -0.07042 0.99751 -0.55470 -0.19636 0.87873 0.00000 0.98178 -0.20144 0.00000 -0.69936 0.77723 0.11699 1.48648 -0.10634 -0.84141
S 4 2 0.504 1.040 0.2000 0.593 1.102 0.1500 0.585 1.102 0.1500 0.557 1.102 0.1500 0.785 1.036 0.1905 0.715 1.036 0.1905 0.995 1.036 0.1905 0.622 0.428 0.0936 0.312 0.606 0.1839 0.230 0.606 0.1839 0.235 0.606 0.1840 0.201 1.040 0.2000 0.302 1.040 0.2000 0.051 1.040 0.2000 0.279 1.102 0.1500 0.177 1.102 0.1500 0.064 1.102 0.1500 0.677 0.906 0.3692 0.694 1.063 0.1798 0.418 1.105 0.1477 0.390 1.105 0.1477 0.367 1.105 0.1477 0.235 0.786 0.3222 0.114 0.786 0.3221 0.642 1.190 0.1000 0.575 1.190 0.1000 0.699 1.190 0.1000 0.401 1.076 0.0710 0.285 1.076 0.0710 0.356 1.076 0.0710 0.598 1.189 0.0996 0.524 1.189 0.0996 0.607 1.189 0.0996 0.257 1.075 0.0709 0.212 1.075 0.0709 0.108 1.075 0.0709 0.233 1.036 0.1905 0.152 1.036 0.1905 0.096 1.036 0.1905 0.206 1.189 0.0996 0.286 1.189 0.0996 0.947 1.189 0.0996 0.518 1.076 0.0710 0.223 1.148 0.1212 0.193 1.148 0.1213 0.557 1.148 0.1212
W 5 0 2.02961 -2.67703 -0.51328 0.22095 -0.93978 0.45826 -0.20148 -0.96034 3.58311 -0.01951 0.17606 -3.90006 -0.09370 -0.50897 -0.33166 -0.39277 -0.52546 -0.81821
W 5 1 1.89832 2.80100 -3.93930 1.40751 0.14016 -0.01394 -0.05216 -0.07123 -0.84391 0.39405 0.54704 1.41625 0.48341 -0.35096 0.33403 -0.14632 0.48954 0.52342
W 5 2 -1.81302 -0.36705 2.29774 -0.07135 0.28113 0.09248 0.22548 0.55071 -1.68038 -0.46894 -0.47253 1.40419 -0.13751 0.34849 0.24495 0.26704 -0.06865 0.37017
W 5 3 -2.11492 0.24308 2.15484 -1.55711 0.51849 -0.53680 0.02816 0.48086 -1.05882 0.09440 -0.25057 1.07961 -0.25221 0.51144 -0.24732 0.27205 0.10457 -0.07539
W 6 0 0.88672 -0.48149 -1.14449 -0.37667 0.14532 0.46151 -0.11436 -0.38703 0.51350 0.10862 0.06432 -0.32966 -0.07595 -0.16284 -0.40466 -0.36569 -0.12640 -0.44054
W 6 1 -0.88672 0.48149 1.14449 0.37667 -0.14532 -0.46151 0.11436 0.38703 -0.51350 -0.10862 -0.06432 0.32966 0.07595 0.16284 0.40466 0.36569 0.12640 0.44054
W 6 2 0.00000 0.00000 0.00000 0.00000 0.00000 0.00000 0.00000 0.00000 0.00000 0.00000 0.00000 0.00000 0.00000 0.00000 0.00000 0.00000 0.00000 0.00000
W 6 3 0.00000 0.00000 0.00000 0.00000 0.00000 0.00000 0.00000 0.00000 0.00000 0.00000 0.00000 0.00000 0.00000 0.00000 0.00000 0.00000 0.00000 0.00000
P TheCodeWitcher 0.0100
W 0 0 9.82826 -1.88831 -8.12584 0.22973 -4.55155 0.27820 -0.11572 -0.44905 -0.26178 0.00000 -0.13511 -0.63342 -2.59837 0.63226 -0.63052 -3.34440 -2.22200 2.56941
W 0 1 0.52628 1.96682 -1.98066 2.93061 0.81927 -0.08166 -0.62317 -0.05279 0.61213 0.00000 0.86097 -2.14838 -1.29294 -0.90715 -0.39947 -0.81082 1.42717 1.64761
W 0 2 -9.50469 -1.87263 3.99320 1.95635 3.55447 0.72466 0.06160 0.75471 0.08824 0.00000 -0.54078 1.12601 3.87615 0.32980 2.18734 2.59846 1.51009 1.49220
W 0 3 -0.84985 1.79413 6.11331 -5.11669 0.17781 -0.92120 0.67728 -0.25287 -0.43859 0.00000 -0.18508 1.65579 0.01516 -0.05491 -1.15736 1.55676 -0.71526 -5.70923
S 0 0 0.970 0.871 1.5000 0.960 0.707 2.2500 0.980 0.673 1.8000 0.950 1.042 1.1250 0.940 0.963 1.8000 0.970 0.699 2.2500 0.940 0.955 1.8000 0.980 1.027 2.2500 0.950 0.860 2.2500 0.950 1.039 1.5000 0.980 0.750 1.5000 0.950 1.099 1.5000 0.970 0.963 1.5000 0.950 0.839 1.8000 0.940 0.850 1.8000 0.970 0.874 1.5000 0.990 0.662 1.8000
W 1 0 1.71881 -0.90600 -3.71096 0.86795 -1.32160 0.47604 0.00000 1.71881 0.00000 0.00000 1.71881 0.00000 -1.05207 -0.45211 -0.66473 -1.60345 -1.69030 0.43710
W 1 1 0.00000 0.00000 0.00000 0.00000 0.00000 0.00000 0.00000 0.00000 0.00000 0.00000 0.00000 0.00000 0.00000 0.00000 0.00000 0.00000 0.00000 0.00000
W 1 2 -1.52176 -0.08614 2.22744 2.30680 1.64904 0.65671 0.00000 -1.52176 0.00000 0.00000 -1.52176 0.00000 1.02068 0.30869 -0.55123 1.03281 0.98347 0.43798
W 1 3 -0.19705 0.99214 1.48352 -3.17475 -0.32744 -1.13275 0.00000 -0.19705 0.00000 0.00000 -0.19705 0.00000 0.03139 0.14342 1.21596 0.57063 0.70683 -0.87508
S 1 0 0.970 0.958 1.2000 0.920 0.769 1.2000 0.960 0.939 1.0000 0.980 0.950 1.0000 0.780 0.705 1.5000 0.910 0.578 1.5000 0.880 1.039 0.7500 0.920 0.860 0.7500 0.850 1.184 1.5000 0.950 1.187 1.5000 0.980 1.030 1.5000 0.560 0.875 1.5000 0.880 1.102 1.2000 0.970 0.951 1.2000 0.800 1.190 1.5000 0.690 0.643 0.7500 0.860 1.039 0.7500 0.980 1.048 0.8571 0.950 0.914 0.8571 0.950 0.764 0.7500 0.910 0.776 1.0000 0.870 0.942 1.0000 0.910 0.832 1.0000 0.920 0.652 1.2000
W 2 0 1.85373 -0.76078 -2.89600 1.49560 0.13453 0.84912 -0.79938 -0.34072 1.89038 -0.79350 0.47648 -0.93238 -0.82333 -0.32013 -0.44930 -0.83697 -1.14254 0.46316
W 2 1 1.78439 1.48233 -1.19255 1.60498 -0.49136 -0.93994 0.49998 0.11253 -2.14606 -0.90855 1.03355 0.70863 -1.48885 -0.32773 -0.76670 -1.03954 0.78572 -0.22620
W 2 2 -2.96659 -0.15493 3.22678 0.15719 -1.44098 0.49550 0.93147 0.17409 -0.08923 0.61154 -0.91430 0.20518 1.75914 -0.24537 0.94194 0.70222 0.05442 0.85709
W 2 3 -0.67153 -0.56662 0.86177 -3.25778 1.79781 -0.40467 -0.63207 0.05410 0.34491 1.09051 -0.59572 0.01857 0.55304 0.89323 0.27406 1.17429 0.30240 -1.09406
S 2 0 0.950 1.034 0.9755 0.960 0.614 1.5925 0.970 0.858 1.8000 0.950 0.720 1.8000 0.950 0.720 0.4400 0.950 1.042 1.2652 0.940 0.938 1.2973 0.970 1.031 1.8000 0.920 0.638 1.5291 0.970 0.929 1.6363 0.970 0.929 1.1430
W 3 0 0.92100 -0.14355 -0.64213 0.41672 -0.11575 0.32970 -0.19431 0.27934 0.82941 -0.32540 0.13478 -0.45711 -0.69821 0.00147 -0.33054 -1.32783 -0.18031 0.09781
W 3 1 -0.92100 0.14355 0.64213 -0.41672 0.11575 -0.32970 0.19431 -0.27934 -0.82941 0.32540 -0.13478 0.45711 0.69821 -0.00147 0.33054 1.32783 0.18031 -0.09781
W 3 2 0.00000 0.00000 0.00000 0.00000 0.00000 0.00000 0.00000 0.00000 0.00000 0.00000 0.00000 0.00000 0.00000 0.00000 0.00000 0.00000 0.00000 0.00000
W 3 3 0.00000 0.00000 0.00000 0.00000 0.00000 0.00000 0.00000 0.00000 0.00000 0.00000 0.00000 0.00000 0.00000 0.00000 0.00000 0.00000 0.00000 0.00000
W 4 0 2.80222 1.45596 -4.60907 0.04871 -0.48377 0.44225 0.39484 0.34127 0.00000 1.41523 3.49767 0.00000 -0.38146 -2.41876 0.03364 -0.10449 0.25724 1.82937
W 4 1 0.00000 0.00000 0.00000 0.00000 0.00000 0.00000 0.00000 0.00000 0.00000 0.00000 0.00000 0.00000 0.00000 0.00000 0.00000 0.00000 0.00000 0.00000
W 4 2 -0.10845 -1.22279 2.67726 2.37363 0.91738 -0.10592 -0.12692 -0.10339 0.00000 -2.59025 -2.78444 0.00000 -1.07962 0.06152 -1.75410 0.58291 -0.32005 0.28916
W 4 3 -2.69377 -0.23317 1.93181 -2.42235 -0.43362 -0.33633 -0.26793 -0.23788 0.00000 1.17502 -0.71323 0.00000 1.46108 2.35724 1.72046 -0.47842 0.06282 -2.11853
S 4 0 0.481 1.038 0.2857 0.587 0.855 0.3286 0.909 0.715 0.3333 0.944 0.715 0.3300 0.581 0.945 0.2462 0.808 0.861 0.3320 0.710 0.419 0.3333 0.546 0.772 0.4000 0.625 0.725 0.5000 0.833 1.040 0.2500 0.786 0.676 0.2500 0.778 0.489 0.2857 0.908 1.102 0.3333 0.849 0.955 0.3333 0.712 0.922 0.3333 0.666 0.701 0.5000 0.724 0.869 0.3250 0.552 0.884 0.2500 0.477 0.628 0.2500 0.369 0.511 0.2500 0.787 1.032 0.2500 0.667 1.103 0.3333 0.631 1.105 0.4000 0.644 0.557 0.4000 0.488 1.189 0.2400 0.710 1.185 0.5000 0.343 1.184 0.2500 0.721 1.024 0.5000 0.405 0.819 0.2500 0.702 0.637 0.5000 0.943 1.042 0.3143 0.817 0.766 0.3333 0.986 1.040 0.6571 0.996 1.040 0.6667 0.998 1.040 0.6667 0.839 0.638 0.2500 0.913 1.091 0.3333 0.848 0.942 0.2500 0.647 0.870 0.2500 0.815 0.870 0.3333 0.859 0.993 0.3333 0.513 0.939 0.2455 0.856 0.667 0.4000
W 5 0 1.51956 -3.10247 -1.18093 1.61970 -0.88307 -0.04538 -0.58454 -0.91836 5.73678 0.23176 0.54862 -2.50380 -0.13132 -1.54857 0.54885 0.15248 0.99004 1.23800
W 5 1 2.61378 3.02612 -3.75613 0.36925 0.09305 0.05048 0.89124 -1.00364 -3.31006 1.38045 2.59074 -0.58591 0.73539 -1.84463 0.65539 -0.55281 -0.41977 -0.93907
W 5 2 -3.02266 -0.26380 3.12859 0.14786 1.13816 0.01987 0.46906 0.94809 -0.44219 -1.46632 -2.40965 3.22509 -0.94770 0.67328 -0.86290 1.29193 -0.07364 1.11157
W 5 3 -1.11068 0.34015 1.80847 -2.13681 -0.34814 -0.02497 -0.77575 0.97391 -1.98453 -0.14589 -0.72970 -0.13538 0.34364 2.71992 -0.34134 -0.89160 -0.49663 -1.41050
S 5 0 0.944 0.715 0.5688 0.887 0.707 0.5454 0.758 1.036 0.5334 0.758 1.036 0.3784 0.808 0.861 0.3460 0.808 0.861 0.4294 0.817 1.101 0.4444 0.858 0.939 0.3960 0.754 0.950 0.4444 0.697 0.919 0.4286 0.993 0.713 0.5454 0.752 0.699 0.5454 0.992 0.523 0.5454 0.971 0.523 0.5452 0.825 0.609 0.6666 0.943 1.042 0.6174 0.943 1.042 0.6180 0.597 0.850 0.5454
W 6 0 1.27672 -0.22852 -0.95932 0.00177 0.42120 0.46770 -0.00890 -0.15930 0.50380 0.30814 0.06541 -0.46009 0.11772 -0.27680 -0.31414 -0.21993 -0.41680 -0.04773
W 6 1 -1.27672 0.22852 0.95932 -0.00177 -0.42120 -0.46770 0.00890 0.15930 -0.50380 -0.30814 -0.06541 0.46009 -0.11772 0.27680 0.31414 0.21993 0.41680 0.04773
W 6 2 0.00000 0.00000 0.00000 0.00000 0.00000 0.00000 0.00000 0.00000 0.00000 0.00000 0.00000 0.00000 0.00000 0.00000 0.00000 0.00000 0.00000 0.00000
W 6 3 0.00000 0.00000 0.00000 0.00000 0.00000 0.00000 0.00000 0.00000 0.00000 0.00000 0.00000 0.00000 0.00000 0.00000 0.00000 0.00000 0.00000 0.00000
P TriK_ClaN 0.0111
W 0 0 2.22347 -2.70340 -2.10242 0.53400 -3.57026 3.63374 -0.57726 -0.44905 -3.21847 0.00000 -0.64853 -1.96166 -0.98715 -1.69714 -0.55694 -0.76484 -0.54725 0.04055
W 0 1 1.80982 4.40395 -0.26318 -0.53323 1.35234 -0.49879 0.57060 -0.05279 2.63372 0.00000 1.12392 1.16292 -2.77109 1.85383 -0.91552 -1.86242 0.49870 1.30095
W 0 2 -3.52799 -0.33522 1.38099 2.32413 0.50791 -2.65677 0.35421 0.75471 0.98572 0.00000 -0.46189 0.59040 3.53214 -0.26397 1.27674 2.28375 0.02465 0.64101
W 0 3 -0.50530 -1.36533 0.98461 -2.32491 1.71000 -0.47819 -0.34755 -0.25287 -0.40097 0.00000 -0.01350 0.20834 0.22609 0.10728 0.19571 0.34351 0.02390 -1.98251
W 1 0 0.77834 -0.95875 -2.86443 0.83247 -1.16485 2.29716 0.00000 0.77834 0.00000 0.00000 0.77834 0.00000 -0.74990 -0.53655 0.03505 -0.74038 0.38481 0.45239
W 1 1 0.00000 0.00000 0.00000 0.00000 0.00000 0.00000 0.00000 0.00000 0.00000 0.00000 0.00000 0.00000 0.00000 0.00000 0.00000 0.00000 0.00000 0.00000
W 1 2 -0.18222 1.02757 2.64467 1.63911 1.13315 -2.15378 0.00000 -0.18222 0.00000 0.00000 -0.18222 0.00000 0.57790 0.60835 -0.17198 0.58502 -0.45350 -0.69886
W 1 3 -0.59612 -0.06882 0.21976 -2.47157 0.03171 -0.14338 0.00000 -0.59612 0.00000 0.00000 -0.59612 0.00000 0.17200 -0.07179 0.13693 0.15535 0.06869 0.24647
S 1 0 0.720 0.931 0.8000 0.900 0.902 0.5714 0.890 0.699 0.5714 0.750 1.170 1.0000 0.970 0.864 0.5000 0.650 0.701 1.0000 0.670 1.104 0.8000 0.940 0.371 0.4000 0.670 1.100 0.8000 0.950 0.927 0.8000 0.680 1.102 0.8000 0.560 0.518 0.8000 0.860 1.043 0.5714 0.690 0.281 0.4000
W 2 0 1.49815 -0.79765 -2.46363 0.18232 -0.54026 2.25883 0.06941 -0.29570 2.72325 0.85525 0.29386 -0.47211 -0.93331 -0.20583 -0.37128 -0.45293 0.06408 -0.18991
W 2 1 1.98081 2.16973 -0.36419 2.70243 0.70461 -2.52029 -0.26828 -0.16890 -2.47311 -0.55194 0.65526 1.62552 -0.20952 0.08470 -0.03011 -0.37397 0.07338 0.13838
W 2 2 -2.74851 -0.61764 2.26067 0.38282 -1.84717 0.10212 0.30464 0.23425 -0.31217 -0.50187 -0.45736 -0.63460 0.46458 0.03677 0.19149 0.39698 -0.11690 1.09766
W 2 3 -0.73045 -0.75444 0.56716 -3.26757 1.68282 0.15934 -0.10578 0.23035 0.06203 0.19857 -0.49177 -0.51881 0.67824 0.08435 0.20991 0.42992 -0.02055 -1.04613
W 3 0 0.54988 -0.05110 -0.37729 0.42842 -0.03722 0.28743 0.10822 -0.23677 0.71096 -0.36252 0.32250 -0.01405 -0.62097 -0.14597 -0.13362 -0.44177 -0.00746 0.10668
W 3 1 -0.54988 0.05110 0.37729 -0.42842 0.03722 -0.28743 -0.10822 0.23677 -0.71096 0.36252 -0.32250 0.01405 0.62097 0.14597 0.13362 0.44177 0.00746 -0.10668
W 3 2 0.00000 0.00000 0.00000 0.00000 0.00000 0.00000 0.00000 0.00000 0.00000 0.00000 0.00000 0.00000 0.00000 0.00000 0.00000 0.00000 0.00000 0.00000
W 3 3 0.00000 0.00000 0.00000 0.00000 0.00000 0.00000 0.00000 0.00000 0.00000 0.00000 0.00000 0.00000 0.00000 0.00000 0.00000 0.00000 0.00000 0.00000
W 4 0 5.43390 1.37777 -7.08026 0.32457 -2.10001 1.01450 -0.94031 0.03527 0.00000 0.30014 -0.57410 0.00000 -0.32531 -2.55199 0.63232 -0.91418 0.08194 0.67342
W 4 1 0.00000 0.00000 0.00000 0.00000 0.00000 0.00000 0.00000 0.00000 0.00000 0.00000 0.00000 0.00000 0.00000 0.00000 0.00000 0.00000 0.00000 0.00000
W 4 2 -2.82316 -1.52816 4.64508 1.51032 1.76891 0.03420 -0.49559 0.33575 0.00000 0.02486 -0.79349 0.00000 0.33567 1.93585 -0.17607 -0.61166 0.87785 0.83069
W 4 3 -2.61074 0.15039 2.43518 -1.83489 0.33110 -1.04870 1.43590 -0.37102 0.00000 -0.32500 1.36760 0.00000 -0.01036 0.61613 -0.45625 1.52584 -0.95978 -1.50412
S 4 0 0.566 1.099 0.5000 0.811 1.101 0.6000 0.934 1.101 0.7636 0.647 1.099 0.4000 0.628 1.036 0.4167 0.756 1.042 0.4762 0.652 1.024 0.4667 0.642 1.024 0.5172 0.666 0.885 0.5143 0.672 0.850 0.5191 0.835 0.902 0.7800 0.902 0.786 0.0776 0.777 0.913 0.6194 0.697 1.036 0.4737 0.631 1.003 0.4286 0.591 0.850 0.5143 0.924 0.862 0.7750 0.656 0.521 0.2471 0.642 1.190 0.5000 0.880 1.188 0.7500 0.774 1.189 0.6000 0.972 1.170 0.7500 0.805 1.169 0.7500 0.816 1.017 0.6190 0.752 1.017 0.6170 0.507 1.020 0.5200 0.852 1.040 0.7738 0.859 1.040 0.7757 0.973 0.885 0.7800 0.982 0.885 0.7793 0.952 0.864 0.7750 0.978 0.864 0.7794 0.930 0.864 0.6964 0.603 0.578 0.3922 0.572 0.504 0.5188 0.848 0.374 0.7798 0.950 0.366 0.7781 0.898 0.312 0.7797 0.613 1.097 0.5000 0.691 1.098 0.4154 0.608 1.098 0.5126 0.743 1.105 0.6000 0.855 0.407 0.7800 0.589 1.102 0.5000 0.934 1.097 0.7636 0.707 0.976 0.5000 0.785 0.841 0.6200 0.793 0.700 0.4781 0.917 0.691 0.7800 0.633 0.384 0.5195 0.892 1.102 0.7692 0.932 1.103 0.7667 0.946 1.103 0.7763 0.648 1.028 0.5000 0.758 1.028 0.6125 0.723 0.859 0.6179 0.976 0.859 0.4089 0.581 0.883 0.5143 0.913 0.707 0.7770 0.966 0.732 0.7786 0.615 0.792 0.5089 0.843 0.822 0.4750 0.844 0.822 0.4686 0.600 0.878 0.5182 0.869 0.846 0.7800 0.637 0.761 0.4250 0.950 0.436 0.7792 0.707 0.416 0.2926 0.838 0.452 0.7781
W 5 0 4.47423 -4.11761 -2.10440 2.00439 -2.37260 1.91969 0.67927 0.10438 4.48022 -0.40198 0.56625 -6.20039 1.15595 -1.43579 -0.55150 -0.82182 -0.13683 -0.57668
W 5 1 1.88431 3.47138 -4.89427 0.50188 -0.12556 -0.11322 -0.74971 0.32972 -1.61303 0.08648 -0.15617 2.14181 0.91256 0.15935 0.18096 -0.31813 -0.24321 0.00650
W 5 2 -3.78380 0.74203 5.10900 -0.63718 2.21670 -1.23418 0.03678 -0.52958 -1.59859 0.35704 -0.08702 3.13183 -1.52188 0.97038 0.67652 1.05758 0.39426 0.88427
W 5 3 -2.57474 -0.09580 1.88967 -1.86910 0.28146 -0.57229 0.03367 0.09548 -1.26860 -0.04155 -0.32305 0.92674 -0.54664 0.30607 -0.30598 0.08236 -0.01422 -0.31409
S 5 0 0.867 0.934 0.8257 0.867 0.934 0.6265 0.777 0.913 0.4718 0.946 0.824 0.9886 0.978 0.824 0.9553 0.967 0.824 0.3742 0.812 1.189 0.8229 0.823 1.189 0.8311 0.844 0.929 0.5452 0.887 0.844 0.9925 0.972 0.667 0.5712 0.946 1.103 0.8333 0.898 0.525 0.5932 0.931 1.038 0.9861 0.882 1.044 0.8396 0.998 1.044 0.5714 0.992 1.044 0.0229 0.834 0.874 0.7363 0.952 0.659 0.8367
W 6 0 1.11583 -0.36368 -1.06074 -0.10147 0.34101 0.56732 -0.19456 -0.26373 0.43552 -0.09753 0.56089 -0.43959 -0.02128 0.03904 -0.48479 -0.32751 -0.23171 -0.18519
W 6 1 -1.11583 0.36368 1.06074 0.10147 -0.34101 -0.56732 0.19456 0.26373 -0.43552 0.09753 -0.56089 0.43959 0.02128 -0.03904 0.48479 0.32751 0.23171 0.18519
W 6 2 0.00000 0.00000 0.00000 0.00000 0.00000 0.00000 0.00000 0.00000 0.00000 0.00000 0.00000 0.00000 0.00000 0.00000 0.00000 0.00000 0.00000 0.00000
W 6 3 0.00000 0.00000 0.00000 0.00000 0.00000 0.00000 0.00000 0.00000 0.00000 0.00000 0.00000 0.00000 0.00000 0.00000 0.00000 0.00000 0.00000 0.00000
P TsubasaHizono 0.0045
W 0 0 2.59375 -3.38535 -2.48765 3.21601 -2.59186 1.12477 0.26551 -0.44905 4.09176 0.00000 -0.65123 0.99466 -3.14013 -0.87259 0.65461 -3.49185 1.45857 0.59754
W 0 1 1.59885 4.18272 -1.78292 -1.55450 0.80101 0.54857 1.45923 -0.05279 -4.06084 0.00000 0.41293 -1.50740 -3.07689 -0.50973 -0.58922 1.67628 -0.93517 2.63663
W 0 2 -3.46172 0.82146 3.47027 0.77291 0.21146 -1.13930 -1.16462 0.75471 0.48408 0.00000 0.28655 0.42133 5.93017 1.53848 -0.08625 1.53340 -0.39576 -1.19876
W 0 3 -0.73088 -1.61883 0.80030 -2.43442 1.57939 -0.53405 -0.56013 -0.25287 -0.51500 0.00000 -0.04824 0.09141 0.28685 -0.15616 0.02087 0.28216 -0.12765 -2.03541
S 0 0 0.980 1.036 0.5000 0.970 0.227 0.7500 0.800 0.656 0.5000 0.670 0.940 0.6000 0.980 0.784 0.6000 0.970 0.807 0.5000 0.970 0.629 0.7500 0.970 0.868 0.5143 0.800 0.922 0.5000 0.990 0.943 0.6000 0.670 0.163 0.5000 0.970 1.033 0.5000
W 1 0 1.58391 0.00369 -2.64109 0.81141 -0.58701 0.74008 0.00000 1.58391 0.00000 0.00000 1.58391 0.00000 -2.08869 -0.46830 1.12807 -0.53571 -0.01340 0.55911
W 1 1 0.00000 0.00000 0.00000 0.00000 0.00000 0.00000 0.00000 0.00000 0.00000 0.00000 0.00000 0.00000 0.00000 0.00000 0.00000 0.00000 0.00000 0.00000
W 1 2 -1.01607 0.13092 2.52524 1.70105 0.61367 -0.64414 0.00000 -1.01607 0.00000 0.00000 -1.01607 0.00000 1.97574 0.73542 -1.24971 0.49497 0.16286 -0.79411
W 1 3 -0.56783 -0.13461 0.11585 -2.51246 -0.02667 -0.09593 0.00000 -0.56783 0.00000 0.00000 -0.56783 0.00000 0.11295 -0.26712 0.12164 0.04074 -0.14946 0.23501
W 2 0 1.82898 -0.36309 -2.40280 0.99026 0.13561 0.74274 0.28672 0.34785 1.56740 -0.44945 0.50940 -0.62303 -1.85111 -0.28499 0.43269 -1.34045 -0.16273 -0.15102
W 2 1 1.28010 1.33625 -0.89554 1.57705 -0.36982 -0.85592 -0.47673 -1.06244 -2.03204 -0.52354 0.10987 1.02405 -0.88091 0.21698 -0.82272 0.60745 -0.11185 -0.20769
W 2 2 -2.55021 -0.36898 2.54995 0.41118 -1.75844 -0.06906 0.25636 0.34517 0.51410 0.39152 0.00814 0.25766 1.64204 -0.08701 -0.53018 -0.02320 0.26826 0.98490
W 2 3 -0.55886 -0.60418 0.74839 -2.97849 1.99266 0.18224 -0.06635 0.36943 -0.04947 0.58147 -0.62741 -0.65868 1.08999 0.15501 0.92021 0.75620 0.00632 -0.62619
W 3 0 0.66661 0.03222 -0.32497 0.10034 -0.32885 0.16441 0.35086 -0.42633 0.63769 -0.51873 -0.02870 -0.22864 -1.55515 0.00937 0.19074 -0.04662 0.13219 -0.27878
W 3 1 -0.66661 -0.03222 0.32497 -0.10034 0.32885 -0.16441 -0.35086 0.42633 -0.63769 0.51873 0.02870 0.22864 1.55515 -0.00937 -0.19074 0.04662 -0.13219 0.27878
W 3 2 0.00000 0.00000 0.00000 0.00000 0.00000 0.00000 0.00000 0.00000 0.00000 0.00000 0.00000 0.00000 0.00000 0.00000 0.00000 0.00000 0.00000 0.00000
W 3 3 0.00000 0.00000 0.00000 0.00000 0.00000 0.00000 0.00000 0.00000 0.00000 0.00000 0.00000 0.00000 0.00000 0.00000 0.00000 0.00000 0.00000 0.00000
W 4 0 4.77973 2.08348 -6.55255 0.34134 -1.56918 0.88217 -1.23366 1.47251 0.00000 -0.06306 -0.57577 0.00000 2.46812 -0.86839 0.47674 0.09331 0.25376 1.24813
W 4 1 0.00000 0.00000 0.00000 0.00000 0.00000 0.00000 0.00000 0.00000 0.00000 0.00000 0.00000 0.00000 0.00000 0.00000 0.00000 0.00000 0.00000 0.00000
W 4 2 -1.84042 -1.79785 4.53246 1.18415 1.05057 -0.28496 0.82016 -1.19070 0.00000 0.05426 0.60659 0.00000 -1.92879 0.97987 -0.49206 -0.25506 0.28958 -0.29177
W 4 3 -2.93931 -0.28563 2.02009 -1.52548 0.51861 -0.59721 0.41350 -0.28182 0.00000 0.00880 -0.03082 0.00000 -0.53933 -0.11149 0.01532 0.16175 -0.54334 -0.95635
S 4 0 0.894 0.700 0.6000 0.828 0.479 0.6000 0.929 0.731 0.6000 0.982 0.626 0.5994 0.993 0.626 0.5995 0.999 0.784 0.6000 0.808 0.582 0.6000 0.892 0.582 0.5994 0.948 0.587 0.6000 0.882 0.515 0.6000 0.897 0.515 0.5994 0.983 0.403 0.6000 0.987 1.097 0.6000
W 5 0 3.38242 -1.91217 -0.33659 0.86546 -0.48208 0.01301 -0.81201 -0.30113 5.78995 0.35036 0.16542 -2.48029 1.28596 -1.55030 0.05008 -0.97484 0.65329 -0.31157
W 5 1 1.03702 2.43443 -3.79198 1.06796 -0.05679 0.58226 0.70615 -0.43715 -2.87268 0.03749 0.72039 0.14094 -0.40805 0.94693 -0.04412 0.89124 -0.57735 0.24895
W 5 2 -2.10338 -0.60590 2.10148 -0.27615 0.10463 -0.01915 0.12876 0.38254 -1.76767 -0.46948 -0.57120 1.33121 -0.42414 0.21651 0.23617 -0.00845 -0.08435 0.20687
W 5 3 -2.31606 0.08365 2.02709 -1.65726 0.43424 -0.57612 -0.02291 0.35574 -1.14961 0.08163 -0.31460 1.00814 -0.45378 0.38686 -0.24213 0.09206 0.00841 -0.14425
W 6 0 1.09492 -0.41424 -1.15114 -0.29116 0.16521 0.46151 -0.03174 -0.14789 0.56807 0.30341 0.07774 -0.32063 0.06642 -0.20916 -0.22146 -0.36569 -0.02839 -0.34883
W 6 1 -1.09492 0.41424 1.15114 0.29116 -0.16521 -0.46151 0.03174 0.14789 -0.56807 -0.30341 -0.07774 0.32063 -0.06642 0.20916 0.22146 0.36569 0.02839 0.34883
W 6 2 0.00000 0.00000 0.00000 0.00000 0.00000 0.00000 0.00000 0.00000 0.00000 0.00000 0.00000 0.00000 0.00000 0.00000 0.00000 0.00000 0.00000 0.00000
W 6 3 0.00000 0.00000 0.00000 0.00000 0.00000 0.00000 0.00000 0.00000 0.00000 0.00000 0.00000 0.00000 0.00000 0.00000 0.00000 0.00000 0.00000 0.00000
P Tuo 0.0491
W 0 0 0.01535 -2.37577 -1.61941 13.06509 2.84567 0.62334 0.36656 -0.49380 1.32677 0.00000 0.23655 -1.13798 -1.47901 -0.28057 -0.47658 -1.50696 -0.43711 -5.72804
W 0 1 -1.26499 0.73091 -1.52819 -1.53458 -0.75056 -0.79805 -0.71149 -0.06509 -1.42237 0.00000 0.04787 -0.10030 -0.19908 -0.27550 -0.21733 -0.14771 -0.52541 0.64096
W 0 2 -2.86511 -0.71858 0.47606 1.59580 -1.15127 -1.03422 -0.85477 0.74976 0.78061 0.00000 -0.14691 -0.01839 0.15036 -0.23957 -0.15462 -0.08080 -0.91130 -0.91612
W 0 3 4.11475 2.36345 2.67153 -13.12631 -0.94384 1.20893 1.19970 -0.19086 -0.68502 0.00000 -0.13752 1.25667 1.52774 0.79564 0.84852 1.73548 1.87382 6.00321
W 1 0 0.42789 -0.70012 -2.74884 3.48239 0.52184 0.76809 0.00000 0.42789 0.00000 0.00000 0.42789 0.00000 -1.00419 -0.90876 -0.68173 -2.12597 -0.32192 1.96969
W 1 1 0.00000 0.00000 0.00000 0.00000 0.00000 0.00000 0.00000 0.00000 0.00000 0.00000 0.00000 0.00000 0.00000 0.00000 0.00000 0.00000 0.00000 0.00000
W 1 2 -1.16159 -1.00427 0.75128 1.29701 -0.42284 -0.41866 0.00000 -1.16159 0.00000 0.00000 -1.16159 0.00000 0.35569 -0.01052 -0.13993 0.04897 -0.63005 -0.83821
W 1 3 0.73370 1.70439 1.99756 -4.77940 -0.09900 -0.34943 0.00000 0.73370 0.00000 0.00000 0.73370 0.00000 0.64850 0.91928 0.82166 2.07700 0.95196 -1.13148
W 2 0 1.11593 -0.38405 -2.48635 4.98742 0.98160 0.44451 -0.07163 0.54818 1.27912 0.27438 0.13502 -0.21412 -1.49577 -0.54983 -0.46061 -1.37514 -0.83284 -0.13079
W 2 1 0.40383 0.59083 -1.48440 1.01734 -0.90378 -1.16088 -0.29966 -1.49815 -2.08313 -0.09257 0.44665 0.95440 -0.47255 -0.26460 -0.31154 -0.41578 -0.31282 -0.56551
W 2 2 -2.94197 -0.76569 2.13911 0.21278 -1.99203 0.04027 0.27847 0.01439 -0.47370 -0.48876 -0.39012 -0.75285 0.45754 -0.01091 0.12852 0.30308 -0.19440 0.96297
W 2 3 1.42221 0.55891 1.83165 -6.21755 1.91420 0.67610 0.09282 0.93558 1.27771 0.30695 -0.19154 0.01257 1.51078 0.82534 0.64363 1.48784 1.34006 -0.26668
W 3 0 -0.38227 -0.54221 -1.04524 1.40054 0.31036 -0.14727 -0.56777 -0.02907 0.66641 -0.02017 0.21202 -0.85848 -0.96443 -0.12832 -0.53410 -0.75618 -1.08121 1.20627
W 3 1 0.38227 0.54221 1.04524 -1.40054 -0.31036 0.14727 0.56777 0.02907 -0.66641 0.02017 -0.21202 0.85848 0.96443 0.12832 0.53410 0.75618 1.08121 -1.20627
W 3 2 0.00000 0.00000 0.00000 0.00000 0.00000 0.00000 0.00000 0.00000 0.00000 0.00000 0.00000 0.00000 0.00000 0.00000 0.00000 0.00000 0.00000 0.00000
W 3 3 0.00000 0.00000 0.00000 0.00000 0.00000 0.00000 0.00000 0.00000 0.00000 0.00000 0.00000 0.00000 0.00000 0.00000 0.00000 0.00000 0.00000 0.00000
W 4 0 3.43529 3.04097 -4.55033 0.30480 -0.06293 0.92465 -1.01679 0.32799 0.00000 0.43242 0.37571 0.00000 0.46681 0.08689 0.05969 -0.16048 0.69282 1.87044
W 4 1 0.00000 0.00000 0.00000 0.00000 0.00000 0.00000 0.00000 0.00000 0.00000 0.00000 0.00000 0.00000 0.00000 0.00000 0.00000 0.00000 0.00000 0.00000
W 4 2 -0.71940 -2.94988 2.35605 1.11015 -0.56280 -0.33328 0.44214 -0.10873 0.00000 -0.55651 -0.50377 0.00000 -0.05940 -0.17133 -0.08944 -0.09589 -0.35307 -0.97509
W 4 3 -2.71589 -0.09109 2.19428 -1.41495 0.62573 -0.59137 0.57465 -0.21926 0.00000 0.12408 0.12806 0.00000 -0.40741 0.08444 0.02975 0.25637 -0.33975 -0.89535
W 5 0 3.79235 -1.75977 0.08932 1.69017 -0.22466 0.67142 0.23938 -0.51575 4.52181 0.15693 0.43586 -3.43741 0.57536 -0.05724 -0.02624 -0.08967 0.21552 0.51907
W 5 1 0.54792 2.23271 -4.23701 0.21655 -0.32989 -0.18031 -0.55729 -0.46200 -1.59411 0.21547 0.38028 1.11623 0.10905 -0.48366 0.05849 -0.23625 -0.15187 -0.61708
W 5 2 -2.06003 -0.57370 2.11876 -0.24177 0.13189 0.05417 0.27817 0.52825 -1.79086 -0.46450 -0.52471 1.30893 -0.30298 0.16231 0.21517 0.14112 -0.10988 0.24757
W 5 3 -2.28025 0.10076 2.02894 -1.66495 0.42266 -0.54528 0.03974 0.44950 -1.13683 0.09210 -0.29143 1.01225 -0.38143 0.37859 -0.24743 0.18480 0.04623 -0.14956
W 6 0 1.06402 -0.38642 -1.08978 -0.19117 0.24630 0.46385 -0.05842 -0.21207 0.73794 0.18861 0.10868 -0.21635 0.00593 -0.10690 -0.33860 -0.36569 -0.07742 -0.24446
W 6 1 -1.06402 0.38642 1.08978 0.19117 -0.24630 -0.46385 0.05842 0.21207 -0.73794 -0.18861 -0.10868 0.21635 -0.00593 0.10690 0.33860 0.36569 0.07742 0.24446
W 6 2 0.00000 0.00000 0.00000 0.00000 0.00000 0.00000 0.00000 0.00000 0.00000 0.00000 0.00000 0.00000 0.00000 0.00000 0.00000 0.00000 0.00000 0.00000
W 6 3 0.00000 0.00000 0.00000 0.00000 0.00000 0.00000 0.00000 0.00000 0.00000 0.00000 0.00000 0.00000 0.00000 0.00000 0.00000 0.00000 0.00000 0.00000
P Tux4711 0.0535
W 0 0 5.07966 -6.26718 -4.61733 3.91266 -13.63561 -0.51932 -0.24763 -1.08373 0.44049 0.00000 0.10328 -0.82980 6.84812 1.04101 -0.71188 -0.90732 -0.06835 3.89758
W 0 1 -0.82805 2.74808 -1.32762 1.26163 3.20536 -1.06239 -0.62913 0.61072 0.23106 0.00000 0.56122 1.02153 -2.85225 -0.24640 -0.13188 -0.74347 -0.55486 4.07651
W 0 2 -6.08509 8.41779 -1.42027 0.52207 4.75690 -0.96985 -0.23648 2.32993 -0.07752 0.00000 0.44558 3.43312 -3.19334 -0.67310 0.13643 -0.63023 -1.11831 3.50784
W 0 3 1.83348 -4.89869 7.36522 -5.69635 5.67335 2.55155 1.11324 -1.85692 -0.59403 0.00000 -1.11008 -3.62485 -0.80253 -0.12151 0.70733 2.28103 1.74152 -11.48192
S 0 0 1.000 0.484 6.0000 0.950 0.670 4.0000 0.850 0.368 2.0000 0.890 0.436 4.5000 0.970 0.948 4.0000 0.810 0.940 3.2000 0.810 0.621 2.0000 0.840 1.098 1.2000 0.980 0.774 7.6000 0.510 0.711 0.8000 0.810 0.524 3.0000 0.670 0.000 1.0667 0.680 1.100 0.8000 0.770 0.927 0.8000 0.900 0.910 2.0000 0.910 0.761 2.0000 0.770 0.784 0.8000 0.920 0.762 3.2000 0.740 0.685 1.0000 0.910 0.699 2.6667 0.900 1.185 4.0000 0.550 1.033 1.0000 0.830 0.533 1.5000 0.670 1.029 0.8000 0.910 0.669 4.0000 0.860 0.740 1.2000 0.820 0.563 0.6000 0.900 1.098 4.0000 0.660 1.099 0.6667 1.000 1.095 1.2000 0.770 1.111 0.8000 0.520 0.937 0.8000 0.870 0.954 3.0000 0.590 0.795 1.0000 0.830 0.803 2.0000 0.860 0.309 2.0000 0.830 0.898 0.8000 0.850 0.685 1.2000 0.810 0.634 1.2000 0.950 1.040 0.6667 0.520 0.864 0.6667 0.840 0.681 1.0000 0.600 0.494 0.7500 0.960 1.101 0.8000 0.990 1.094 4.8000 1.000 0.933 5.6000 0.850 0.938 1.6000 0.860 0.791 0.8000 0.880 0.620 0.6667 0.970 0.644 2.0000 0.710 0.985 0.8000 0.880 0.988 0.8000 0.670 0.692 2.0000 0.650 0.692 2.0000 0.920 0.886 1.0000 0.620 0.476 0.6000 0.850 1.012 0.8572 0.980 1.103 0.8000 0.630 0.947 0.8000 0.560 0.945 0.8000 0.980 1.042 1.3334 0.830 0.764 1.0000 0.750 0.434 0.6000 0.810 0.287 1.5000 0.920 1.018 3.0000 0.850 0.841 0.8572 0.530 0.688 0.5715 0.740 0.664 0.8572 0.630 0.509 0.6000 0.760 0.295 0.6000 0.930 0.607 0.6667 0.940 0.708 5.2000 0.700 0.261 0.8000 0.580 0.780 0.6667 0.660 0.486 0.5000 0.910 1.039 3.0000 0.710 0.742 0.8000 0.860 0.665 0.8000 0.720 1.026 1.3334 0.750 0.646 1.3334 0.980 1.040 2.6667 0.890 1.036 1.6667 0.740 0.498 0.5000 0.720 1.035 1.3334 0.860 1.039 3.3334 0.750 0.864 0.6667 0.970 0.814 3.0000 0.720 0.678 0.6667 0.770 0.519 0.7500 0.860 0.622 1.0000 0.560 0.511 0.5000 0.840 1.020 1.0000 0.960 0.837 2.0000 0.960 0.494 0.6000 0.580 0.580 0.6000 0.980 0.697 5.2000 0.830 0.134 1.0811 0.900 0.708 4.0000 0.580 0.692 0.8000 0.860 0.533 0.6000 0.720 1.031 1.3334 0.890 0.865 0.5715 0.920 0.890 2.0000 0.560 0.465 0.6000 0.750 1.036 1.3334 0.980 1.048 2.0000 0.550 0.696 0.6667 0.630 0.657 0.8000 0.620 0.947 0.8000 0.870 0.952 1.2000 0.900 0.734 2.8000 0.800 0.591 0.7500 0.710 0.482 0.7500 0.630 1.101 0.8000 0.820 0.934 1.2000 1.000 0.809 5.6000 0.860 0.596 1.6000 0.710 0.870 1.0000 0.910 1.097 0.8000 0.840 0.809 1.2000 0.710 0.898 1.3334 0.970 0.867 0.8572 0.830 0.462 0.6000 0.800 1.103 1.2000 0.950 0.929 2.8000 0.650 0.905 1.2000 0.510 1.040 0.6667 0.830 0.894 1.0000 0.710 0.898 1.3334 0.900 0.775 3.0000 0.980 0.615 5.0000 0.900 0.628 1.0000 0.740 1.109 1.2000 0.980 0.923 1.6000 0.930 0.700 2.8000 0.750 0.540 0.6000 0.750 0.479 1.0000 0.770 0.877 0.6667 0.940 0.869 3.3334 0.660 0.727 0.6667 0.920 0.382 1.6667 0.870 0.781 1.3334 0.680 1.189 1.0000 0.940 1.031 5.5000 0.750 0.478 0.7500 0.980 0.883 1.3334 0.950 0.890 3.3334 0.910 0.652 3.6000 0.650 0.965 0.8000 0.860 0.608 1.0000 0.770 0.580 0.7500 0.680 0.530 0.7500 0.940 1.029 4.6667 0.900 0.858 0.6667 0.970 0.771 0.6667 0.810 0.513 0.5715 0.610 0.503 0.6000 0.970 1.043 2.5715 0.930 0.907 0.5715 0.790 0.751 1.0000 0.950 0.777 0.8000 0.980 1.036 0.6667 0.610 0.661 0.8000 0.940 1.103 2.4000 0.970 0.793 2.8000 0.850 0.618 0.8000 0.850 0.474 0.7500 0.900 1.190 3.5000 0.830 1.023 1.5000 0.900 0.877 5.0000 0.950 0.873 1.5000 0.870 0.641 3.0000 0.850 0.662 1.0000 0.890 1.032 2.0000 0.980 0.862 0.5715 0.660 0.684 0.8000 0.840 0.529 1.0000 0.870 0.414 1.5000 0.800 1.040 0.6667 0.670 0.873 0.6667 1.000 0.867 0.8000 0.940 0.758 4.0000 1.000 0.943 4.4000 0.670 0.772 1.6000 0.650 0.573 0.6000 0.790 1.047 1.3334 0.770 0.878 0.6667 0.840 0.938 1.6000 0.870 0.720 0.8000 0.590 0.619 0.8000 0.970 0.642 1.2000 0.540 0.501 0.8000 0.680 0.535 1.6000 0.600 0.411 0.3175 0.870 1.099 1.6667 0.510 0.963 1.0000 0.870 0.954 2.0000 0.830 0.776 1.0000 0.490 0.939 0.8000 0.940 0.932 4.0000 0.750 0.930 1.6000 0.890 0.772 2.0000 0.760 0.781 0.8000 0.750 1.045 0.6667 0.950 0.901 5.0000 0.730 0.411 0.7500 0.900 1.185 4.5000 0.900 1.033 2.0000 0.920 0.725 1.5000 0.630 0.574 1.0000 0.840 0.529 1.0000 0.840 0.399 0.7500 0.900 1.099 3.6000 0.930 0.940 2.3334 0.990 0.711 2.6667 0.920 1.041 1.6667 0.630 1.043 0.6667 0.970 0.844 4.0000 0.850 0.936 0.5715 0.950 0.929 2.3334 0.600 0.900 0.5715 0.920 0.790 3.3334 0.580 0.337 1.0000 0.970 0.756 1.2000 0.850 0.739 1.6000 0.660 1.036 0.6667 0.940 0.704 0.6667 0.670 0.746 1.0000 0.900 0.511 0.5000 0.740 0.698 1.5000 0.770 0.911 0.8000 0.840 0.380 0.7500 0.840 0.465 0.7500 0.960 1.101 2.6667 0.850 0.953 0.8000 0.950 0.916 4.0000 0.670 0.780 1.0000 0.830 0.434 0.6000 0.980 0.871 4.6667 0.750 0.675 0.6667 0.940 0.649 2.0000 0.490 0.772 0.8000 0.750 0.766 1.0000 0.990 1.101 3.6000 0.910 0.968 0.8000 0.650 0.515 0.7500 0.610 1.064 0.6667 0.960 0.901 0.8000 0.860 0.767 1.2000 0.760 0.764 1.6000 0.930 1.039 3.3334 0.750 0.902 0.8000 0.820 0.644 0.8000 0.870 0.614 2.0000 0.830 1.038 0.6667 0.660 1.039 0.5715 0.510 0.753 0.6667 0.990 0.862 1.6667 0.800 0.500 0.7500 0.740 0.500 0.7500 0.720 1.031 0.6667 0.980 0.689 0.6667 0.980 1.032 3.3334 0.650 0.886 0.5715 0.790 0.889 0.8572 0.850 0.877 1.1429 0.770 0.929 0.6667 0.970 0.942 0.8000 0.710 0.955 1.2000 0.980 0.780 5.6667 0.720 0.794 0.6667 0.660 0.770 0.6667 0.700 0.397 0.8913 0.720 0.414 2.0000 0.580 1.104 0.6667 0.720 0.630 2.0000 0.790 0.586 2.0000 0.980 0.883 0.6667 0.790 0.893 0.5000 0.670 0.873 1.3334 0.960 0.740 4.3334 0.890 0.761 0.8000 0.610 0.767 0.8000 0.900 0.786 2.8000 0.790 0.642 0.8000 0.920 0.703 4.0000 0.720 0.438 0.7500 0.930 1.189 1.0000 0.900 0.814 1.0000 0.900 0.605 2.0000 0.960 0.652 2.0000 0.490 0.450 0.7500 0.960 0.935 0.6667 0.980 0.923 5.6000 0.860 0.785 1.2000 0.830 0.788 0.6667 0.830 1.039 1.0000 0.680 0.749 1.0000 0.710 0.735 1.3334 0.810 0.612 0.8000 0.620 0.598 0.8000 0.970 0.844 2.6667 0.670 0.480 0.5000 0.990 1.095 8.0000 0.560 0.428 0.6000 0.860 0.771 2.8000 0.860 0.780 0.8000 0.850 0.687 1.6000 0.840 0.590 0.6000 0.990 0.932 4.8000 0.890 0.982 1.0000 0.970 0.575 1.0000 0.830 0.479 1.0000 0.930 1.039 0.5000 0.750 0.703 0.6667 0.950 0.749 4.6667 0.760 1.189 1.0000 0.720 0.762 2.0000 0.750 0.516 0.7500 0.770 0.535 0.7500 0.980 1.039 2.2858 0.910 0.828 1.6667 0.990 0.725 0.6667 0.650 0.634 0.8000 0.750 0.634 1.6000 0.790 1.100 1.6000 0.890 1.101 0.8000 0.610 0.950 0.6667 0.970 0.909 4.3334 0.950 0.768 0.6667 0.830 0.786 0.8000 0.670 0.658 1.3334 0.750 0.418 0.5000 0.770 0.867 1.0000 0.860 0.867 2.0000 0.800 0.867 1.0000 0.680 1.029 0.8000 0.870 0.714 0.8000 0.720 0.645 0.8000 0.650 1.040 1.0000 0.630 1.038 0.6667 0.880 0.680 0.5000 0.910 0.655 0.6667 0.840 0.685 0.5000 0.980 0.870 3.3334 0.680 0.837 0.5715 0.950 0.684 1.6667 0.890 0.663 1.0000 0.770 0.814 0.8000 0.900 0.814 3.2000 0.770 1.040 0.6667 0.840 1.012 1.3334 0.990 1.016 2.6667 0.770 0.545 0.5000 0.870 1.040 0.6667 0.650 0.888 1.0000 0.670 0.730 0.8000 0.650 1.099 0.8000 0.840 0.700 1.6000 0.890 1.098 2.3334 0.810 0.918 2.4000 0.860 0.927 0.6667 0.920 0.724 1.3334 0.960 1.187 9.5000 0.630 1.032 1.0000 0.750 0.633 1.0000 0.650 1.082 0.8000 0.670 1.077 1.6000 0.930 0.724 1.0000 0.890 0.903 1.0000 0.970 0.893 0.7500 0.820 0.720 0.7500 0.950 0.800 2.0000 0.900 0.728 5.0000 0.670 0.728 1.0000 0.750 0.620 1.5000 0.760 0.482 1.0000 0.970 1.078 1.3334 0.600 0.610 0.6667 0.810 1.188 1.5000 0.990 1.033 2.5000 0.970 1.033 3.0000 0.740 0.452 1.5000 0.960 1.101 2.8000 0.830 1.102 1.2000 0.650 1.100 1.2000 0.940 0.953 1.2000 0.670 0.777 1.2000 0.920 0.769 2.8000 0.640 1.102 0.8000 0.760 1.105 0.8000 0.970 0.800 3.6000 0.820 0.627 0.8000 0.990 0.515 4.8000 0.960 1.035 2.3334 0.990 0.879 5.3334 0.750 0.644 1.3334 0.550 1.040 0.6667 0.840 0.912 1.1429 0.840 0.704 1.0000
W 1 0 0.76096 -2.28584 -1.97398 1.57938 -0.72019 0.21940 0.00000 0.76096 0.00000 0.00000 0.76096 0.00000 1.05481 -0.24912 0.22984 -0.93903 -0.70308 1.65830
W 1 1 0.00000 0.00000 0.00000 0.00000 0.00000 0.00000 0.00000 0.00000 0.00000 0.00000 0.00000 0.00000 0.00000 0.00000 0.00000 0.00000 0.00000 0.00000
W 1 2 -0.58513 0.89526 0.11884 2.50369 1.59266 -0.43332 0.00000 -0.58513 0.00000 0.00000 -0.58513 0.00000 -1.47061 -0.47807 0.12707 -0.70658 -0.04989 0.56838
W 1 3 -0.17583 1.39058 1.85514 -4.08307 -0.87247 0.21392 0.00000 -0.17583 0.00000 0.00000 -0.17583 0.00000 0.41580 0.72719 -0.35691 1.64561 0.75297 -2.22668
S 1 0 0.830 1.100 0.3333 0.540 1.100 0.6667 0.610 0.915 0.4000 0.410 0.909 0.4000 0.800 0.609 0.5000 0.630 0.600 0.2857 0.520 1.030 0.3333 0.660 0.860 0.3333 0.760 0.722 0.3333 0.450 0.380 0.5000 0.610 0.322 0.5000 0.800 1.040 0.6667 0.720 1.035 0.3333 0.860 1.024 1.0000 0.570 0.872 0.3333 0.870 0.755 0.6667 1.000 0.738 1.6667 0.770 0.866 0.6667 0.990 0.802 3.2000 0.830 0.649 0.8000 0.840 0.199 0.6667 0.650 0.730 0.4000 0.450 0.903 0.4000 0.910 0.831 0.3333 0.700 0.773 0.5000 0.850 1.101 1.2000 0.630 1.038 1.0000 0.620 1.030 0.5000 0.370 0.869 0.5000 0.790 0.857 1.5000 0.930 1.038 2.0000 0.760 0.843 1.6000 0.420 1.040 0.3333 0.810 0.770 0.8000 0.970 0.737 0.4000 0.950 0.699 0.5000 0.530 0.902 0.3333 0.490 0.907 0.2857 0.980 0.766 5.3333 0.430 0.943 0.4000 0.480 1.039 0.2857 0.560 1.036 0.5000 0.960 1.036 1.5000 0.620 0.809 0.5000 0.770 0.618 1.0000 0.510 0.571 0.5000 0.980 0.856 3.5000 0.940 0.869 4.0000 0.970 0.737 3.5000 0.460 1.042 0.2857 0.740 0.882 0.5714 0.770 0.426 0.3333 0.900 0.375 1.3333 0.450 1.189 0.5000 0.830 1.185 2.0000 0.550 1.185 1.0000 0.390 1.033 0.5000 0.940 1.033 9.5000 0.310 0.772 0.5000 0.840 0.656 1.0000 0.870 0.633 3.0000 0.370 0.639 0.5000 0.830 1.102 1.2000 0.700 1.096 0.8000 0.660 1.188 1.0000 0.750 1.035 0.5000 0.840 0.865 1.5000 0.390 0.668 0.5000 0.760 0.905 0.8000 0.740 0.737 1.2000 0.340 0.707 0.2857 0.790 1.038 0.6667 0.710 0.846 0.3333 0.740 1.031 1.0000 0.670 1.099 1.6000 0.750 1.186 1.0000 0.950 1.102 4.0000 0.890 1.028 1.1429 0.810 0.924 2.4000 0.680 0.761 0.4000 0.920 0.754 2.8000 0.900 1.037 2.0000 0.350 0.566 0.5000 0.930 1.097 0.8000 0.620 0.898 0.4000 0.840 0.551 2.0000 0.890 1.101 0.4000 0.830 1.104 0.8000 0.620 0.564 0.5000
W 2 0 1.81684 -2.70744 -3.12217 1.83312 -2.82856 0.07517 -0.77855 -0.67895 4.74863 3.33516 0.17418 -2.72325 1.24613 0.45258 -0.37037 -0.58815 -0.51958 1.91542
W 2 1 0.59202 2.03430 -2.51760 2.27971 1.95964 -0.29262 0.03008 -0.45309 -2.84113 -1.02225 0.08823 2.93828 -1.07192 -0.39323 -0.39432 -0.94951 0.17616 -0.03889
W 2 2 -3.86388 0.46951 4.40658 1.20512 0.17760 0.08457 0.27236 0.20627 -1.80660 -1.65878 -0.00383 0.57678 -1.04077 -0.22842 0.32631 0.03431 0.11217 1.57780
W 2 3 1.45503 0.20363 1.23319 -5.31796 0.69132 0.13288 0.47610 0.92578 -0.10091 -0.65413 -0.25858 -0.79181 0.86656 0.16907 0.43838 1.50335 0.23125 -3.45433
S 2 0 0.870 1.034 0.9333 0.940 1.017 1.2500 0.740 0.509 0.6000 0.970 0.254 0.7767 0.970 0.808 0.7692 0.680 0.576 1.0000 0.760 0.891 0.6154 0.960 0.615 0.6154 0.740 1.041 0.5000 0.860 0.841 0.5714 0.790 0.871 0.6000 0.940 0.575 1.2000 0.970 1.113 0.6154 0.600 1.096 0.4444 0.950 0.623 1.0000 0.760 0.870 0.5454 0.970 0.991 0.3334 0.840 1.028 0.6667 0.970 0.873 0.6250 0.860 0.670 0.7272 0.950 1.038 1.5000 0.910 0.828 1.5385 0.950 0.460 1.8182 0.970 0.780 0.5714 0.890 1.031 0.5384 0.940 0.863 1.1667 0.900 1.036 1.1111 0.920 0.837 1.3333 0.750 0.767 0.4000 0.960 0.837 0.6522 0.950 0.863 0.8388 0.920 0.891 0.8889 0.900 0.820 0.9859 0.710 0.806 0.5000 0.810 0.863 0.3077 0.900 0.684 0.6000 0.930 0.710 1.0769 0.920 0.613 1.5000 0.940 0.717 3.0000 0.890 0.725 1.0000 0.920 0.475 1.2000 0.990 0.917 2.5000 0.650 0.894 0.6154 0.830 0.877 0.6154 0.940 0.824 1.6000 0.970 0.939 1.6000 0.870 0.952 0.6250 0.970 0.925 1.3333 0.940 0.922 1.7391 0.960 0.939 0.6666 0.950 1.101 2.5333 0.970 1.040 0.5000 0.790 1.039 0.5000 0.990 0.738 2.1250 0.940 0.588 1.1666 0.890 1.097 0.8571 0.870 0.950 0.5333 0.990 0.989 2.0000 0.900 0.942 1.0000 0.740 0.798 0.6000 0.940 0.768 3.3333 1.000 0.837 1.4814 0.970 0.871 0.5455 0.980 1.039 1.2904 0.890 0.903 0.7143 0.970 0.943 0.7142 0.770 0.911 0.7272 0.810 0.709 0.7142 0.710 0.876 0.3750 0.900 0.657 1.2308 0.920 0.568 0.9231 0.910 0.762 0.7777 0.670 0.875 0.6154 0.860 0.856 0.8000 0.920 0.796 1.3846 0.830 0.885 0.6154 0.890 0.910 1.6667 0.810 0.930 0.6667 0.890 0.900 0.5455 0.940 0.933 3.0769 0.900 0.956 0.6666 0.920 0.740 1.6666 0.930 1.095 1.6667 0.920 0.712 1.3333 0.950 0.754 3.3333 0.990 1.036 0.9600 0.850 0.869 0.5714 0.670 0.726 0.7272 1.000 0.946 0.7692 0.650 1.100 0.5454 0.910 0.711 1.4000 0.870 0.701 1.4000 0.900 0.928 1.3333 0.750 0.942 0.8000 0.960 0.802 0.3334 0.980 1.037 0.9357 0.970 0.705 1.2727 0.900 1.092 1.0769 0.680 0.937 0.7272 0.820 0.575 0.9091 0.940 0.833 0.9231 0.850 0.553 0.4364 0.970 0.235 1.5625 0.730 0.655 0.4000 0.820 0.702 0.6154 0.870 0.797 1.4546 0.860 0.681 0.4444 0.950 1.035 2.0000 0.750 1.018 0.3076 0.650 1.101 0.5000 0.900 0.935 1.3333 0.870 0.917 0.6667 0.810 0.662 1.1667 0.860 1.097 1.0769 0.940 1.099 2.7272 0.710 0.919 0.6154 0.940 1.189 3.0000 0.760 0.789 0.8000 0.950 0.866 1.2857 0.910 0.727 1.0526 0.890 0.708 2.0000 0.950 1.099 2.9231 0.860 0.538 0.4444 0.920 0.734 0.7368
W 3 0 -0.64328 -0.54538 -0.67032 2.94399 0.94706 0.35301 -0.58136 -0.26752 0.52092 -0.53094 -0.09339 -0.09599 -0.71165 -0.03575 0.29512 -0.48049 -0.17260 1.40406
W 3 1 0.64328 0.54538 0.67032 -2.94399 -0.94706 -0.35301 0.58136 0.26752 -0.52092 0.53094 0.09339 0.09599 0.71165 0.03575 -0.29512 0.48049 0.17260 -1.40406
W 3 2 0.00000 0.00000 0.00000 0.00000 0.00000 0.00000 0.00000 0.00000 0.00000 0.00000 0.00000 0.00000 0.00000 0.00000 0.00000 0.00000 0.00000 0.00000
W 3 3 0.00000 0.00000 0.00000 0.00000 0.00000 0.00000 0.00000 0.00000 0.00000 0.00000 0.00000 0.00000 0.00000 0.00000 0.00000 0.00000 0.00000 0.00000
W 4 0 2.16850 1.50355 -6.81486 0.02854 -0.83796 -0.25308 0.03115 -0.11485 0.00000 0.45228 0.06420 0.00000 0.23292 0.52102 0.03279 -0.13681 0.06443 2.66734
W 4 1 0.00000 0.00000 0.00000 0.00000 0.00000 0.00000 0.00000 0.00000 0.00000 0.00000 0.00000 0.00000 0.00000 0.00000 0.00000 0.00000 0.00000 0.00000
W 4 2 1.19644 -3.63795 1.75663 1.45894 -0.62781 -0.19778 0.02130 -0.01075 0.00000 0.14550 0.92550 0.00000 0.35433 0.01503 0.17168 -0.20280 0.00280 1.89827
W 4 3 -3.36494 2.13439 5.05823 -1.48748 1.46577 0.45086 -0.05244 0.12561 0.00000 -0.59778 -0.98970 0.00000 -0.58725 -0.53605 -0.20447 0.33961 -0.06722 -4.56561
S 4 1 0.545 1.040 0.9997 0.704 0.877 4.9998 0.698 0.897 0.9997 0.457 0.895 1.0002 0.471 0.815 1.0003 0.725 0.688 1.0000 0.256 0.529 1.0000 0.353 1.100 1.0000 0.823 1.093 2.0000 0.832 1.102 9.9999 0.410 0.776 0.9998 0.879 0.808 9.0000 0.418 0.452 1.0000 0.941 0.711 0.9999 0.605 0.554 2.0000 0.232 0.469 1.0000 0.506 0.133 1.0000 0.142 0.137 1.0000 0.837 1.092 3.0000 0.922 0.910 2.0001 0.459 1.034 0.9997 0.447 0.838 1.0000 0.704 0.666 5.0001 0.420 1.036 1.0000 0.363 0.871 1.0000 0.158 0.889 1.0000 0.647 0.717 1.0000 0.796 0.709 1.0000 0.146 0.586 1.0000 0.492 0.571 1.0000 0.659 0.831 0.9997 0.517 0.692 1.0002 0.515 1.102 0.9999 0.850 1.097 1.0000 0.618 1.109 2.0001 0.552 0.909 0.9999 0.523 0.937 0.9996 0.470 0.663 1.0000 0.754 0.705 3.0000 0.667 0.717 3.0000 0.537 1.099 1.0003 0.468 0.922 0.9997 0.838 0.791 6.0001 0.668 0.479 2.0000 0.855 0.612 6.0000 0.388 1.034 1.0000 0.841 0.984 1.9998 0.996 0.984 4.0005 0.126 0.696 0.9999 0.670 0.988 1.9998 0.344 0.836 0.9997 0.783 0.678 1.0000 0.849 1.041 5.0000 0.144 1.101 0.9997 0.636 1.097 1.0000 0.129 0.938 1.0000 0.927 0.940 10.9991 0.436 0.620 1.0003 0.365 0.474 1.0000 0.891 1.040 10.0004 0.075 1.038 1.0000 0.239 1.035 1.0000 0.827 1.042 1.0000 0.790 0.887 4.0001 0.751 0.887 0.9998 0.777 0.880 2.0001 0.987 0.894 14.9994 0.917 0.729 2.0001 0.722 0.722 1.0000 0.514 0.600 1.0000 0.441 0.536 0.9999 0.679 0.380 2.0000 0.613 0.828 1.0003 0.356 0.653 1.0002 0.748 0.592 4.0000 0.484 0.606 1.0000 0.839 0.578 3.0000 0.588 0.322 2.0000 0.375 0.486 1.0000 0.598 0.670 2.0000 0.431 0.607 0.9997 0.463 0.520 1.0000 0.833 0.365 6.9998 0.507 0.535 1.0003 0.405 0.824 0.9998 0.493 0.693 1.0005 0.429 0.890 1.0002 0.874 0.854 10.0000 0.435 0.613 0.9996 0.551 0.725 1.0000 0.810 0.529 1.0003 0.497 0.475 0.9996 0.158 0.872 1.0000 0.634 0.884 2.0000 0.559 0.720 0.9997 0.515 0.740 0.9997 0.413 0.740 0.9996 0.863 0.828 7.9992 0.927 0.800 5.9997 0.497 1.025 1.0002 0.682 0.630 2.0000 0.475 0.579 1.0002 1.000 1.036 1.0001 0.736 1.071 4.0001 0.412 0.922 0.9988 0.755 0.898 1.0002 0.697 0.568 1.0002 0.526 0.884 1.9999 0.495 0.900 1.0000 0.320 1.101 0.9999 0.483 1.035 0.9996 0.747 1.037 1.9995 0.406 0.888 0.9996 0.733 0.735 1.0002 0.882 0.685 1.0003 0.551 1.102 0.9998 0.534 1.101 0.9998 0.785 1.097 2.0000 0.858 1.109 6.9993 0.576 0.928 0.9998 0.817 1.035 5.0001 0.684 1.035 3.0000 0.397 1.189 1.0000 0.590 1.187 1.0000 0.299 0.868 1.0003 0.598 0.881 0.9997 0.515 1.102 1.0001 0.789 0.942 9.0000 0.906 0.871 8.0000 0.925 1.040 6.9999 0.417 1.038 0.9999 0.640 0.842 0.9999 0.170 0.872 1.0000 0.828 0.891 3.0000 0.474 0.755 1.0003 0.762 0.730 1.9999 0.603 0.878 1.0000 0.901 1.039 12.9980 0.410 1.101 1.0000 0.780 1.099 3.0000 0.518 1.096 1.0004 0.868 0.954 0.9992 0.437 0.911 0.9996 0.421 0.752 1.0000 0.332 0.588 1.0000 0.710 1.190 2.0000 0.894 1.035 2.0000 0.441 1.026 1.0000 0.716 0.873 3.0000 0.938 0.874 20.0010 0.981 0.874 6.9984 0.417 0.675 1.0000 0.364 0.684 0.9999 0.503 0.572 1.0000 0.929 0.572 5.0004 0.239 1.035 0.9999 0.493 1.040 1.0000 0.710 0.730 3.0000 0.797 0.734 3.0000 0.729 0.908 1.0000 0.918 0.943 14.0001 0.617 0.602 1.0000 0.468 1.035 0.9997 0.055 1.045 0.9999 0.199 0.890 1.0000 0.785 0.784 8.0000 0.800 0.716 2.0000 0.870 0.720 0.9999 0.332 0.750 0.9999 0.948 1.097 14.0000 0.590 0.948 2.0000 0.605 0.812 1.0000 0.532 0.760 1.0001 0.486 0.580 1.0000 0.996 1.092 6.9999 0.593 0.712 1.0000 0.751 1.038 3.9996 0.768 1.036 0.9997 0.873 0.876 3.0000 0.409 0.710 1.0000 0.804 1.190 9.0000 0.438 1.190 1.0003 0.802 1.035 20.0000 0.937 1.030 20.0000 0.080 0.871 1.0000 0.593 0.861 3.0000 0.473 0.725 1.0000 0.332 0.580 1.0000 0.836 0.894 1.9994 0.711 0.928 1.9998 0.173 1.040 1.0000 0.534 0.871 1.9999 0.953 0.844 1.0004 0.935 0.844 1.9995 0.968 0.523 1.0004 0.684 0.848 5.0001 0.611 0.839 0.9997 0.892 0.642 2.9997 0.406 0.706 0.9999 0.869 0.574 3.9999 0.307 0.176 1.0000 0.850 0.049 2.0000 0.789 1.036 9.0000 0.173 0.867 1.0000 0.170 0.746 0.9999 0.486 1.040 1.0000 0.477 1.036 0.9999 0.870 1.040 15.0000 0.843 1.031 1.0000 0.380 0.880 0.9999 0.067 0.902 0.9999 0.341 0.704 1.0000 0.430 0.511 1.0000 0.817 0.696 5.0000 0.686 0.901 2.0004 0.750 0.653 1.9998 0.603 1.098 2.0002 0.801 0.919 4.9996 0.826 0.956 1.9992 0.138 0.751 0.9999 0.558 0.648 1.0003 0.685 1.033 2.0000 0.438 0.805 1.0000 0.473 0.614 1.0000 0.728 0.763 0.9999 0.413 0.724 0.9997 0.888 1.108 1.9998 0.854 1.065 0.9982 0.934 0.753 8.0001 0.532 0.699 1.0000 0.873 1.101 9.9988 0.696 1.038 1.9999 0.804 1.040 8.0000 0.819 0.869 2.0000 0.439 0.396 1.0000 0.390 0.886 0.9999 0.491 0.907 0.9999 0.221 0.903 1.0000 0.948 0.750 14.0001 0.601 1.035 0.9999 0.465 0.874 1.0000 0.828 0.870 1.0000 0.818 0.818 8.0000 0.391 0.727 1.0004 0.684 1.036 4.9995 0.765 1.032 2.0010 0.305 0.854 0.9997 0.465 0.856 0.9996 0.868 0.869 4.9995 0.667 0.683 0.9999 0.356 0.733 1.0000 0.473 0.566 1.0000 0.215 1.097 1.0000 0.612 0.929 1.0002 0.241 0.943 0.9999 0.818 0.889 4.9998 0.847 0.791 1.0000 0.629 0.770 0.9996 0.752 0.492 0.9996 0.251 1.104 0.9998 0.990 1.103 19.9996 0.759 0.963 2.0002 0.368 0.730 1.0000 0.777 0.730 0.9997 0.888 0.663 10.0000 0.433 1.039 0.9999 0.204 1.035 1.0000 0.666 0.878 1.0000 0.794 0.710 1.9999 0.522 0.703 0.9998 0.526 0.557 1.0000 0.902 1.184 1.9998 0.154 1.036 1.0000 0.694 1.036 1.0000 0.626 0.808 5.0000 0.312 0.806 1.0000 0.607 0.652 2.9997 0.463 0.571 1.0000 0.458 0.960 0.9998 0.557 1.020 0.9998 0.505 0.867 1.0004 0.409 0.490 0.9999 0.680 0.869 1.0002 0.592 0.523 1.0000 0.856 1.092 3.9996 0.712 0.780 0.9999 0.227 0.765 1.0000 0.578 0.743 0.9997 0.735 0.988 2.9999 0.747 0.730 2.0000 0.174 0.564 1.0000 0.630 0.575 1.0000 0.429 0.479 1.0003 0.707 1.040 1.0000 0.577 1.042 2.0000 0.451 0.882 1.0004 0.835 0.862 1.0000 0.833 0.795 3.0002 0.711 0.834 2.9998 0.842 0.841 0.9999 0.345 0.720 1.0000 0.328 0.538 1.0000 0.569 0.392 1.0000 0.264 1.190 1.0000 0.844 1.189 3.9998 0.174 1.033 1.0000 0.632 1.032 2.0000 0.762 0.883 1.0000 0.801 0.822 1.0000 0.701 0.639 3.0000 0.108 0.585 1.0000 0.455 0.993 0.9997 0.478 0.833 1.0005 0.656 0.863 2.9997 0.867 0.725 6.9997 0.785 0.646 1.9998 0.584 1.101 0.9999 0.368 1.097 1.0004 0.950 0.948 5.0000 0.695 0.950 1.0000 0.531 0.768 1.0002 0.414 0.658 1.0000 0.767 0.515 2.0000 0.174 1.188 1.0000 0.458 1.039 1.0000 0.833 1.035 3.0000 0.825 1.034 5.0000 0.547 0.852 1.0002 0.716 0.730 1.0000 0.952 0.663 10.0000 0.682 0.874 1.0000 0.914 0.880 0.9998 0.637 0.714 0.9999 0.322 0.438 1.0000 0.662 0.327 1.0000 0.769 1.038 2.0001 0.342 1.039 0.9996 0.104 0.707 0.9997 0.603 0.694 3.0000 0.630 1.037 1.0000 0.556 0.874 1.0000 0.637 0.683 3.0000 0.809 0.869 0.9997 0.953 0.721 8.0000 0.227 1.038 0.9999 0.481 1.031 0.9999 0.772 1.037 3.0000 0.708 0.836 2.0001 0.414 0.534 1.0002 0.241 0.641 1.0002 0.706 0.938 0.9996 0.882 0.917 1.0008 0.831 0.700 2.0001 0.708 0.556 1.0000 0.448 1.102 0.9999 0.855 1.099 6.9999 0.437 0.919 0.9996 0.963 0.927 2.0000 0.438 1.190 1.0000 0.678 0.874 3.0000 0.394 0.815 1.0001 0.781 0.444 1.0001 0.041 1.081 0.9999 0.829 0.930 2.0001 0.480 0.916 1.0000 0.735 1.031 2.0001 0.501 0.866 0.9996 0.767 0.900 4.0001 0.886 0.893 0.9996 0.787 0.720 1.9991 0.465 0.728 1.0000 0.828 0.731 3.0004 0.855 0.543 1.0000 0.083 1.073 1.0003 0.627 1.075 1.0000 0.717 0.747 2.0001 0.666 0.751 0.9996 0.644 0.610 2.0003 0.560 0.550 0.9999 0.897 1.187 5.0000 0.807 0.865 3.0000 0.968 0.865 7.0020 0.740 0.546 9.0000 0.453 0.898 0.9999 0.818 0.903 3.9987 0.501 0.777 0.9998 0.922 0.712 11.0004 0.824 0.634 1.9998 0.373 1.103 1.0000 0.836 1.098 1.9998 0.822 0.955 0.9990 0.421 0.538 0.9997 0.938 0.872 8.0002 0.691 0.734 0.9999 0.116 1.035 1.0000 0.438 1.032 1.0000 0.860 1.023 2.9988 0.485 1.020 1.0000 0.463 0.881 1.0002 0.344 0.773 0.9999
W 5 0 2.19029 -3.06775 -2.59497 2.18407 -2.32698 -0.32123 1.03052 -1.15287 8.71967 1.33022 2.94004 -4.99783 -0.60292 -0.08843 0.56141 -0.15363 -0.26743 1.49510
W 5 1 1.56500 1.28604 -4.53664 0.34573 1.74827 0.29675 0.17871 -0.25500 -2.99076 0.11009 0.73581 3.89646 -0.05742 -0.17904 0.72267 -0.15083 0.36690 0.58117
W 5 2 -1.96073 -0.29602 2.07806 0.97202 0.69195 -0.21426 -0.99842 0.44928 -2.54998 -0.80706 -3.08634 0.75224 0.73314 0.13132 -0.41259 0.06573 0.05140 0.50303
W 5 3 -1.79457 2.07774 5.05354 -3.50183 -0.11324 0.23874 -0.21081 0.95859 -3.17893 -0.63325 -0.58951 0.34913 -0.07280 0.13616 -0.87148 0.23873 -0.15087 -2.57930
S 5 1 0.841 0.694 9.9999 0.609 0.855 1.9998 0.939 0.940 6.9996 0.850 0.592 4.0000 0.808 0.507 5.0002 0.615 0.767 2.9998 0.809 1.039 8.0004 0.808 0.865 2.0000 0.664 0.584 2.9998 0.885 1.026 3.9995 0.904 0.940 16.0000 0.810 0.959 3.9998 0.940 0.905 20.0000 0.903 0.685 18.9996 0.943 0.726 20.0000 0.828 1.036 2.9998 0.632 1.035 4.0002 0.622 0.858 1.9996 0.882 0.845 6.9997 0.783 0.751 10.0000 0.977 1.104 18.9993 0.826 0.883 9.0006 0.979 0.862 14.9992 0.834 1.037 9.9996 0.844 1.039 4.9998 0.810 0.868 5.9994 0.602 0.438 2.0002 0.785 0.953 9.0003 0.552 0.835 3.0000 0.836 0.759 2.0000 0.866 0.666 7.0000 0.962 0.887 4.0000 0.848 1.036 9.9997 0.921 0.734 13.0001 0.667 0.627 10.0000 0.839 0.612 7.9996 0.945 0.888 5.9996 0.717 0.733 7.0001 0.943 0.749 4.9996 0.942 0.768 13.0000 0.817 1.084 5.0001 0.677 1.096 4.9997 0.740 0.831 10.0004 0.915 1.037 19.0000 0.927 1.092 19.9995 0.646 0.874 3.0000 0.600 0.929 2.9998 0.823 0.874 8.0000 0.861 0.549 10.0000 0.871 0.903 9.9996 0.888 0.955 10.0003 0.943 1.038 9.0008 0.881 1.032 2.0000 0.714 0.901 2.9998 0.865 1.023 14.0003
W 6 0 1.54897 -0.25279 -1.16462 -0.00451 0.21890 0.51337 0.06735 -0.32009 0.61889 0.40860 0.01248 -0.60086 0.17211 -0.35240 -0.13196 -0.22736 0.00405 -0.22851
W 6 1 -1.54897 0.25279 1.16462 0.00451 -0.21890 -0.51337 -0.06735 0.32009 -0.61889 -0.40860 -0.01248 0.60086 -0.17211 0.35240 0.13196 0.22736 -0.00405 0.22851
W 6 2 0.00000 0.00000 0.00000 0.00000 0.00000 0.00000 0.00000 0.00000 0.00000 0.00000 0.00000 0.00000 0.00000 0.00000 0.00000 0.00000 0.00000 0.00000
W 6 3 0.00000 0.00000 0.00000 0.00000 0.00000 0.00000 0.00000 0.00000 0.00000 0.00000 0.00000 0.00000 0.00000 0.00000 0.00000 0.00000 0.00000 0.00000
P UnTypedScript 0.0123
W 0 0 -0.62316 -0.78518 -1.20557 -0.79013 -1.11110 -0.46667 -0.76772 -0.45138 -0.86269 0.00000 -0.25190 -0.84206 -0.50657 -0.33171 -0.28526 -0.58741 -0.37342 0.19185
W 0 1 -1.10824 0.92359 -1.37555 -1.39272 -0.59057 -0.78799 -0.61495 -0.05617 -1.35868 0.00000 0.01627 -0.03052 -0.13923 -0.09332 -0.17718 -0.06742 -0.45999 0.73655
W 0 2 1.67552 -0.64851 0.73379 -0.52662 0.45669 -0.12646 0.53117 0.82040 3.87874 0.00000 -0.19169 1.52363 0.13366 0.91560 -0.11673 -0.00732 -0.89566 4.33406
W 0 3 0.05588 0.51010 1.84732 2.70946 1.24498 1.38113 0.85150 -0.31285 -1.65737 0.00000 0.42732 -0.65106 0.51214 -0.49056 0.57917 0.66214 1.72907 -5.26246
S 0 2 0.670 1.038 0.1464 0.210 1.034 0.1431 0.200 1.026 0.1397 0.830 0.864 0.1408 0.760 0.856 0.1348 0.250 0.852 0.1319 0.850 0.836 0.1295 0.970 0.653 0.1253 0.150 0.793 0.1534 0.980 0.511 0.1142 0.140 1.037 0.2028 0.830 1.032 0.1647 0.600 1.028 0.1603 0.470 0.852 0.1319 0.120 0.845 0.1309 0.860 0.991 0.1736 0.110 0.769 0.1462 0.790 0.756 0.1429 0.360 0.609 0.1208 0.680 0.746 0.1404 0.130 1.038 0.2045 0.030 1.028 0.2008 0.250 1.034 0.1996 0.070 1.028 0.1633 0.730 0.862 0.1554 0.610 0.683 0.1494 0.850 0.822 0.1682 0.600 0.836 0.1666 0.720 0.647 0.1538 0.490 0.783 0.1561 0.860 0.842 0.2593 0.880 0.857 0.2418 0.080 0.721 0.2264 0.010 1.189 0.2070 0.260 1.187 0.2058 0.580 1.185 0.2041 0.490 1.040 0.4167 0.630 1.035 0.3690 0.720 1.102 0.3125 0.860 1.099 0.3040 0.240 1.097 0.2985 0.690 1.097 0.2959 0.840 1.094 0.2915 0.790 0.943 0.2890 0.590 0.731 0.8621 0.670 0.742 0.8197 0.400 0.769 0.7246 0.540 0.645 0.6410 0.590 0.661 0.5952 0.550 0.688 0.5263 0.410 0.701 0.4950 0.820 0.650 0.2273 0.390 0.438 0.2016 0.170 0.661 0.1923 0.450 0.595 0.4032 0.220 0.666 0.2907 0.210 1.190 0.2083 0.820 1.102 0.3125 0.850 1.099 0.3030 0.750 1.097 0.2994 0.210 1.095 0.2941 0.140 1.095 0.2915 0.900 0.941 0.2857 0.680 0.940 0.2809 0.400 1.039 0.4032 0.400 1.035 0.3846 0.330 1.034 0.3774 0.190 1.032 0.3676 0.960 1.030 0.3623 0.110 0.879 0.3559 0.860 0.872 0.3195 0.880 0.859 0.1764 0.830 0.708 0.2506 0.230 0.699 0.2386 0.560 0.738 0.4183 0.770 1.040 0.4167 0.290 1.040 0.4167 0.410 1.038 0.2058 0.610 1.060 0.3788 0.400 1.030 0.3717 0.650 0.916 0.3676 0.590 0.972 0.2577 0.070 0.866 0.2513 0.070 0.967 0.2475 0.390 1.038 0.4032 0.190 1.038 0.3968 0.410 1.039 0.4098 0.140 1.036 0.2058 0.370 1.037 0.2045 0.510 1.034 0.1377 0.590 1.031 0.1372 0.620 1.025 0.1953 0.590 1.022 0.1931 0.700 1.019 0.1908 0.560 1.016 0.1887 0.610 0.862 0.1866 0.310 0.856 0.1825 0.240 0.843 0.1748 0.020 0.685 0.5319 0.750 1.040 0.4167 0.120 1.040 0.4167 0.920 1.038 0.2062 0.490 1.036 0.2045 0.950 1.031 0.2000 0.600 0.876 0.1639 0.060 0.872 0.1608 0.140 0.868 0.1587 0.230 0.862 0.1553 0.550 0.858 0.1538 0.990 0.852 0.1511 0.280 0.685 0.1458 0.700 0.676 0.1425 0.520 0.666 0.1377 0.290 0.656 0.1348 0.820 0.389 0.1124 0.050 0.398 0.1171 0.560 0.516 0.1269 0.860 0.483 0.1232 0.030 0.088 0.1068 0.150 1.190 0.2083 0.110 1.188 0.2066 0.010 1.187 0.2053 0.720 1.185 0.2037 0.490 1.031 0.2008 0.360 1.028 0.1984 0.180 1.026 0.1961 0.680 1.023 0.1938 0.680 1.040 0.4167 0.170 1.039 0.4082 0.880 1.035 0.3876 0.020 1.033 0.3802 0.490 1.032 0.3731 0.430 1.030 0.3610 0.420 0.878 0.2083 0.330 0.876 0.1953 0.880 0.866 0.1344 0.200 0.852 0.1319 0.870 0.845 0.1309 0.130 0.685 0.1295 0.180 0.666 0.1269 0.260 0.645 0.1244 0.310 0.628 0.1225 0.290 0.415 0.1174 0.490 0.360 0.1142 0.400 0.287 0.1111 0.370 0.176 0.1082 0.330 1.039 0.4098 0.930 1.038 0.4016 0.430 1.036 0.3953 0.940 1.033 0.2732 0.260 1.031 0.2703 0.240 0.897 0.4016 0.660 0.904 0.3891 0.440 0.777 0.6993 0.560 0.791 0.6536 0.390 1.036 0.3802 0.290 1.031 0.3425 0.320 1.040 0.4167 0.400 1.039 0.4082 0.710 1.037 0.4000 0.740 1.034 0.2584 0.940 1.127 0.2786 0.710 1.111 0.3003 0.430 0.963 0.2959 0.550 0.970 0.2874 0.410 0.942 0.3268 0.410 0.949 0.3165 0.420 0.956 0.3067 0.010 0.816 0.1290 0.620 0.816 0.1634 0.630 0.810 0.1645 0.430 0.805 0.1661 0.530 0.769 0.3623 0.550 0.784 0.3378 0.210 0.797 0.3185 0.890 1.190 0.2083 0.260 1.190 0.2079 0.750 1.188 0.2066 0.660 1.187 0.2049 0.400 1.185 0.2037 0.900 1.033 0.2020 0.570 0.972 0.1642 0.830 0.968 0.1626 0.710 0.964 0.1610 0.420 0.810 0.1595 0.280 0.802 0.1565 0.620 0.713 0.1339 0.600 0.533 0.1153 0.370 0.352 0.1138 0.300 0.455 0.1205 0.640 1.038 0.4016 0.350 1.038 0.3953 0.460 1.033 0.2008 0.520 1.016 0.1930 0.910 0.857 0.1824 0.700 0.834 0.2847 0.340 0.975 0.2800 0.400 0.825 0.2651 0.810 0.991 0.2610 0.720 0.834 0.2352 0.430 1.101 0.3077 0.990 1.099 0.3030 0.180 1.098 0.3003 0.200 1.096 0.2959 0.200 1.095 0.2933 0.150 0.942 0.2874 0.860 0.936 0.2747 0.630 0.935 0.2703 0.590 0.930 0.2632 0.470 0.929 0.2066 0.470 0.678 0.2016 0.950 0.770 0.1969 0.290 0.658 0.1894 0.690 0.636 0.1786 0.070 0.744 0.1748 0.740 0.772 0.2242 0.300 0.615 0.2184 0.870 0.602 0.2008 0.410 0.588 0.1916 0.010 0.615 0.1916 0.830 0.602 0.1780 0.260 0.588 0.1707 0.240 0.287 0.1355 0.830 0.452 0.1618 0.600 0.422 0.1433 0.870 0.389 0.1516 0.800 0.301 0.1269 0.200 0.088 0.1157 0.410 1.040 0.4167 0.760 1.039 0.4098 0.860 1.034 0.3650 0.610 1.032 0.3597 0.440 0.869 0.3175 0.490 0.857 0.2985 0.190 0.851 0.2755 0.790 0.844 0.2611 0.450 0.852 0.4951 0.550 0.843 0.2353 0.110 0.836 0.1712 0.180 0.822 0.1645 0.530 0.735 0.1381 0.150 0.422 0.1179 0.080 0.540 0.1302 0.050 0.511 0.1263 0.920 0.465 0.1214 0.220 1.037 0.3876 0.370 1.099 0.3049 0.670 1.099 0.3021 0.550 1.096 0.2959 0.830 1.095 0.2933 0.190 1.091 0.2860 0.040 0.939 0.1520 0.230 0.935 0.1506 0.320 0.987 0.2660 0.310 0.990 0.2618 0.350 0.993 0.2577 0.710 0.858 0.2404 0.000 1.049 0.3984 0.300 1.100 0.2945 0.170 1.097 0.2781 0.300 1.094 0.2641 0.010 0.938 0.2378 0.630 0.934 0.2312 0.900 0.931 0.2270 0.580 0.771 0.1951 0.630 0.765 0.1906 0.390 0.758 0.1790 0.190 0.752 0.1752 0.670 0.723 0.1376 0.850 0.586 0.1198 0.580 0.571 0.1179 0.530 0.324 0.1125 0.690 0.234 0.1095 0.950 1.040 0.4167 0.680 1.035 0.3559 0.050 1.034 0.3509 0.700 1.032 0.3344 0.760 1.029 0.3247 0.160 0.872 0.2907 0.900 0.870 0.2841 0.350 0.862 0.2283 0.930 0.860 0.2232 0.510 0.856 0.2165 0.150 0.701 0.2110 0.290 0.678 0.1661 0.390 0.674 0.1618 0.000 0.664 0.1783 0.830 0.653 0.1721 0.720 0.648 0.1664 0.110 0.480 0.1486 0.820 0.411 0.1534 0.310 0.614 0.3703 0.720 0.492 0.3248 0.360 0.556 0.1832 0.110 0.472 0.1475 0.460 0.432 0.1377 0.780 0.400 0.1798 0.020 0.385 0.2657 0.590 0.434 0.2117 0.970 0.394 0.1759 0.630 0.182 0.2890 0.390 0.264 0.4438 0.510 1.102 0.3125 0.800 1.099 0.3049 0.960 1.099 0.3021 0.470 1.097 0.2976 0.820 1.096 0.2950 0.840 0.943 0.2907 0.830 0.942 0.2857 0.260 0.936 0.2732 0.800 0.932 0.2660 0.590 0.930 0.2618 0.820 0.926 0.2551 0.770 0.774 0.2513 0.490 0.599 0.7937 0.390 0.618 0.7246 0.110 0.664 0.5882 0.800 0.688 0.5263 0.250 0.701 0.4950 0.200 0.579 0.4346 0.870 0.600 0.3936 0.360 1.102 0.3125 0.460 1.102 0.3125 0.660 1.101 0.3096 0.190 1.099 0.3030 0.120 1.097 0.2994 0.330 1.095 0.2941 0.570 1.094 0.2907 0.970 1.101 0.3086 0.110 1.097 0.2985 0.320 1.096 0.2950 0.580 1.095 0.2899 0.940 1.093 0.2865 0.740 0.939 0.2778 0.970 0.936 0.2717 0.850 0.929 0.2564 0.140 0.924 0.2475 0.760 0.921 0.2427 0.110 0.766 0.2347 0.390 0.759 0.2262 0.200 0.749 0.2128 0.810 0.742 0.2058 0.140 0.724 0.1887 0.360 1.190 0.2083 0.260 1.040 0.4167 0.660 1.037 0.4016 0.160 1.036 0.3953 0.430 1.035 0.2809 0.490 1.035 0.1541 0.300 1.032 0.1520 0.860 1.030 0.1511 0.840 1.029 0.1502 0.800 0.876 0.1481 0.870 0.872 0.1460 0.020 0.864 0.1406 0.190 0.860 0.1431 0.100 0.858 0.1414 0.090 0.847 0.1346 0.610 0.695 0.1350 0.750 0.681 0.1295 0.860 0.661 0.1263 0.530 0.793 0.1534 0.010 0.703 0.1812 0.110 0.695 0.1761 0.570 1.040 0.4167 0.810 1.039 0.4098 0.800 1.071 0.1466 0.390 0.932 0.1229 0.810 0.921 0.1218 0.770 1.040 0.4167 0.540 1.038 0.2874 0.250 1.036 0.2833 0.400 1.035 0.2801 0.530 1.032 0.2732 0.150 1.029 0.2660 0.770 0.872 0.2564 0.200 0.868 0.2500 0.170 0.871 0.2451 0.590 0.860 0.2370 0.750 0.856 0.2315 0.520 0.845 0.2174 0.290 0.690 0.2128 0.210 0.696 0.2058 0.350 0.666 0.2445 0.510 0.678 0.3086 0.180 0.777 0.2941 0.060 1.040 0.4167 0.010 1.034 0.2004 0.510 1.030 0.1942 0.100 0.873 0.1855 0.360 0.863 0.1745 0.750 0.853 0.1647 0.680 0.774 0.2070 0.950 0.823 0.1650 0.960 0.737 0.1385 0.180 0.563 0.1341 0.140 0.528 0.1285 0.020 0.497 0.1247 0.630 0.462 0.1211 0.200 0.569 0.1923
W 1 0 -0.63901 0.02889 -1.59620 -0.21084 -0.22294 0.02413 0.00000 -0.63901 0.00000 0.00000 -0.63901 0.00000 -0.58996 -0.21623 -0.19474 -0.40156 -0.20152 -0.39269
W 1 1 0.00000 0.00000 0.00000 0.00000 0.00000 0.00000 0.00000 0.00000 0.00000 0.00000 0.00000 0.00000 0.00000 0.00000 0.00000 0.00000 0.00000 0.00000
W 1 2 0.12844 0.32503 1.52964 2.50371 0.09672 -0.51705 0.00000 0.12844 0.00000 0.00000 0.12844 0.00000 0.60637 0.83729 0.65247 0.33312 0.04168 0.94960
W 1 3 0.51056 -0.35392 0.06657 -2.29287 0.12622 0.49292 0.00000 0.51056 0.00000 0.00000 0.51056 0.00000 -0.01641 -0.62106 -0.45774 0.06844 0.15984 -0.55691
S 1 2 0.200 0.762 0.1445 0.520 0.595 0.1196 0.320 0.739 0.1389 0.000 1.187 0.2049 0.460 1.101 0.3096 0.460 1.098 0.3012 0.240 0.628 0.6944 0.280 1.100 0.3058 0.710 1.097 0.2967 0.370 1.093 0.2890 0.980 0.868 0.3460 0.480 1.038 0.2070 0.370 1.040 0.4167 0.320 1.035 0.2033 0.860 1.030 0.1988 0.360 0.739 0.1623 0.040 0.866 0.1572 0.840 0.856 0.1524 0.120 0.695 0.1484 0.470 0.471 0.1401 0.970 0.650 0.1326 0.620 0.121 0.1188 0.820 0.199 0.1087 0.080 1.189 0.2075 0.550 1.186 0.2045 0.780 1.036 0.3953 0.120 1.030 0.3676 0.680 0.856 0.1326 0.720 0.676 0.1282 0.010 0.656 0.1256 0.720 0.445 0.1196 0.700 1.040 0.4167 0.520 1.028 0.2674 0.160 0.733 0.7407 0.510 0.830 0.2315 0.690 0.662 0.1280 0.130 0.349 0.1695 0.620 1.187 0.2058 0.740 1.184 0.2028 0.480 0.873 0.1908 0.800 0.758 0.3805 0.570 0.834 0.2041 0.860 0.618 0.1712 0.960 0.623 0.3547 0.790 0.865 0.3096 0.200 0.817 0.1623 0.560 0.577 0.1366 0.420 0.489 0.1238 0.970 1.097 0.2994 0.690 0.870 0.1923 0.190 0.650 0.6250 0.280 1.089 0.2919 0.390 0.937 0.2344 0.400 0.871 0.3205 0.820 0.368 0.2810 0.100 1.100 0.3067 0.100 1.097 0.2967 0.320 1.093 0.2882 0.600 1.102 0.3125 0.660 1.099 0.3021 0.110 1.094 0.2924 0.710 0.942 0.2841 0.200 0.935 0.2674 0.990 0.927 0.2525 0.960 0.919 0.2392 0.110 0.756 0.2203 0.300 0.739 0.2008 0.380 0.804 0.3086 0.730 1.039 0.4098 0.490 1.033 0.2778 0.860 1.040 0.4167 0.510 1.034 0.1531 0.090 1.028 0.1493 0.720 0.868 0.1427 0.250 0.856 0.1399 0.680 0.690 0.1321 0.890 0.671 0.1276 0.710 0.650 0.1250 0.290 0.817 0.2907 0.390 0.974 0.1277 0.860 1.102 0.3125 0.770 1.039 0.4098 0.930 1.033 0.2770 0.290 0.876 0.2632 0.510 0.857 0.2232 0.540 0.779 0.3461 0.580 1.102 0.3125 0.660 0.824 0.2809 0.220 0.828 0.1672 0.150 0.579 0.1370 0.280 0.546 0.1312
W 2 0 -0.28362 -0.65721 -2.22472 -0.18936 0.18271 -0.24502 -0.71762 -0.70216 -0.05471 -0.05551 0.12390 -0.77475 -0.89625 -0.59912 -0.43473 -0.76237 -0.34543 -0.95455
W 2 1 0.03011 0.80922 -0.87717 1.04368 -0.09983 -1.73119 -0.26773 -1.31714 0.58007 1.65110 -0.37567 0.65061 -0.21228 -0.29263 -0.17042 0.19583 0.84279 -0.27916
W 2 2 -0.56370 -0.06598 2.30709 1.60527 -1.90585 0.56408 0.69138 1.93253 -0.58208 -1.21462 -0.62574 1.12504 0.91632 0.04147 1.10527 0.07700 -0.14575 2.30414
W 2 3 0.81722 -0.08603 0.79479 -2.45959 1.82297 1.41213 0.29397 0.08677 0.05672 -0.38098 0.87750 -1.00089 0.19221 0.85028 -0.50012 0.48954 -0.35161 -1.07043
S 2 2 0.320 1.040 0.4167 0.880 0.634 0.1458 0.810 1.036 0.1445 0.620 1.033 0.1424 0.510 1.028 0.1410 0.280 1.025 0.1391 0.300 0.868 0.1377 0.200 0.452 0.1397 0.790 0.860 0.1374 0.240 0.150 0.1337 0.220 0.847 0.1312 0.770 0.831 0.1289 0.170 0.642 0.1241 0.930 0.557 0.1168 0.440 0.489 0.1539 0.980 1.040 0.4167 0.770 1.039 0.2058 0.280 1.036 0.2016 0.630 1.034 0.1667 0.540 1.031 0.1639 0.860 1.029 0.1621 0.190 0.876 0.1595 0.370 0.872 0.1560 0.320 0.866 0.1513 0.750 0.841 0.1302 0.030 0.989 0.1724 0.750 0.645 0.1244 0.810 1.032 0.2033 0.240 1.025 0.1994 0.540 1.034 0.1655 0.930 0.737 0.1625 0.930 0.874 0.1594 0.180 0.858 0.1540 0.060 0.669 0.1468 0.250 0.814 0.1649 0.800 0.678 0.1617 0.460 0.636 0.1510 0.560 0.800 0.1950 0.750 0.818 0.2894 0.540 0.846 0.2541 0.260 0.861 0.2372 0.660 1.185 0.2033 0.380 1.039 0.4098 0.050 1.034 0.3922 0.150 1.037 0.3802 0.610 1.030 0.3636 0.470 1.026 0.3496 0.900 0.544 0.6250 0.950 0.685 0.2451 0.750 0.634 0.2155 0.520 1.040 0.4167 0.300 0.875 0.3367 0.690 0.866 0.3021 0.810 0.865 0.2278 0.000 0.861 0.1828 0.430 0.708 0.1739 0.470 0.704 0.2802 0.190 0.695 0.2299 0.190 0.695 0.4046 0.890 1.034 0.2020 0.550 0.924 0.3546 0.490 0.965 0.2439 0.920 1.040 0.4167 0.960 1.036 0.3906 0.370 1.034 0.4049 0.820 1.028 0.1972 0.830 0.639 0.1299 0.850 1.035 0.3891 0.470 0.879 0.2092 0.860 1.040 0.4167 0.030 1.039 0.4049 0.630 1.038 0.3922 0.050 1.035 0.3745 0.570 1.034 0.3636 0.660 1.032 0.3521 0.830 1.030 0.3378 0.550 1.036 0.3937 0.770 0.588 0.2755 0.830 0.932 0.3425 0.490 0.962 0.2262 0.560 1.028 0.1980 0.890 0.304 0.1117 0.760 0.426 0.2316 0.450 1.040 0.4167 0.910 1.032 0.1996 0.000 0.869 0.1879 0.290 0.853 0.1804 0.290 0.853 0.3573 0.920 0.979 0.2753 0.390 0.846 0.2543 0.850 0.771 0.3587 0.120 0.430 0.2623 0.610 1.040 0.4167 0.170 1.038 0.4032 0.070 1.036 0.3788 0.000 1.031 0.3546 0.940 1.026 0.3311 0.520 0.859 0.2899 0.020 0.848 0.2695 0.380 0.840 0.2545 0.530 0.830 0.4762 0.400 0.665 0.4132 0.400 0.626 0.2288 0.890 0.389 0.1852 0.270 1.040 0.4167 0.670 1.102 0.3125 0.070 1.094 0.2907 0.560 0.938 0.2812 0.400 0.932 0.1497 0.710 0.845 0.2551 0.970 1.040 0.4167 0.590 1.039 0.2070 0.870 1.044 0.4082 0.620 1.031 0.3937 0.900 1.057 0.3846 0.280 1.040 0.4167 0.840 1.102 0.3125 0.960 1.101 0.3071 0.140 1.099 0.2894 0.490 1.097 0.2758 0.680 1.095 0.2684 0.720 0.916 0.2621 0.670 0.941 0.2453 0.220 0.875 0.2239 0.630 0.928 0.2162 0.430 0.841 0.2055 0.180 0.646 0.1863 0.670 0.748 0.1716 0.770 0.161 0.1207 0.720 0.385 0.1802 0.020 1.039 0.4098 0.310 1.037 0.3717 0.810 1.028 0.3460 0.470 0.876 0.3125 0.710 0.851 0.2778 0.260 0.866 0.2415 0.440 0.646 0.1961 0.930 0.688 0.1742 0.540 0.480 0.1577 0.740 0.462 0.1621 0.140 0.455 0.1403 0.560 0.264 0.1417 0.430 0.577 0.2125 0.890 0.398 0.5281 0.040 0.567 0.4589 0.820 0.482 0.3400 0.340 0.941 0.2857 0.360 0.901 0.7874 0.490 1.038 0.2227 0.490 1.038 0.4276 0.110 0.852 0.1379 0.840 0.695 0.1761 0.240 1.190 0.2083 0.490 0.781 0.1127 0.960 0.929 0.1225 0.130 1.038 0.2062 0.340 1.036 0.2033 0.800 1.026 0.1992 0.700 1.032 0.1969 0.260 1.029 0.1930 0.610 0.877 0.1905 0.710 0.871 0.1835 0.630 0.867 0.1789 0.670 0.861 0.1727 0.150 0.857 0.1686 0.110 0.939 0.2188 0.410 0.932 0.2132 0.660 0.778 0.3472 0.860 0.798 0.3165 0.750 0.818 0.1629
W 3 0 -0.07458 -0.25544 -0.46674 0.11215 -0.13777 0.08926 -0.22114 -0.49514 -0.34347 -0.63321 0.06941 -0.37108 -0.62861 -0.32610 -0.13362 -0.46291 -0.20564 -0.13028
W 3 1 0.07458 0.25544 0.46674 -0.11215 0.13777 -0.08926 0.22114 0.49514 0.34347 0.63321 -0.06941 0.37108 0.62861 0.32610 0.13362 0.46291 0.20564 0.13028
W 3 2 0.00000 0.00000 0.00000 0.00000 0.00000 0.00000 0.00000 0.00000 0.00000 0.00000 0.00000 0.00000 0.00000 0.00000 0.00000 0.00000 0.00000 0.00000
W 3 3 0.00000 0.00000 0.00000 0.00000 0.00000 0.00000 0.00000 0.00000 0.00000 0.00000 0.00000 0.00000 0.00000 0.00000 0.00000 0.00000 0.00000 0.00000
W 4 0 0.63403 1.78963 -5.27069 -1.89150 -1.00616 0.73453 -1.61541 -0.12962 0.00000 0.10884 0.07224 0.00000 -0.15974 -0.33959 -0.19578 -0.45009 -0.02007 0.04447
W 4 1 0.00000 0.00000 0.00000 0.00000 0.00000 0.00000 0.00000 0.00000 0.00000 0.00000 0.00000 0.00000 0.00000 0.00000 0.00000 0.00000 0.00000 0.00000
W 4 2 -0.01195 -1.45187 3.19428 1.53249 0.65001 -0.01813 1.92885 0.33669 0.00000 -0.85913 -1.40032 0.00000 -0.14560 0.57237 -0.16833 0.61003 0.82789 -0.66905
W 4 3 -0.62208 -0.33777 2.07641 0.35901 0.35615 -0.71640 -0.31343 -0.20707 0.00000 0.75029 1.32808 0.00000 0.30534 -0.23278 0.36411 -0.15994 -0.80783 0.62458
S 4 0 0.245 0.642 0.4630 0.614 0.793 0.4808 0.535 0.793 0.2451 0.712 1.028 0.4854 0.168 0.989 0.4808 0.448 0.756 0.4808 0.358 0.595 0.4630 0.722 0.739 0.4630 0.287 1.025 0.4878 0.521 0.602 0.4310 0.461 1.185 0.1634 0.433 0.938 0.4808 0.413 0.938 0.2451 0.351 0.866 0.4717 0.848 0.843 0.4762 0.660 0.738 0.4717 0.412 0.924 0.4808 0.422 1.026 0.4902 0.487 0.639 0.4464 0.566 0.483 0.4630 0.536 1.035 0.4854 0.838 1.028 0.4854 0.392 0.904 0.3226 0.351 1.036 0.4255 0.599 1.034 0.4878 0.617 0.712 0.4808 0.417 0.662 0.4545 0.298 0.805 0.1572 0.944 1.028 0.4808 0.217 0.802 0.4808 0.245 0.700 0.4808 0.460 0.771 0.4630 0.462 0.930 0.4854 0.479 0.618 0.4545 0.618 0.623 0.4167 0.203 0.688 0.4464 0.317 1.040 0.4739 0.537 0.665 0.4545 0.689 0.817 0.4630 0.773 0.577 0.4310 0.223 1.032 0.4878 0.440 0.938 0.4762 0.353 0.932 0.4808 0.471 0.858 0.4808 0.732 0.870 0.4630 0.481 0.723 0.4717 0.265 0.556 0.4310 0.459 0.941 0.4808 0.263 1.036 0.4902 0.317 1.033 0.4831 0.718 1.033 0.2457 0.523 1.040 0.4831 0.495 0.650 0.4630 0.384 0.793 0.4808 0.243 0.793 0.2451 0.251 0.793 0.1645 0.700 0.817 0.4630 0.642 0.817 0.2404 0.258 0.695 0.4630 0.133 0.695 0.2404 0.340 0.695 0.1623 0.229 1.190 0.4902 0.610 1.190 0.2475 0.432 1.071 0.4950 0.467 0.974 0.4902 0.471 0.921 0.4950 0.442 1.102 0.4878 0.482 1.102 0.2469 0.448 1.039 0.4854 0.801 0.779 0.4386 0.574 0.818 0.4630 0.716 0.569 0.1437
W 5 0 1.54488 -2.90429 -0.61298 -0.13053 -1.12206 0.34411 -0.47220 -1.69415 3.62155 -0.05648 0.23034 -3.91722 -0.10581 -0.45542 -0.28586 -0.40113 -0.26209 -1.05866
W 5 1 0.44207 2.75846 -3.47902 0.74048 0.40003 0.87403 -0.85068 -1.27109 1.02587 -1.27005 0.49158 2.49686 1.05722 1.15209 0.54410 -0.03346 1.20961 0.33822
W 5 2 -1.21475 0.02981 2.46031 0.01686 0.36587 -0.53305 1.97809 1.14411 -2.31586 0.83884 -0.47253 0.98278 0.17683 -0.91325 0.75770 0.60592 -0.69292 0.28826
W 5 3 -0.77220 0.11603 1.63170 -0.62682 0.35615 -0.68508 -0.65521 1.82113 -2.33157 0.48769 -0.24940 0.43758 -1.12824 0.21658 -1.01594 -0.17133 -0.25459 0.43218
S 5 0 0.436 0.636 0.3133 0.878 0.783 0.2154 0.497 0.910 0.2725 0.345 0.962 0.2610 0.504 0.654 0.3510 0.557 0.599 0.3846 0.512 0.368 0.2907 0.616 0.705 0.3930 0.628 0.705 0.2404 0.207 0.804 0.3720 0.157 0.804 0.1965 0.381 1.102 0.4045 0.336 1.102 0.2052 0.684 0.694 0.4572
W 6 0 0.65608 -0.50376 -1.13868 -0.55907 0.13499 0.46151 -0.21398 -0.61767 0.42876 0.10911 0.03821 -0.34273 -0.06157 -0.10795 -0.37447 -0.36916 -0.23044 -0.58705
W 6 1 -0.65608 0.50376 1.13868 0.55907 -0.13499 -0.46151 0.21398 0.61767 -0.42876 -0.10911 -0.03821 0.34273 0.06157 0.10795 0.37447 0.36916 0.23044 0.58705
W 6 2 0.00000 0.00000 0.00000 0.00000 0.00000 0.00000 0.00000 0.00000 0.00000 0.00000 0.00000 0.00000 0.00000 0.00000 0.00000 0.00000 0.00000 0.00000
W 6 3 0.00000 0.00000 0.00000 0.00000 0.00000 0.00000 0.00000 0.00000 0.00000 0.00000 0.00000 0.00000 0.00000 0.00000 0.00000 0.00000 0.00000 0.00000
P Waffle3z 0.0780
W 0 0 0.81228 -1.69899 -2.99079 -0.89320 1.71350 1.88184 0.95244 1.93855 -0.17091 0.00000 -0.62725 -1.70138 -1.24435 0.17193 0.06547 -2.13949 -0.52420 -0.73151
W 0 1 0.07324 1.30333 0.64396 0.58829 -1.07201 -1.18199 -1.12927 -2.34958 0.86779 0.00000 0.93430 1.00078 -0.49169 -0.71522 -0.34796 -0.36615 -0.11314 -0.19464
W 0 2 -0.47238 0.27013 0.97545 3.96348 -0.77262 0.05474 0.25980 2.42172 1.28529 0.00000 1.05860 0.46778 3.52213 0.17716 -0.16966 1.10299 0.28467 -0.32109
W 0 3 -0.41314 0.12553 1.37138 -3.65856 0.13113 -0.75459 -0.08297 -2.01068 -1.98218 0.00000 -1.36564 0.23282 -1.78609 0.36614 0.45215 1.40264 0.35267 1.24724
S 0 0 0.370 0.941 0.6000 0.140 0.935 0.7000 0.870 0.521 2.2500 0.860 1.102 0.7200 0.920 0.650 0.6000 0.420 0.857 1.2000 0.870 1.021 0.6667 0.560 0.768 1.2000 0.490 0.484 0.7500 0.430 1.034 0.5000 0.810 0.235 1.2500 0.720 0.813 2.2000 0.350 0.790 1.2500 0.740 0.782 1.1667 0.410 0.863 0.5000 0.510 1.024 0.6000 0.790 1.024 1.2500 0.900 0.890 0.6667 0.550 1.038 0.5000 0.480 0.882 2.1667 0.900 0.677 0.5000 0.550 1.099 2.2000 0.030 0.646 0.7000 0.660 0.840 0.6667 0.140 1.103 0.6667 0.630 0.945 1.2000 0.380 1.010 0.7200 0.540 0.743 1.2000 0.860 0.535 0.7000 0.730 0.021 1.0370 0.900 0.902 2.1429 0.560 0.460 0.4286 0.540 1.102 2.2000 0.010 0.908 1.2000 0.230 0.798 0.7000 0.010 1.179 2.2500 0.600 0.750 2.2500 0.920 1.101 2.2000 0.370 0.932 1.1667 0.770 0.790 2.2000 0.690 1.089 2.1667 0.820 0.863 0.7000 0.080 0.666 1.1667 0.700 0.557 1.2500 0.580 0.870 1.1429 0.830 0.770 0.7000 0.190 0.541 2.2000 0.870 1.098 2.2000 0.680 0.677 0.7000 0.130 0.650 0.7500 0.620 0.924 0.6667 0.580 0.458 1.2500 0.220 0.592 0.5000 0.480 0.597 0.5000 0.930 1.101 1.2000 0.560 0.770 2.2500 0.230 1.037 2.2500 0.870 0.646 1.2500 0.320 0.856 0.6667 0.610 0.402 0.7000 0.820 1.095 2.2000 0.170 0.614 2.2500 0.790 1.092 2.2000 0.520 0.668 0.7000 0.490 0.612 0.6000 0.850 1.097 1.2000 0.070 0.788 1.2000 0.480 1.042 2.1429 0.930 0.877 2.1667 0.360 0.552 2.1667 0.420 1.098 2.1667 0.590 0.958 2.2000 0.730 0.573 0.7000 0.230 0.891 1.1667 0.450 0.803 0.6667 0.700 1.097 1.2000 0.110 0.774 1.2500 0.130 0.554 0.7500 0.400 0.866 2.1667 0.760 0.780 2.1667 0.120 0.336 2.2000 0.750 1.033 2.2500 0.630 0.720 2.2500 0.490 0.581 0.7500 0.370 0.892 1.1667 0.920 0.738 0.6667 0.970 0.479 2.2500 0.440 1.038 1.1667 0.610 0.758 0.5000 0.670 0.474 0.4286 0.260 0.899 2.1667 0.430 0.794 1.1667 0.550 1.097 1.2000 0.410 0.782 2.2000 0.960 0.499 1.2000 0.930 0.338 0.7500 0.370 1.030 2.1667 0.850 0.862 0.6000 0.190 0.652 0.7000 0.370 1.189 2.2500 0.520 0.874 2.2500 0.920 1.035 2.1667 0.320 0.736 2.1667 0.800 0.642 0.7500 0.040 1.095 2.2000 0.650 0.753 2.2000 0.390 0.561 0.7500 0.550 1.032 2.2500 0.040 0.690 1.2500 0.370 1.186 2.2500 0.350 0.854 2.2500 0.260 1.040 2.1429 0.760 0.880 2.1667 0.440 0.196 0.7500 0.240 0.747 0.7000 0.310 1.040 2.1429 0.360 1.005 2.2500 0.250 0.694 0.7500 0.030 0.910 1.1667 0.920 0.508 2.1667 0.630 1.026 2.1429 0.180 0.809 0.6667 0.560 0.945 0.6000 0.900 0.761 0.7000 0.040 0.555 0.7500 0.980 0.806 0.6667 0.170 0.739 0.6667 0.290 0.971 1.2000 0.750 1.102 2.2000 0.890 0.931 0.7000 0.080 0.599 0.7000 0.920 0.582 2.2500 0.310 1.017 2.1667 0.020 0.656 2.1429 0.410 0.545 0.6000 0.350 1.188 2.2500 0.240 0.739 0.7500 0.750 1.185 2.2500 0.790 0.628 0.7500 0.910 1.028 2.1667 0.920 0.851 0.7000 0.290 1.187 2.2500 0.690 0.762 2.2500 0.280 0.535 2.2500 0.810 0.239 0.7500 0.000 1.026 1.2500 0.430 0.725 2.2500 0.710 1.033 0.6572 0.710 0.801 1.1667 0.130 1.012 2.2500 0.080 0.667 0.7500 0.520 0.959 2.1667 0.360 0.630 2.2500 0.360 0.858 2.2000 0.020 1.188 2.2500 0.490 0.881 2.2500 0.930 0.220 0.7500 0.220 0.860 2.1667 0.670 0.765 2.1429 0.490 1.045 0.6667 0.580 0.730 2.1667 0.930 0.962 0.7000 0.490 0.438 1.2500 0.150 1.097 1.2000 0.040 0.780 1.2500 0.130 0.564 0.7500 0.540 1.092 1.2500 0.530 0.573 1.2500 0.190 0.986 0.7000 0.890 0.731 0.7500 0.300 1.010 2.2500 0.730 0.665 0.7500 0.020 0.968 0.7000 0.320 0.802 1.2000 0.460 1.102 0.7200 0.680 0.916 0.7000 0.350 0.664 1.2500 0.750 1.040 2.1667 0.720 0.978 0.6000 0.000 0.607 2.2000 0.520 0.969 2.2000 0.350 0.783 2.2000 0.320 0.348 2.2500 0.960 0.939 2.2000 0.540 0.974 2.2500 0.340 0.703 1.2500 0.930 0.944 2.2000 0.150 0.965 0.6667 0.020 0.717 1.2000 0.290 0.631 0.7000 0.800 1.032 2.1429 0.910 0.669 0.6667 0.510 1.040 2.1667 0.080 0.925 0.7000 0.530 0.660 0.7500 0.430 1.005 2.1667 0.530 0.858 2.2000 0.620 0.540 2.2500 0.430 0.981 0.7000 0.980 0.784 0.7500 1.000 1.033 0.6667 0.940 0.495 1.2000 0.660 0.994 0.6667 0.930 0.615 1.2000 0.850 0.816 0.7000 0.590 0.424 0.7500 0.540 1.065 0.7500 0.140 0.683 0.7500 0.080 0.360 0.7500 0.900 1.103 0.6667 0.130 0.799 1.1667 0.190 0.662 2.2500 0.840 1.010 2.2000 0.210 1.039 2.1667 1.000 0.889 0.6667 0.170 0.484 1.2500 0.970 0.799 1.2500 0.070 1.099 1.2000 0.550 0.498 0.6000 0.770 1.026 2.1667 0.860 0.632 2.2500 0.530 0.937 2.2000 0.170 0.699 0.7000 0.370 0.882 2.2000 0.850 0.693 2.2500 0.510 0.981 1.1667 0.860 1.025 2.2000 0.990 0.942 0.7000 0.500 0.971 1.1667 0.260 0.744 0.7000 0.060 1.099 0.6000 0.190 0.788 0.7500 0.760 1.078 0.7200 0.240 0.940 0.6667 0.060 0.644 0.7500 0.420 1.099 2.2000 0.410 0.752 0.6667 0.500 0.878 1.1667 0.470 0.753 2.2500 0.110 0.633 0.6667 0.320 0.941 2.2000 0.770 0.942 2.2000 0.520 1.080 1.2000 0.410 1.189 2.2500 0.770 0.690 0.7500 0.460 0.505 2.2500 0.870 0.826 1.2500 0.300 0.626 0.5000 0.580 0.945 1.2000 0.950 1.101 0.7200 0.470 0.829 0.7000 0.270 0.650 0.7500 0.720 0.992 2.1667 0.710 0.722 0.6667 0.280 0.738 0.7500 0.720 1.102 0.7200 0.820 0.884 2.1667 0.640 0.462 1.2500 0.110 1.094 1.2000 0.770 0.671 0.7000 0.560 1.056 0.6667 0.770 0.659 2.1667 0.460 0.250 2.2500 0.560 0.891 2.2000 0.720 0.688 0.6667 0.650 0.247 2.2500 0.150 1.190 2.2500 0.540 1.032 2.2500 0.540 1.102 2.2000 0.840 0.822 0.7000 0.510 0.581 1.1667 0.260 0.535 0.7500 0.780 0.858 1.2000 0.300 0.800 1.2000 0.460 0.521 0.7500 0.140 0.901 1.2000 0.520 0.672 0.7500 0.760 1.032 1.1429 0.180 0.753 2.2000 0.830 0.572 2.2500 0.680 1.038 0.6667 0.050 0.786 0.6000 0.170 0.360 1.2500 0.520 0.919 0.7000 0.630 0.533 0.7500 0.370 1.097 2.2000 0.700 0.764 2.2500 0.850 1.097 0.7200 0.810 0.755 0.7000 0.770 0.267 2.2500 0.010 0.906 0.6667 0.830 0.735 2.2500 0.150 1.014 2.2500 0.750 0.651 2.2500 0.020 0.409 0.7500 0.720 0.875 0.7000 0.250 0.656 0.5000 0.250 0.518 0.7500 0.530 0.860 1.2500 0.800 0.546 2.2500 0.520 0.396 2.2500 0.220 0.938 2.2000 0.290 1.040 0.6667 0.540 0.837 2.2000 0.590 0.439 2.2500 0.380 0.859 2.1667 0.300 0.552 0.7500 0.560 0.988 0.6667 0.430 1.100 2.1667 1.000 0.939 0.7000 0.760 0.539 2.2500 0.620 1.047 2.1667 0.400 0.670 0.6667 0.170 1.018 0.5000 0.590 0.723 0.5000 0.680 1.022 2.1667 0.310 0.511 0.5000 0.120 0.934 2.2000 0.990 0.814 1.2000 0.670 0.312 2.2500 0.470 0.676 0.5000 0.300 1.104 2.1667 0.750 0.826 0.7000 0.630 0.512 2.2500 0.770 0.894 2.1667 0.130 0.355 0.7000 0.370 0.338 0.7500 0.550 0.953 1.2500 0.870 0.948 2.2000 0.860 1.102 1.1667 0.730 0.906 2.1667 0.410 0.534 1.2000 0.370 0.400 1.2500 0.510 0.766 0.7000 0.280 1.039 1.1429 0.180 1.183 2.2500 0.430 0.881 2.2500 0.980 0.547 0.7500 0.600 0.882 1.2000 0.220 0.401 2.2500 0.460 1.093 2.2000 0.890 0.594 0.7000 0.110 0.890 2.1667 0.370 0.953 2.1667 0.920 0.768 2.1667 0.630 1.097 2.2000 0.310 0.750 2.2000 0.410 0.105 2.1923 0.510 0.931 0.7000 0.980 0.838 0.7000 0.630 0.432 0.7500 0.600 1.039 2.2500 0.460 0.654 2.2500 0.270 0.979 0.7000 0.230 0.708 0.7000 0.590 1.181 2.2500 0.370 0.777 2.2500 0.530 1.033 0.6000 0.810 0.756 0.7000 0.860 0.908 2.1429 0.540 0.661 0.7000 0.530 1.037 2.2500 0.670 0.656 2.2500 0.490 0.961 1.2500 0.290 1.055 0.6667 0.050 0.780 0.7000 0.140 0.585 0.7500 0.750 0.980 2.1429 0.840 0.685 1.1429 0.580 1.105 2.2000 0.190 0.768 0.6000 0.710 0.725 0.6667 0.140 0.703 1.1429 0.260 1.105 2.1667 0.050 1.039 0.4286 0.560 0.872 1.1667 0.420 0.593 1.1667 0.770 1.089 2.1667 0.180 0.956 2.2000 0.940 0.678 0.7500 0.180 1.092 0.7200 0.470 0.826 1.2000 0.950 0.715 0.7000 0.110 0.848 1.1429 0.750 0.687 1.2000 0.520 1.099 2.1667 0.920 0.831 0.7500 0.350 1.101 1.2000 0.780 0.566 0.7000 0.930 0.921 2.2500 0.410 0.638 1.2500 0.550 0.398 1.2000 0.380 1.022 2.1667 0.010 0.797 0.6667 0.160 1.102 0.6000 0.180 0.914 0.6667 0.870 0.697 0.7000 0.740 1.042 2.1667 0.670 0.884 2.1667 0.620 0.467 2.2500
W 1 0 0.31314 -0.74394 -1.64955 0.94109 0.73641 0.56277 0.00000 0.31314 0.00000 0.00000 0.31314 0.00000 -1.21494 -0.58998 -0.38974 -1.27521 0.29924 -1.27574
W 1 1 0.00000 0.00000 0.00000 0.00000 0.00000 0.00000 0.00000 0.00000 0.00000 0.00000 0.00000 0.00000 0.00000 0.00000 0.00000 0.00000 0.00000 0.00000
W 1 2 -0.00772 -0.08812 0.14341 2.81752 0.03070 0.57964 0.00000 -0.00772 0.00000 0.00000 -0.00772 0.00000 0.25304 -0.20622 -0.49605 1.21133 -0.07311 1.88134
W 1 3 -0.30542 0.83206 1.50614 -3.75861 -0.76712 -1.14240 0.00000 -0.30542 0.00000 0.00000 -0.30542 0.00000 0.96190 0.79621 0.88580 0.06388 -0.22613 -0.60559
S 1 0 0.740 1.098 1.0000 0.320 0.951 0.3333 0.900 0.807 0.4000 0.110 0.633 0.4000 0.040 0.368 0.5000 0.610 0.984 1.0000 0.120 0.870 0.5000 0.310 0.774 0.4000 0.630 1.086 0.3333 0.470 0.841 1.0000 0.170 0.691 2.0000 0.550 0.722 0.3333 0.220 0.799 1.0000 0.110 0.669 0.5000 0.210 0.697 1.0000 0.290 0.528 1.0000 0.340 0.345 0.5000 0.050 1.104 0.4000 0.300 1.102 1.0000 0.470 0.946 1.0000 0.940 0.651 0.5000 0.390 0.804 1.0000 0.580 0.610 2.0000 0.200 0.996 2.0000 0.720 0.984 0.4000 0.060 0.696 0.4000 0.000 1.094 0.4000 0.560 1.033 0.4000 0.670 1.016 0.4000 0.300 0.891 0.4000 0.780 0.864 0.5000 0.960 0.773 2.0000 0.260 0.551 1.0000 0.030 0.442 0.5000 0.210 0.846 0.5000 0.360 0.713 0.2857 0.810 0.364 2.0000 0.470 1.093 0.5200 0.770 0.930 1.0000 0.100 0.928 0.4000 0.210 0.798 0.5000 0.950 0.813 0.4000 0.760 1.091 0.5200 0.300 0.908 0.5000 0.490 0.919 0.4000 0.840 0.773 2.0000 0.200 0.701 0.4000 0.850 0.729 1.0000 0.420 1.085 0.5200 0.110 0.934 0.5000 0.240 0.755 0.4000 0.710 0.501 2.0000 0.880 0.702 0.5000 0.300 0.507 0.5000 0.540 0.943 0.5000 0.360 0.937 0.5000 0.900 1.190 0.5000 0.050 0.652 2.0000 0.220 1.102 0.4000 0.650 0.863 1.0000 0.690 0.864 0.5000 0.930 1.094 1.0000 0.740 0.911 1.0000 0.110 0.917 0.4000 0.410 0.906 0.4000 0.250 0.767 0.3333 0.540 0.652 1.0000 0.750 1.102 1.0000 0.670 0.475 1.0000 0.210 0.711 0.5000 0.970 0.493 1.0000 0.620 1.039 0.5143 0.400 1.015 0.5000 0.560 0.854 1.0000 0.840 0.944 0.4000 0.940 1.029 0.5000 0.920 0.724 2.0000 0.430 0.727 1.0000 0.520 0.783 0.4000 0.570 0.583 1.0000 0.110 1.099 0.5200 0.970 0.941 1.0000 0.190 0.783 0.5000 0.430 0.531 0.5000 0.110 0.540 0.4000 0.060 1.189 0.5000 0.240 1.187 1.0000 0.490 1.189 0.5000 0.410 1.019 0.5000 0.360 0.746 1.0000 0.120 0.695 1.0000 0.620 1.188 0.5000 0.690 1.185 1.0000 0.950 1.028 1.0000 0.140 1.098 1.0000 0.540 1.092 1.0000 0.300 0.758 1.0000 0.520 0.798 0.3333 0.340 0.548 1.0000 0.460 1.011 1.0000 0.430 0.565 0.5000 0.780 0.360 0.5000 0.510 1.013 1.0000 0.370 1.042 1.0000 0.500 0.947 0.4000 0.020 0.915 0.5000 0.290 1.102 0.5000 0.630 0.939 2.0000 0.530 0.921 1.0000 0.770 0.884 2.0000 0.880 0.676 2.0000 0.130 0.406 1.0000 0.750 0.489 2.0000 0.290 0.995 0.5000 0.180 0.937 0.4000 0.030 0.799 0.4000 0.870 0.738 0.5000 0.020 1.034 1.0000 0.400 1.052 2.0000 0.450 0.656 1.0000 0.420 0.595 1.0000 0.750 0.581 2.0000 0.140 0.540 0.5000 0.740 0.891 0.5000 0.040 0.844 0.4000 0.460 0.828 1.0000 0.220 0.658 2.0000 0.290 1.187 1.0000 0.370 1.102 0.5200 0.150 1.095 0.4000 0.400 1.073 1.0000 0.860 1.055 1.0000 0.430 0.911 0.5000 0.490 0.801 0.5000 0.240 0.784 0.5000 0.870 0.714 0.5000 0.330 0.733 2.0000 1.000 0.500 1.0000 0.680 0.465 0.5000 0.930 0.398 1.0000 0.870 1.024 0.5000 0.970 0.935 1.0000 0.040 0.926 0.5000 0.120 0.884 0.5000 0.180 0.773 0.5000 0.520 0.517 0.4000 0.180 1.100 0.4000 0.150 1.097 0.4000 0.420 0.819 0.5000 0.320 1.099 0.5200 0.450 0.929 0.4000 0.180 0.944 0.5000 0.080 0.790 0.5000 0.130 0.767 0.4000 0.490 0.665 0.5000 0.190 0.690 0.3333 0.660 0.933 0.5000 0.330 0.961 0.5000 0.560 1.023 2.0000 0.180 0.854 0.5000 0.170 0.671 0.5000 0.430 0.924 1.0000 0.670 1.092 2.0000 0.120 0.655 0.5000 0.800 1.039 1.0000 0.970 0.898 2.0000 0.170 0.658 0.5000 0.860 0.588 2.0000 0.580 0.188 0.5000 0.770 1.101 1.0000 0.350 1.092 0.5200 0.890 0.895 2.0000 0.900 0.636 0.5000 0.940 0.632 2.0000 0.670 0.528 2.0000 0.940 1.097 0.5000 0.810 1.092 0.5200 0.660 0.944 0.5000 0.950 0.949 2.0000 0.770 0.500 0.5000 0.850 0.411 0.5000 0.030 0.579 0.3333 0.620 0.341 0.4000 0.490 0.176 2.0000 0.770 0.404 2.0000 0.540 1.028 0.5200 0.020 0.605 2.0000 0.780 0.534 2.0000 0.170 0.415 0.5000 0.110 1.189 2.0000 0.070 1.187 0.5000 0.250 1.189 0.5000 0.800 1.040 2.0000 0.000 1.036 0.5000 0.340 0.860 1.0000 0.490 0.852 1.0000 0.120 0.868 1.0000 0.030 1.033 0.5000 0.340 1.037 0.5200 0.550 0.832 0.5000 0.150 0.722 0.5000 0.710 0.688 0.5000 0.100 0.683 0.5000 0.790 0.735 1.0000 0.520 0.569 1.0000 0.910 1.102 0.5200 0.310 0.931 0.4000 0.540 0.877 0.5000 0.820 0.781 0.5000 0.870 0.811 1.0000 0.250 0.797 0.4000 0.720 0.622 0.4000 0.670 0.400 1.0000 0.100 0.712 0.5000 0.090 0.628 0.5000 0.790 0.419 1.0000 0.670 0.795 2.0000 0.400 0.594 0.5000 0.430 1.047 1.0000 0.230 0.930 0.5000 0.010 0.774 0.4000 0.960 0.769 1.0000 0.300 0.589 0.4000 0.900 0.631 0.3333 0.020 0.145 2.0000 0.490 0.961 0.4000 0.430 0.962 0.3333 0.470 0.916 0.5000 0.410 0.810 0.5000 0.940 0.770 2.0000 0.980 0.627 0.5000 0.960 0.923 0.5000 0.810 0.701 1.0000 0.600 0.687 0.5000 0.970 1.189 0.5000 0.530 1.185 0.5000 0.440 1.176 0.5000 0.060 1.018 0.5000 0.830 1.008 1.0000 0.370 0.700 1.0000 0.840 0.558 0.5000 0.420 0.948 0.4000 0.680 0.941 1.0000 0.190 0.933 0.4000 0.480 0.752 0.5000 0.750 0.823 1.0000 0.030 1.040 0.5000 0.790 0.986 0.5000 0.860 0.769 2.0000 0.660 0.568 2.0000 0.610 0.584 1.0000 0.460 0.510 0.5000 0.010 0.482 0.3333 0.620 1.098 1.0000 0.450 1.095 0.5200 0.570 0.960 0.5000 0.790 0.802 0.3333 0.190 0.764 0.5000 0.760 1.039 0.5143 0.660 0.895 0.2857 0.680 0.696 0.5000 0.450 0.479 0.4000 0.610 1.030 0.5143 0.370 0.908 0.2857 0.920 1.038 1.0000 0.130 0.370 0.3333 0.840 1.095 0.5200 0.290 1.098 0.4000 0.000 0.951 0.4000 0.890 0.929 1.0000 0.580 0.809 0.5000 0.620 0.799 0.5000 0.560 0.678 0.4000 0.210 0.867 0.5000 0.460 0.867 0.5000 0.620 0.622 1.0000 0.550 0.899 0.5000 0.500 1.096 0.5000 0.360 1.101 0.3333 0.580 0.636 2.0000 0.970 1.100 2.0000 0.800 0.953 0.3333 0.560 0.909 2.0000 0.570 0.900 1.0000 0.190 0.690 0.5000 0.400 0.514 2.0000 0.870 0.567 2.0000 0.980 1.092 0.5200 0.430 1.074 0.5200 0.860 0.833 0.5000 0.490 0.812 0.4000 0.320 1.181 0.5000 0.140 1.029 0.5000 0.650 1.024 2.0000 0.830 0.877 2.0000 0.230 0.884 1.0000 0.940 0.873 0.5000 0.120 0.884 1.0000 0.920 0.725 1.0000 0.120 0.730 1.0000 0.460 0.587 1.0000 0.670 0.964 0.5000 0.990 0.898 0.5000 0.970 0.584 2.0000 0.090 0.865 0.4000 0.930 0.828 1.0000 0.100 1.040 0.5143 0.670 1.026 1.0000 0.330 0.166 0.2857 0.780 1.099 0.4000 0.830 1.104 0.5000 0.800 0.950 2.0000 0.620 1.102 0.5000 0.160 1.089 0.5000 0.610 1.097 0.5000 0.400 0.931 2.0000 0.420 0.904 1.0000 0.460 1.079 0.5200 0.620 1.190 1.0000 0.080 1.188 0.5000 0.250 1.189 0.5000 0.040 1.185 1.0000 0.580 1.037 1.0000 0.570 1.035 2.0000 0.370 1.037 1.0000 0.460 0.881 0.5000 0.260 0.702 1.0000 0.190 0.684 2.0000 0.390 0.665 1.0000 0.530 0.862 0.5000 0.570 0.659 0.5000 0.990 1.010 0.5000 0.850 0.830 1.0000 0.030 0.816 2.0000 0.200 0.770 1.0000 0.530 0.697 0.5000 0.750 0.729 1.0000 0.170 0.895 0.5000 0.090 0.766 0.5000 0.120 1.190 2.0000 0.880 0.565 1.0000 0.570 0.565 2.0000 0.230 0.793 0.5000 0.220 0.720 1.0000 0.070 1.190 0.5000 0.060 1.144 0.5000 0.820 1.130 2.0000 0.990 0.966 0.5000 0.810 0.953 2.0000 0.510 0.807 1.0000 0.910 1.040 0.5000 0.740 1.040 0.3333 0.620 0.169 0.2500 1.000 1.102 1.0000 0.110 1.098 1.0000 0.820 0.953 0.5000 0.440 0.935 0.5000 0.060 0.726 0.5000 0.490 0.775 0.5000 0.270 0.406 0.5000 0.650 1.007 2.0000 0.250 1.040 0.3333 0.270 0.965 0.5000 0.520 0.881 1.0000 0.260 0.579 2.0000 0.670 0.600 2.0000 0.190 1.083 1.0000 0.250 0.904 0.5000 0.240 1.110 2.0000 0.500 0.992 0.5200 0.520 0.983 0.4000 0.850 0.622 1.0000 0.260 1.040 0.5000 0.010 1.033 0.2857 0.090 0.867 0.5000 0.160 0.833 0.5000 0.070 0.635 0.3333 0.260 1.101 0.5000 0.470 1.098 1.0000 0.810 1.100 1.0000 0.620 0.945 2.0000 0.270 0.926 0.5000 0.500 0.593 0.3333 0.710 1.026 0.5000 0.780 0.936 1.0000 0.040 0.871 0.5000 0.080 0.851 1.0000 0.050 0.649 0.5000 0.280 0.557 0.5000 0.920 1.040 1.0000 0.390 1.029 1.0000 0.740 0.859 0.3333 0.800 0.777 2.0000 0.750 0.496 0.5000 0.430 1.096 0.5200 0.820 1.086 2.0000 0.740 0.920 0.4000 0.570 0.882 0.3333 0.240 0.780 1.0000 0.990 0.690 2.0000
W 2 0 0.66521 -1.61320 -2.18668 0.70055 1.30656 0.14628 -0.20124 0.41802 1.74302 1.49937 -0.35177 -0.87961 -0.44252 -0.31839 -0.30953 -1.05346 -0.24096 -0.29615
W 2 1 0.98582 1.09755 -1.44047 1.67841 -0.82634 -0.36482 0.00677 0.38003 -1.75409 0.83656 -0.00773 1.84608 -0.34925 -0.19402 -0.43896 -0.32366 -0.02324 -0.84001
W 2 2 -1.42298 1.15825 3.60573 0.44709 -1.95137 0.74408 0.13572 -0.72082 -0.03473 -2.59821 -0.05638 -1.30176 0.61874 0.23296 0.03986 0.50882 0.56824 2.67532
W 2 3 -0.22805 -0.64260 0.02142 -2.82604 1.47115 -0.52554 0.05875 -0.07723 0.04580 0.26228 0.41588 0.33528 0.17303 0.27945 0.70863 0.86830 -0.30405 -1.53917
S 2 0 0.780 1.034 0.8154 0.610 0.871 0.6154 0.340 0.967 1.3333 0.140 0.812 2.3077 0.950 0.406 0.5454 0.940 0.489 1.4259 0.970 1.036 0.8909 0.350 0.893 0.8611 0.860 0.901 2.2727 0.620 0.782 2.2727 0.750 0.803 0.7000 0.640 0.697 1.4074 0.470 1.096 1.1538 0.160 0.791 0.5454 0.920 0.946 0.4444 0.840 0.776 2.3000 0.340 0.935 2.2857 0.520 0.682 2.3333 0.750 1.102 0.5454 0.740 1.063 0.5454 0.980 0.952 2.3571 0.400 0.951 0.6154 0.990 0.954 1.2727 0.990 1.038 1.3333 0.050 1.018 0.8000 0.630 1.003 0.6667 0.230 0.850 2.3333 0.940 1.034 1.2857 0.990 0.670 1.2381 0.860 1.040 2.3077 0.800 0.874 0.2858 0.650 1.036 2.1667 0.790 1.188 0.8750 0.410 1.042 0.9414 0.590 0.855 0.8333 0.910 1.190 1.3000 0.940 1.189 0.8000 0.580 1.014 0.8000 0.510 0.859 0.8000 0.790 0.703 0.8000 0.790 0.989 1.2222 0.680 1.038 1.2500 0.830 0.834 0.5454 0.960 0.585 2.2727 0.950 1.101 0.7818 0.910 0.639 0.8333 0.090 1.032 0.7385 0.450 1.046 0.8154 0.370 1.043 1.3333 0.350 0.889 0.7667 0.680 0.919 0.8077 0.560 0.868 0.7667 0.820 0.756 0.8077 0.950 0.674 0.9216 0.860 0.333 0.5676 0.540 1.012 1.3077 0.130 1.035 1.2500 0.990 0.687 0.8333 0.670 0.860 0.6666 0.190 1.037 0.7385 0.300 0.878 0.7308 0.980 0.954 1.3571 0.630 0.767 0.8571 0.760 1.096 0.7818 0.790 0.896 1.2727 0.970 0.716 0.7727 0.220 1.101 0.8571 0.220 1.069 0.6154 0.190 0.936 0.8571 0.760 0.869 0.8077 0.970 0.548 0.8077 0.890 0.742 0.7727 0.540 0.905 0.6666 0.480 1.037 0.6842 0.810 0.738 0.7500 0.850 0.428 2.2642 0.410 1.039 0.9040 0.860 0.636 0.7500 0.870 0.172 0.7462 0.860 0.786 1.2857 0.990 0.726 0.8529 0.320 0.798 0.4545 0.970 0.608 0.8750 0.670 1.032 1.3333 0.910 0.996 0.6666 0.290 1.036 0.8737 0.950 0.274 0.6689 0.630 1.036 0.7857 0.040 0.885 0.7500 0.160 0.670 1.2105 0.920 1.101 0.7500 0.330 1.095 0.5000 0.940 0.939 0.7500 0.540 0.926 0.5833 0.490 0.754 1.3333 0.900 0.617 2.3333 0.520 0.995 1.3000 0.830 0.845 0.8000 0.960 1.040 1.3333 0.830 0.965 0.8400 0.790 0.742 0.6000 0.200 0.881 0.6842 0.900 0.819 1.2500 0.590 1.100 0.8571 0.510 0.938 0.5714 0.710 0.589 0.8077 0.410 1.102 0.5833 0.750 1.112 0.9167 0.980 1.040 1.4000 0.680 0.831 0.6875 0.950 0.932 0.8750 0.680 0.781 0.4118 0.190 1.102 0.7067 0.560 1.067 2.2727 0.610 0.805 0.6428 0.000 1.040 0.7734 0.860 1.040 0.8750 0.170 1.021 1.1875 0.910 0.612 1.2500 0.610 0.465 2.2222 0.670 1.038 1.3000 0.420 0.990 0.8000 0.420 0.772 0.8000 0.750 0.674 0.8000 0.830 0.505 0.9091 0.750 1.185 0.7222 0.710 1.177 0.8000 0.980 1.016 0.9091 0.720 0.746 0.8000 0.670 0.301 1.3000 0.450 1.040 0.5385 0.520 0.887 0.5385 0.890 0.646 0.8333 0.930 0.866 0.8333 0.250 1.037 0.7412 0.330 0.894 0.7500 0.950 0.841 0.7400 1.000 1.169 0.8000 0.980 1.176 0.8000 0.560 1.036 0.8000 0.560 1.010 0.8000 0.800 0.691 0.8000 0.870 0.952 0.8750 0.750 1.040 0.8154 0.320 1.035 2.3077 0.920 1.031 2.4000 0.760 0.876 1.2667 0.220 0.868 0.5385 1.000 0.722 0.7857 0.210 0.629 0.7727 0.760 0.661 2.3333 0.280 0.483 0.5833 1.000 0.406 0.6924 0.710 1.041 0.8400 0.300 1.035 0.8400 0.760 0.660 2.2500 0.970 1.040 0.7385 0.930 1.043 2.3077 0.790 0.797 2.3077 0.320 1.103 0.5833 0.520 1.079 0.7818 0.990 0.781 0.8333 0.940 0.596 2.3684 0.730 1.040 2.2353 0.680 1.037 0.7412 0.790 0.984 0.6378 0.830 1.190 0.8000 0.460 0.988 0.8000 0.850 0.835 0.8000 0.920 0.721 0.8000 0.900 0.684 0.8000 0.190 1.081 0.5454 0.980 0.788 0.8571 0.530 1.099 0.5454 0.770 1.066 0.7818 0.940 0.370 0.9091 0.130 1.044 0.8154 0.190 1.076 0.2858 0.960 0.960 0.7727 0.050 0.900 0.7500 0.990 0.933 0.9932 0.400 1.014 0.8000 0.750 0.676 0.8000 0.940 0.805 0.7857 0.340 1.022 0.6875 0.710 0.908 1.1875 0.620 0.693 0.7500 0.060 1.021 0.3750 0.900 0.846 0.8333 0.990 0.909 0.6562 0.710 1.190 0.8000 0.560 1.039 1.1875 0.630 1.035 0.4000 0.860 0.676 0.8571 0.950 0.728 0.8571 0.070 0.965 0.8333 0.550 0.580 1.2500 0.970 0.313 0.7637 0.820 1.033 1.4000 0.560 1.062 0.8154 0.870 0.874 0.6875 0.810 0.888 1.2500 0.720 0.718 0.5833 0.940 0.656 2.3333 0.700 0.472 0.5833 0.920 1.037 0.6875 0.690 0.988 1.2105 0.240 0.856 0.7353 0.540 1.102 1.2000 0.860 1.092 1.3571 1.000 0.914 0.7000 0.970 0.795 0.8571 0.890 0.490 0.8000 0.850 0.429 0.8000 0.930 1.040 0.7500 0.700 1.028 0.6842 0.910 0.995 0.7500 0.610 0.715 0.7500 0.950 0.677 0.9484 0.560 1.112 0.8571 0.170 1.001 0.8571 0.080 0.587 0.8571 0.210 0.948 0.6875 0.120 0.867 0.6000 0.720 0.760 0.8750 0.980 0.800 0.8333 0.920 0.365 0.8000 0.240 0.950 0.8571 0.730 0.886 0.6428 0.070 1.038 0.7500 0.430 0.808 0.4500 0.740 1.037 0.6875 0.040 1.041 0.7412 0.070 1.010 0.7412 0.240 0.825 0.8333 0.630 0.571 0.8333 0.520 1.093 0.7818 0.340 1.096 0.8571 0.630 0.916 0.7727 0.130 1.037 0.8400 0.970 0.900 1.3571 0.120 0.886 0.6428 0.080 1.040 0.8154 0.630 0.962 0.8154 0.870 0.902 0.8154 0.630 1.040 0.8400 0.080 0.848 1.3333 0.590 1.101 0.6428 0.580 1.088 0.8571 0.920 0.990 0.8154 0.920 0.949 0.7500 0.970 0.826 0.8077 0.470 0.908 0.8077 0.610 0.730 0.7500 0.680 0.742 0.8077 0.220 1.017 0.8400 0.250 0.971 0.8400 0.520 0.942 0.6842 0.360 0.769 2.2000 0.430 0.390 0.8000 0.270 1.066 0.7857 0.560 0.895 0.8400 0.320 0.949 0.6428 0.240 1.101 0.5000 0.280 1.100 0.8333 0.720 0.895 0.8000 0.000 1.040 0.8571 0.710 1.078 0.5454 0.860 1.181 0.8000 0.610 1.171 0.8000 0.380 0.739 0.6000 0.100 1.102 0.8333 0.870 1.095 0.5833 0.900 1.081 0.7500 0.970 0.929 2.3333 0.090 1.040 0.5000 0.080 1.044 0.5000 0.720 1.037 0.8400 0.870 0.814 0.6176 0.550 1.101 0.6428 0.800 0.706 0.7727 0.920 0.936 1.3333 0.910 0.812 1.3571 1.000 1.040 0.6729 0.350 1.045 0.8154 0.240 1.034 0.8154 0.980 0.889 0.9659 1.000 1.029 0.9062 0.900 0.920 1.2727 0.950 1.078 0.5833 0.890 1.097 0.8750 0.620 0.938 0.7500 0.590 0.913 0.5833 0.670 0.905 0.5833 0.740 1.039 1.2857 0.560 0.750 0.8333 0.190 1.032 0.5334 0.730 0.835 0.8125 0.970 0.828 0.5454 0.720 1.101 0.7857 0.870 1.103 0.8571 0.780 0.907 0.6428 0.910 0.583 0.8000 0.800 1.085 0.5454 0.240 0.611 0.7727 0.860 0.747 0.5000 0.930 0.537 1.3571 0.890 1.091 0.5000 0.830 0.192 1.2938 0.720 1.038 0.7734 0.360 1.031 0.7500 0.260 0.932 0.7500 0.460 0.905 0.7500 0.940 1.182 0.8000 0.830 1.024 0.8000 0.720 0.861 1.3000 0.700 0.691 0.8000 0.420 0.957 0.8333 0.090 1.038 0.9167 0.990 1.038 0.8333 0.710 0.945 0.8571 0.310 0.819 0.8571 0.950 1.034 1.3077 0.290 1.043 0.7385 0.740 1.059 0.8400 0.750 0.895 1.3077 0.950 0.850 1.3571 0.710 0.779 2.3175 0.100 1.039 0.8125 0.910 0.994 0.7734 0.270 0.880 0.6000 0.590 0.786 0.8333 0.790 0.802 0.6250 0.630 1.037 0.8737 0.810 1.048 1.3684 0.540 0.889 0.8684 0.820 1.018 0.6000 0.460 1.022 0.8211 0.320 1.033 0.8400 0.550 1.047 0.6000 0.400 0.856 0.7500 0.920 0.622 0.7500 0.590 1.063 0.5454 0.760 0.716 1.3000 0.950 0.844 0.9167 0.840 0.805 0.8000 0.490 1.020 1.2727 1.000 0.935 0.8333 0.980 1.099 0.9405 0.280 1.101 0.6428 0.680 1.066 0.8571 0.930 0.679 0.8571 0.510 1.026 0.7500 0.690 1.037 0.8000 0.860 0.723 0.8000 0.220 1.064 0.6428 0.990 0.945 0.7727 0.840 0.805 0.6428 0.700 0.784 0.6428 0.980 0.283 1.3639 0.890 1.095 1.2727 0.580 0.879 0.6428 0.690 0.831 0.5454 0.900 0.818 0.5833 0.670 0.563 2.3000 0.920 1.078 0.7818 0.980 1.022 0.8000 0.170 1.102 0.5714 0.870 1.055 0.6428 0.660 1.040 0.5000 0.660 0.965 1.2857 0.630 0.888 0.5385 0.950 0.768 0.8077 0.720 1.182 0.8000 0.840 0.842 0.8000 0.830 0.685 0.8000 0.950 0.199 0.7500 0.750 1.047 0.6667 0.530 0.995 0.7857 0.870 0.931 0.7727 0.170 1.101 0.8333 0.330 0.878 1.3077 0.820 0.868 0.9210 0.890 0.499 1.3077 0.770 1.102 0.8154 0.860 0.760 1.2727 0.790 1.101 0.7818 0.930 0.744 0.8571 0.010 1.033 0.6235 0.340 0.955 0.7340 0.450 1.099 0.8333 0.660 1.178 0.6000 0.670 0.734 1.3000 0.510 1.086 0.8571 0.090 1.099 0.8571 0.530 0.592 2.3571 0.790 0.930 0.7727 0.760 0.841 0.8571 0.920 1.040 0.7734 0.490 0.729 0.7667
W 3 0 -0.21995 -0.96733 -0.85196 1.13542 -0.08302 0.95153 -0.06879 -0.22795 0.94180 0.06784 0.22562 -0.52213 -0.91015 -0.50245 -0.58151 -0.52708 -1.49597 0.98035
W 3 1 0.21995 0.96733 0.85196 -1.13542 0.08302 -0.95153 0.06879 0.22795 -0.94180 -0.06784 -0.22562 0.52213 0.91015 0.50245 0.58151 0.52708 1.49597 -0.98035
W 3 2 0.00000 0.00000 0.00000 0.00000 0.00000 0.00000 0.00000 0.00000 0.00000 0.00000 0.00000 0.00000 0.00000 0.00000 0.00000 0.00000 0.00000 0.00000
W 3 3 0.00000 0.00000 0.00000 0.00000 0.00000 0.00000 0.00000 0.00000 0.00000 0.00000 0.00000 0.00000 0.00000 0.00000 0.00000 0.00000 0.00000 0.00000
W 4 0 0.14359 1.66116 -4.80706 -2.33776 -2.16118 1.08744 -0.34518 -0.26745 0.00000 -0.55738 -0.09774 0.00000 0.34977 0.23546 0.53679 -0.66972 -0.05688 2.69871
W 4 1 0.00000 0.00000 0.00000 0.00000 0.00000 0.00000 0.00000 0.00000 0.00000 0.00000 0.00000 0.00000 0.00000 0.00000 0.00000 0.00000 0.00000 0.00000
W 4 2 1.84440 -2.66947 3.29005 2.24967 0.23451 0.26824 0.19764 -0.13117 0.00000 -0.28971 -0.65296 0.00000 0.10217 -0.44101 -0.08714 0.16449 -0.65794 -0.15807
W 4 3 -1.98799 1.00831 1.51701 0.08808 1.92667 -1.35568 0.14753 0.39862 0.00000 0.84709 0.75070 0.00000 -0.45195 0.20555 -0.44966 0.50524 0.71482 -2.54064
S 4 0 0.489 1.039 2.0000 0.688 0.639 1.0000 0.433 0.827 2.0000 0.309 0.551 0.1333 0.177 0.960 0.0800 0.182 0.859 0.5000 0.411 1.102 0.1333 0.408 0.352 2.0000 0.507 0.804 0.1667 0.516 0.827 0.0690 0.843 1.102 1.0000 0.323 0.933 0.5000 0.245 0.790 0.5000 0.249 0.941 0.4000 0.873 0.549 0.5000 0.466 0.654 0.5000 0.297 1.107 1.0000 0.633 0.287 0.5000 0.234 0.670 0.5000 0.240 0.869 0.0667 0.362 1.190 0.5000 0.297 0.653 0.2222 0.481 1.012 0.5067 0.463 1.016 0.5111 0.589 0.891 0.2222 0.497 0.743 0.1250 0.512 1.036 0.5000 0.514 0.713 0.0741 0.589 0.586 1.0000 0.431 1.093 0.1408 0.492 0.924 0.5000 0.004 0.813 0.1176 0.611 0.825 0.2000 0.448 1.189 0.5000 0.869 0.666 0.5000 0.922 1.095 0.5000 0.660 0.919 0.0247 0.223 0.701 0.1538 0.590 0.613 0.5000 0.125 1.099 0.0398 0.613 0.913 1.0000 0.347 0.731 0.1667 0.331 0.591 0.1250 0.253 0.600 0.2222 0.102 0.492 0.0741 0.817 0.985 0.5007 0.507 0.834 0.0952 0.406 0.756 0.0667 0.351 1.024 1.0000 0.772 0.765 1.0000 0.581 0.754 1.0000 0.575 0.592 0.0769 0.407 0.770 0.5000 0.222 0.733 1.0000 0.057 0.878 0.0588 0.381 0.579 0.1333 0.863 0.834 0.5000 0.443 1.096 0.5045 0.199 0.668 0.1111 0.624 0.492 1.0000 0.892 0.934 1.0000 0.472 0.863 0.1111 0.392 0.906 0.2222 0.352 0.867 0.0714 0.735 0.742 0.5000 0.338 0.793 0.0667 0.017 1.035 0.0625 0.840 0.557 0.5000 0.175 0.287 2.0000 0.799 0.631 1.0000 0.774 0.889 0.5000 0.233 0.723 0.0667 0.618 0.392 2.0000 0.355 0.969 0.5000 0.253 0.568 0.1667 0.223 0.943 0.0625 0.442 0.859 0.5000 0.204 1.088 0.5091 0.927 0.431 0.5000 0.259 1.028 0.0455 0.849 0.965 0.5033 0.959 0.859 1.0000 0.323 0.836 0.0571 0.174 1.097 0.0585 0.396 0.724 0.0476 0.297 0.922 0.1818 0.508 0.898 0.1408 0.738 0.781 0.5000 0.154 0.964 0.5000 0.603 0.764 1.0000 0.718 0.769 0.2222 0.525 0.851 0.5000 0.279 0.573 0.2000 0.510 0.990 0.5000 0.617 0.674 1.0000 0.368 0.978 1.0000 0.371 0.602 2.0000 0.760 0.813 0.5009 0.472 0.646 1.0000 0.496 1.008 2.0000 0.842 0.690 0.5000 0.625 0.586 2.0000 0.858 0.841 1.0000 0.767 1.020 1.0000 0.820 1.095 0.5111 0.517 0.795 2.0000 0.752 1.037 0.5000 0.656 0.717 0.5000 0.641 0.548 0.1000 0.767 0.360 0.5000 0.542 1.018 0.5000 0.313 0.659 0.1333 0.661 0.462 1.0000 0.548 0.821 1.0000 0.344 0.390 2.0000 0.402 1.013 0.0662 0.433 0.953 0.5000 0.492 0.915 0.5000 0.694 1.084 0.0500 0.202 0.406 0.1667 0.224 0.984 0.0625 0.841 1.190 0.5000 0.326 0.988 0.1000 0.715 0.818 0.5000 0.829 0.684 1.0000 0.662 1.081 1.0000 0.233 0.937 0.1538 0.392 1.102 0.5098 0.696 0.699 0.5000 0.336 0.947 0.5000 0.939 1.034 0.5000 0.444 0.996 0.0161 0.486 0.540 0.5000 0.801 1.173 0.5000 0.358 0.985 0.1000 0.793 0.720 2.0000 0.376 0.980 0.1111 0.805 0.805 0.5000 0.451 0.863 0.0417 0.273 0.836 0.1000 0.437 0.491 0.3333 0.512 0.812 0.5000 0.697 1.040 0.5000 0.399 1.016 1.0000 0.579 0.676 0.0513 0.240 1.026 1.0000 0.589 0.881 0.5000 0.035 0.714 0.0606 0.929 0.934 0.5000 0.807 0.668 0.5000 0.138 0.856 0.0526 0.905 0.786 0.5000 0.562 1.097 0.1333 0.323 0.951 0.5000 0.257 0.512 0.1111 0.602 1.070 0.5000 0.593 0.905 0.5000 0.750 0.935 0.2500 0.567 0.697 0.5000 0.690 0.511 0.2500 0.420 0.767 0.0800 0.853 0.947 1.0000 0.102 0.799 0.0769 0.283 0.657 0.2000 0.460 1.102 0.5000 0.743 1.112 0.5000 0.636 0.976 0.5000 0.235 0.960 0.0123 0.337 0.867 0.0667 0.237 0.445 2.0000 0.520 0.766 0.2000 0.099 0.562 0.1429 0.883 1.088 0.5067 0.326 0.744 0.0667 0.179 1.038 0.0400 0.699 0.861 0.5000 0.196 1.041 0.0467 0.259 0.825 0.0833 0.490 0.620 1.0000 0.318 1.049 0.0357 0.361 0.916 1.0000 0.356 1.034 0.5000 0.602 0.865 0.5000 0.851 0.699 1.0000 0.535 1.030 0.5055 0.558 0.810 0.1111 0.602 0.797 0.5000 0.806 0.727 0.5000 0.400 1.095 0.5067 0.215 0.788 0.2500 0.581 1.073 0.5000 0.273 1.040 0.5020 0.290 0.871 0.0690 0.583 0.644 0.5000 0.204 1.097 0.0312 0.271 0.871 0.0909 0.227 0.926 0.0738 0.604 0.636 0.1333 0.227 1.040 0.0417 0.536 0.870 0.5000 0.371 1.040 0.5000 0.162 1.066 0.0556 0.541 0.587 0.0769 0.396 0.918 0.5000 0.710 0.756 0.1000 0.277 0.930 1.0000 0.422 1.040 0.0179 0.553 1.181 0.5000 0.744 1.171 0.0250 0.514 0.650 1.0000 0.745 0.724 2.0000 0.932 1.095 0.5000 0.138 1.033 0.0310 0.295 1.092 0.0357 0.021 0.911 0.0588 0.868 0.749 1.0000 0.553 0.936 0.5000 0.367 0.829 0.1429 0.463 1.040 0.0524 0.196 0.954 0.5053 0.584 0.885 0.0317 0.804 0.846 0.0385 0.977 0.477 1.0000 0.569 1.101 0.1111 0.861 1.093 0.5033 0.829 0.636 0.1000 0.746 0.944 0.5000 0.191 0.685 0.4000 0.432 0.411 0.2000 0.752 0.411 0.2222 0.849 1.031 0.5048 0.802 0.876 0.5000 0.834 0.540 1.0000 0.414 0.922 0.5000 0.605 0.415 0.1667 0.059 1.187 0.1250 0.230 1.101 0.0243 0.275 0.842 0.1111 0.541 0.819 0.0667 0.695 0.669 0.5000 0.494 0.515 0.2500 0.345 1.093 0.5067 0.436 0.891 0.2000 0.698 0.589 0.1333 0.542 0.400 0.1053 0.782 0.943 1.0000 0.454 0.440 1.0000 0.219 0.574 0.2500 0.506 1.011 0.5029 0.843 0.667 0.5000 0.802 1.038 0.5000 0.231 0.835 0.0500 0.682 0.828 1.0000 0.231 1.092 0.0714 0.387 0.945 0.0690 0.618 0.926 0.0444 0.470 0.664 0.1667 0.812 0.417 0.5000 0.365 0.961 0.2222 0.848 0.755 0.5000 0.297 0.554 2.0000 0.259 0.970 0.5043 0.766 0.701 0.0556 0.893 1.189 0.5000 0.755 1.008 0.5000 0.752 0.846 0.5000 0.352 0.466 2.0000 0.347 0.957 0.5000 0.174 0.892 0.0769 0.297 0.656 0.2000 0.326 0.632 0.2000 0.732 0.518 1.0000 0.828 1.084 0.5098 0.928 0.951 0.5000 0.177 0.715 0.0556 0.358 0.755 0.1538 0.573 1.026 0.0171 0.228 0.880 0.1818 0.152 1.040 0.1250 0.735 0.863 0.0385 0.372 0.874 0.1143 0.122 0.562 0.2500 0.438 0.837 0.0571 0.669 0.450 0.1333 0.251 0.951 0.0769 0.624 0.222 2.0000 0.189 1.006 0.0322 0.597 0.845 0.5000 0.704 0.607 0.0833 0.118 1.014 0.1176 0.333 0.908 0.1538 0.818 0.704 0.0645 0.215 1.012 0.0667 0.302 0.511 0.1818 0.208 1.103 0.1408 0.491 0.933 0.5000 0.806 0.678 0.5000 0.957 0.995 1.0000 0.307 0.888 0.1250 0.136 0.671 0.1000 0.437 0.535 0.0909 0.410 1.080 0.5040 0.068 1.103 0.1000 0.542 0.867 0.5000 0.142 0.719 0.0667 0.800 0.758 0.5000 0.317 0.646 0.5000 0.363 1.037 0.0500 0.595 0.844 0.5000 0.955 1.095 2.0000 0.516 0.945 0.0833 0.502 1.030 1.0000 0.052 1.094 0.0690 0.824 0.738 1.0000 0.582 1.096 0.5000 0.487 0.855 0.1667 0.422 0.827 0.1667 0.617 0.540 1.0000 0.399 1.043 0.5070 0.275 1.181 0.5000 0.815 1.012 0.5000 0.503 1.068 0.1333 0.713 1.085 0.5049 0.850 0.945 0.5000 0.820 0.665 0.0333 0.377 0.401 2.0000 0.256 1.054 0.0625 0.443 0.926 0.0588 0.708 0.828 0.5000 0.882 1.099 0.5111 0.748 0.719 0.5000 0.347 0.982 0.5000 0.297 0.685 1.0000 0.351 1.072 0.1961 0.202 0.897 0.1111 0.943 0.772 1.0000 0.791 0.673 0.0800 0.121 0.863 0.2500 0.525 1.101 0.0833 0.441 0.935 0.0370 0.546 0.917 0.0741 0.482 0.578 0.1026 0.932 1.010 0.5000 0.198 0.697 0.1667 0.239 1.055 0.0417 0.545 0.667 0.1333 0.670 1.040 0.5000 0.219 0.868 0.1053 0.439 0.904 0.5000 0.560 0.676 0.5000 0.312 0.842 0.0455 0.422 0.565 0.1000 0.610 0.735 0.1667 0.323 1.185 1.0000 0.629 1.149 2.0000 0.936 0.807 1.0000 0.289 1.055 0.1538 0.771 0.923 0.5000 0.202 0.828 0.0800 0.152 1.037 0.1667 0.247 1.021 0.0952 0.755 0.865 0.0455 0.654 0.808 0.0433 0.017 1.098 0.0769 0.874 0.946 0.5000 0.217 0.679 0.1250 0.214 1.038 0.0333 0.168 0.703 0.0690 0.288 0.671 0.1250 0.578 0.287 0.2222 0.639 0.896 0.5000 0.077 0.818 0.0769 0.631 0.958 0.5000 0.174 0.790 0.0465 0.057 1.102 0.0585 0.751 0.928 0.5000 0.251 0.924 0.0667 0.435 1.101 0.5040 0.065 1.100 0.0813 0.832 1.015 0.0483 0.087 0.826 0.0870 0.172 0.566 0.1143 0.631 0.867 0.1667 0.258 0.368 0.2000 0.801 1.095 0.5000 0.407 0.821 0.2000 0.219 0.651 0.1111 0.548 0.943 0.5000 0.501 0.392 0.2000 0.359 1.169 0.0500 0.465 0.936 0.0625 0.424 0.734 0.0667 0.439 1.098 0.5000 0.409 0.958 0.5000 0.156 1.029 0.0909 0.366 0.496 0.1429 0.593 1.095 0.0667 0.354 0.998 0.0330 0.205 0.611 0.0588 0.114 0.687 0.5000
W 5 0 0.64704 -3.89286 -1.18068 2.39984 0.71515 0.84060 0.55342 -0.87370 7.37717 0.00271 0.61406 -6.16754 -0.04923 -0.29020 0.32821 -0.30340 -0.64062 -0.75242
W 5 1 -0.57784 4.58499 -4.12988 -1.07623 1.15109 0.21664 0.13530 -0.70417 -1.82184 0.62532 1.28406 1.88521 -0.24743 0.24646 0.33385 0.59782 -0.01118 0.21770
W 5 2 -0.05929 -0.70304 3.56516 0.58977 -1.98919 0.85160 0.02909 0.96669 -4.60308 -1.27107 -2.28443 3.55105 0.03626 -0.12988 -0.08041 -0.35501 -0.06776 1.37148
W 5 3 -0.00990 0.01092 1.74540 -1.91338 0.12295 -1.90885 -0.71781 0.61118 -0.95226 0.64304 0.38631 0.73127 0.26040 0.17362 -0.58165 0.06059 0.71956 -0.83676
S 5 0 0.744 0.798 0.8299 0.829 0.407 1.3333 0.465 0.988 0.5454 0.569 1.096 0.5000 0.615 0.478 1.1111 0.819 0.774 1.1333 0.446 0.804 0.5000 0.536 0.648 0.3334 0.397 0.669 0.5833 0.470 0.547 0.3334 0.929 0.817 1.3333 0.688 0.855 0.2106 0.552 1.086 1.2475 0.583 1.063 0.6666 0.711 0.775 0.7727 0.445 0.622 0.5000 0.445 0.622 0.3334 0.695 1.034 0.4444 0.509 1.032 0.7568 0.425 1.032 0.5562 0.427 0.583 0.2500 0.737 1.188 0.7727 0.707 0.885 0.6333 0.622 1.036 0.5588 0.689 0.713 0.2352 0.776 0.848 0.7727 0.797 0.532 0.7360 0.818 0.985 0.7127 0.442 0.878 0.4044 0.724 0.527 0.4920 0.950 0.724 0.8333 0.439 0.402 2.0660 0.609 0.992 0.8340 0.955 1.015 0.8333 0.967 0.518 0.6111 0.621 1.069 0.7749 0.245 0.520 0.2858 0.870 0.871 0.7727 0.759 0.576 0.6250 0.668 0.426 2.2727 0.527 0.918 0.0852 0.630 0.891 1.0476 0.657 0.693 1.0588 0.643 0.814 0.7727 0.736 0.685 0.7727 0.213 1.039 0.4580 0.351 0.890 0.2500 0.643 0.854 0.6666 0.812 0.681 0.7727 0.957 0.613 0.5435 0.848 0.712 0.8333 0.514 1.026 0.1454 0.376 1.026 0.0598 0.933 0.906 0.7727 0.601 1.025 0.6250 0.651 0.759 1.1667 0.880 1.190 0.7727 0.382 0.670 0.2424 0.362 0.630 0.2222 0.688 0.482 0.7279 0.396 0.469 0.2998 0.811 1.036 0.5333 0.657 0.755 1.1176 0.798 0.781 0.6667 0.273 0.286 2.1450 0.431 1.042 0.1500 0.933 0.936 0.7503 0.595 0.939 0.5833 0.922 0.898 0.6250 0.587 0.666 1.1429 0.886 0.919 0.7615 0.679 0.777 0.7619 0.672 0.785 0.7619 0.443 0.568 1.1250 0.908 0.916 0.7619 0.861 0.738 0.7619 0.662 0.985 0.6667 0.922 1.104 0.7622 0.855 0.906 0.7727 0.782 1.173 0.8000 0.805 0.926 0.7727 0.717 1.025 0.8022 0.217 0.767 0.2000 0.904 0.895 0.7727 0.855 1.176 0.8000 0.855 1.176 0.8214 0.760 1.028 0.7664 0.350 1.102 0.2816 0.866 1.030 0.7727 0.282 0.710 2.1026 0.709 0.799 0.7619 0.768 0.692 0.8333 0.888 0.995 0.8000 0.383 0.778 0.5238 0.949 0.680 0.7619 0.975 0.842 0.7619 0.846 0.738 0.7727 0.492 0.269 2.0652 0.431 0.960 0.5454 0.816 0.878 0.7727 0.771 0.730 0.7727 0.576 1.071 0.7652 0.563 0.893 1.2609 0.486 0.749 0.5238 0.804 1.040 0.7734 0.545 1.047 0.5454 0.965 0.852 0.7727 0.455 1.029 0.7749 0.510 0.975 0.5454 0.928 0.764 0.7632 0.702 0.871 0.7619 0.652 0.811 0.8000 0.928 0.960 0.7727 0.778 0.723 0.6666 0.846 0.800 0.7727 0.814 0.709 0.7614 0.745 1.020 0.5454 0.878 0.848 0.8333 0.638 0.920 0.5454 0.865 0.938 0.8000 0.887 1.095 0.7500 0.595 0.926 0.7727 0.951 0.826 0.7619 0.873 1.102 0.7757 0.721 0.735 0.7619 0.532 0.411 0.6666 0.518 0.928 0.1952 0.774 0.620 1.0833 0.553 0.896 0.4210 0.815 0.857 0.7174 0.881 1.029 0.7500 0.498 0.887 0.5454 0.574 0.912 0.2052 0.481 0.653 0.7105 0.877 0.653 1.0870 0.491 1.065 0.1666 0.338 1.065 0.2106 0.738 0.666 0.2000 0.891 0.598 0.8333 0.493 0.625 0.7727 0.958 0.783 0.7727 0.642 0.553 0.5454 0.730 1.102 0.5454 0.920 1.085 0.7754 0.892 1.085 0.7733 0.743 1.101 0.7083 0.836 0.936 0.7727 0.237 0.684 0.2352 0.772 0.735 1.2727 0.668 1.005 0.7727 0.852 0.408 0.7727 0.948 1.040 0.7736 0.947 0.972 0.7500 0.947 0.972 0.7279 0.797 0.715 0.5454 0.877 0.806 0.7727 0.728 0.733 0.5454 0.864 0.766 0.6053 0.643 0.725 0.5238 0.805 0.781 0.5454 0.488 0.745 0.5454 0.490 1.020 0.5600 0.892 0.853 0.7619 0.876 1.101 0.7727 0.865 0.932 0.7727 0.436 1.094 0.2106 0.460 0.953 0.2500 0.378 0.953 0.1428 0.983 0.640 0.7727 0.730 0.840 0.7727 0.722 0.547 0.7727 0.719 0.333 0.7727 0.520 1.102 0.5454 0.827 0.433 0.7727 0.504 0.743 0.5667 0.803 0.872 0.7619 0.651 0.764 1.2727 0.736 0.722 0.7727 0.482 1.102 0.5454 0.764 0.780 0.7727 0.661 0.848 1.2727 0.827 0.953 0.5454 0.749 0.757 0.5454 0.793 0.755 0.7727 0.908 0.453 2.2724 0.692 1.040 0.7870 0.848 1.008 0.7751 0.633 0.824 0.7727 0.725 0.866 0.7727 0.529 1.021 0.5454 0.765 1.057 0.7757 0.715 0.481 0.7727 0.911 1.110 1.2727 0.687 0.924 0.7727 0.258 0.869 0.1818 0.221 0.869 0.1334 0.912 0.831 0.7619 0.706 0.926 0.5500 0.768 0.926 0.2154 0.863 0.813 0.7727 0.927 1.065 0.7705 0.927 1.065 0.8000 0.733 0.917 0.7727 0.778 0.917 0.6666 0.671 0.850 0.7727 0.268 0.406 1.1154 0.817 0.784 0.7727
W 6 0 1.02920 -0.65635 -1.44295 -0.26418 0.10221 0.73699 -0.18135 -0.45270 1.15420 0.57408 0.43882 -0.25690 -0.36896 0.03885 -0.28261 -0.07814 -0.41056 -0.25985
W 6 1 -1.02920 0.65635 1.44295 0.26418 -0.10221 -0.73699 0.18135 0.45270 -1.15420 -0.57408 -0.43882 0.25690 0.36896 -0.03885 0.28261 0.07814 0.41056 0.25985
W 6 2 0.00000 0.00000 0.00000 0.00000 0.00000 0.00000 0.00000 0.00000 0.00000 0.00000 0.00000 0.00000 0.00000 0.00000 0.00000 0.00000 0.00000 0.00000
W 6 3 0.00000 0.00000 0.00000 0.00000 0.00000 0.00000 0.00000 0.00000 0.00000 0.00000 0.00000 0.00000 0.00000 0.00000 0.00000 0.00000 0.00000 0.00000
P Zylo 0.0602
W 0 0 4.49283 4.33683 -10.16907 -3.65576 0.42264 0.30067 -1.22004 -2.46540 -4.23462 0.00000 -0.91268 -5.45746 -0.82551 -0.80675 0.13073 -2.43799 1.71485 7.02006
W 0 1 -5.81624 -0.71602 2.81679 1.59558 -1.82595 1.22435 5.70215 10.62117 -3.32112 0.00000 -1.71295 -1.20361 -2.74094 -0.59531 -3.34646 -1.24350 -3.69383 4.54517
W 0 2 -0.70890 -1.37429 3.03962 -2.51109 -0.51075 -0.65471 -1.71379 -3.39623 5.57980 0.00000 1.07664 4.50168 2.09935 0.69363 1.49807 2.01942 0.76956 6.75493
W 0 3 2.03231 -2.24651 4.31266 4.57128 1.91406 -0.87031 -2.76832 -4.75954 1.97594 0.00000 1.54899 2.15939 1.46710 0.70844 1.71765 1.66207 1.20942 -18.32016
S 0 0 0.620 1.040 0.8334 0.860 0.859 0.8334 0.810 0.710 0.8334 0.390 0.597 1.0000 0.720 0.360 1.0000 0.630 0.884 0.7143 0.980 1.037 0.8334 0.770 0.815 1.0000 0.710 1.190 1.0000 0.300 1.045 0.8334 0.280 0.915 0.6250 0.720 0.705 1.0000 0.940 0.571 1.0000 0.840 0.868 0.8334 0.390 0.865 0.7143 0.940 0.660 0.8334 0.490 0.420 1.0000 0.720 1.092 1.0000 0.390 0.780 1.0000 0.430 0.652 1.0000 0.780 0.037 1.0000 0.730 0.954 1.0000 0.690 0.676 1.0000 0.630 1.033 1.0000 0.560 0.878 1.0000 0.450 0.721 1.0000 0.620 0.485 1.0000 0.120 0.784 1.0000 0.560 1.097 1.0000 0.830 0.769 0.8334 0.970 1.104 1.0000 0.750 0.938 1.0000 0.570 0.624 1.0000 0.750 1.188 1.0000 0.550 1.029 1.0000 0.690 0.733 1.0000 0.660 0.586 1.0000 0.600 1.190 1.0000 0.540 0.888 1.0000 0.670 0.871 1.0000 0.280 0.565 1.0000 0.640 1.105 1.0000 0.860 0.958 1.0000 0.690 0.474 1.0000 0.630 0.421 1.0000 0.800 0.935 1.0000 0.960 0.786 1.0000 0.360 1.097 1.0000 0.450 0.914 1.0000 0.980 0.617 1.0000 0.960 0.834 0.8334 0.690 0.908 0.8334 0.850 0.581 1.0000 0.690 1.190 1.0000 0.460 1.037 1.0000 0.810 0.885 1.0000 0.550 0.721 1.0000 0.620 0.586 1.0000 0.560 0.940 1.0000 0.850 0.610 1.0000 0.890 0.531 1.0000 0.750 0.619 1.0000 0.440 1.040 0.8334 0.810 1.063 1.0000 0.560 0.718 1.0000 0.810 0.446 1.0000 0.760 1.097 1.0000 0.480 0.800 1.0000 0.510 0.563 1.0000 0.570 1.040 0.7143 0.140 0.836 1.0000 0.070 0.751 1.0000 0.120 1.040 0.7143 0.000 0.852 1.0000 0.650 0.705 1.0000 0.220 0.474 1.0000 0.560 0.909 0.7143 0.940 0.763 0.8334 0.170 0.581 1.0000 0.790 1.076 1.0000 0.900 0.591 1.0000 0.210 0.950 1.0000 0.970 0.865 1.0000 0.890 0.662 1.0000 0.970 0.856 0.9804 0.490 1.099 1.0000 0.770 0.888 1.0000 0.750 0.565 0.8334 0.930 0.187 1.0000 0.670 1.190 1.0000 0.550 1.015 1.0000 0.590 0.635 1.0000 0.850 0.390 1.0000 0.720 0.847 1.0000 0.690 0.874 1.0000 0.560 0.861 1.0000 0.480 0.830 1.0000 0.850 0.722 1.0000 0.280 0.731 1.0000 0.630 0.826 1.0000 0.710 0.600 1.0000 0.800 1.040 0.8334 0.220 0.831 1.0000 0.910 0.582 1.0000 0.110 0.351 1.0000 0.790 1.031 1.0000 0.600 0.695 1.0000 0.570 1.099 1.0000 0.170 1.026 0.8334 0.170 1.103 1.0000 0.280 0.956 1.0000 0.950 0.741 1.0000 0.550 0.683 1.0000 0.570 0.714 1.0000 0.720 0.215 1.0000 0.560 0.838 1.0000 0.810 0.523 1.0000 0.760 1.099 1.0000 0.490 0.802 1.0000 0.050 0.641 1.0000 0.460 0.352 1.0000 0.190 0.776 1.0000 0.970 0.943 1.0000 0.630 1.037 0.8334 0.830 0.930 1.0000 0.710 1.017 1.0000 0.890 1.102 1.0000 0.680 0.932 1.0000 0.190 0.715 1.0000 0.720 0.578 1.0000 0.770 0.897 0.7143 0.790 0.762 0.8334 0.990 0.997 1.0000 0.510 0.701 1.0000 0.690 0.454 1.0000 0.860 1.015 0.8334 0.870 0.698 0.8334 0.120 0.859 0.7143 0.970 0.865 1.0000 0.860 0.689 1.0000 0.830 0.579 1.0000 0.740 1.101 1.0000 0.630 0.942 1.0000 0.340 0.699 1.0000 0.830 0.344 1.0000 0.920 1.031 0.7143 0.990 0.657 0.6250 0.430 0.154 1.0000 0.050 1.190 1.0000 0.970 1.014 1.0000 0.560 0.721 1.0000 0.390 1.101 1.0000 0.340 0.650 1.0000 0.720 0.985 0.8334 0.900 0.791 0.7143 0.430 0.928 1.0000 0.420 0.504 1.0000 0.950 0.922 1.0000 0.720 0.774 1.0000 0.640 1.069 1.0000 0.720 0.915 1.0000 0.770 0.615 1.0000 0.860 0.867 0.8334 0.860 1.035 0.8334 0.570 0.537 1.0000 0.770 0.786 0.8334 0.530 0.535 1.0000 0.380 0.888 0.8334 0.710 0.638 0.8334 0.920 0.607 0.8334 0.970 0.995 1.0000 0.670 0.817 1.0000 0.950 0.935 0.8334 0.770 0.675 0.8334 0.650 0.697 1.0000 0.700 0.560 1.0000 0.630 0.777 1.0000 0.490 0.955 1.0000 0.660 0.781 1.0000 0.460 0.584 1.0000 0.900 1.038 1.0000 0.890 0.862 1.0000 0.930 0.740 1.0000 0.740 0.573 1.0000 0.860 0.272 1.0000 0.000 1.176 1.0000 1.000 0.863 1.0000 0.210 0.687 1.0000 0.920 1.025 0.8334 0.800 1.035 0.8334 0.680 1.099 1.0000 0.140 0.558 1.0000 0.670 0.964 1.0000 0.970 0.836 1.0000 0.790 0.483 1.0000 0.670 0.875 0.7143 0.710 0.646 0.8334 0.120 0.547 1.0000 0.930 0.909 1.0000 0.670 1.026 0.8334 0.620 1.096 1.0000 0.210 0.826 1.0000 0.940 1.092 1.0000 0.830 0.770 1.0000 0.750 0.931 1.0000 0.990 0.406 1.0000 0.690 0.479 1.0000 0.920 1.038 0.8334 0.760 0.638 1.0000 0.950 0.507 1.0000 0.570 1.086 1.0000 0.630 0.931 1.0000 0.920 0.676 1.0000 0.690 1.038 0.8334 0.610 0.857 1.0000 0.440 0.620 1.0000 0.610 1.180 1.0000 0.480 0.857 1.0000 0.760 0.989 0.8334 0.950 0.829 0.8334 0.560 0.876 1.0000 0.320 0.732 1.0000 0.740 0.574 1.0000 0.990 0.900 0.8334 0.840 0.866 1.0000 0.820 0.744 1.0000 0.820 1.087 1.0000 0.920 0.909 1.0000 0.340 0.755 1.0000 0.610 0.631 1.0000 0.570 1.048 1.0000 0.770 0.871 1.0000 0.630 0.992 0.8334 0.900 0.740 1.0000 0.770 1.051 0.7143 0.680 0.625 1.0000 0.630 0.256 1.0000 0.600 1.090 1.0000 0.640 0.825 0.8334 0.570 0.264 1.0000 0.570 0.945 1.0000 0.610 0.766 1.0000 0.590 1.039 1.0000 0.790 0.878 1.0000 0.830 0.366 1.0000 0.780 0.641 1.0000 0.990 0.941 1.0000 0.300 1.039 0.8334 0.810 0.902 0.8334 0.830 0.768 1.0000 0.320 0.627 1.0000 0.540 0.509 1.0000 0.280 0.934 1.0000 0.550 0.711 1.0000 0.830 0.510 1.0000 0.760 1.086 1.0000 0.820 0.830 0.8334 0.470 0.246 1.0000 0.450 0.958 1.0000 0.460 0.600 1.0000 0.830 0.215 1.0000 0.670 1.031 0.8334 0.560 0.615 0.7143 0.490 1.031 0.8334 0.660 0.935 0.7143 0.650 0.601 1.0000 0.840 0.885 0.7143 0.760 0.527 0.8334 0.760 0.881 0.7143 0.860 0.642 0.7143 0.890 0.952 1.0000 0.820 0.578 1.0000 0.530 0.206 1.0000 0.820 0.921 0.8334 0.300 0.764 0.8334 0.140 0.536 1.0000 0.900 0.867 1.0000 0.490 0.503 1.0000 0.660 1.088 1.0000 1.000 0.764 1.0000 0.540 0.550 1.0000 0.840 0.875 0.7143 0.740 1.101 0.8334 0.240 0.935 0.8334 0.570 0.807 1.0000 0.720 0.568 1.0000 0.650 0.546 1.0000 0.950 0.953 1.0000 0.670 0.847 1.0000 0.770 0.614 1.0000 0.450 0.534 1.0000 0.960 1.034 0.8334 0.970 0.584 0.8334 0.890 0.970 0.8334 0.790 0.663 0.7143 0.900 1.185 1.0000 0.470 1.031 1.0000 0.700 0.886 1.0000 0.580 0.705 1.0000 0.930 0.529 1.0000 0.870 0.875 1.0000 0.490 0.719 1.0000 0.590 1.035 0.8334 0.240 1.101 1.0000 0.450 0.777 1.0000 0.420 0.412 1.0000 0.920 1.040 0.8334 0.220 0.838 0.7143 0.880 1.062 0.8334 0.860 1.048 0.7143 0.900 0.765 0.8334 0.710 0.602 1.0000 0.810 0.544 1.0000 0.760 0.873 0.7143 0.910 0.769 0.8334 0.960 0.595 0.8334 0.970 0.951 1.0000 0.680 0.773 1.0000 0.640 0.850 1.0000 0.870 0.589 1.0000 0.450 0.693 1.0000 0.490 0.881 0.7143 0.800 0.600 1.0000 0.560 0.948 1.0000 0.720 0.825 1.0000 0.740 1.058 0.8334 0.960 0.780 0.8334 0.830 0.651 0.8334 0.730 1.171 1.0000 0.690 0.993 1.0000 0.650 0.679 1.0000 0.320 0.461 1.0000 0.970 0.813 0.7143 0.620 0.693 0.7143 0.280 1.070 1.0000 0.670 0.503 1.0000 0.850 1.034 1.0000 0.840 0.834 1.0000 0.190 1.190 1.0000 0.560 1.035 1.0000 0.920 0.886 1.0000 0.820 1.102 0.8334 0.420 0.805 1.0000 0.700 0.835 1.0000 0.340 0.890 1.0000 0.210 0.751 1.0000 0.360 0.581 1.0000 0.190 1.189 1.0000 0.560 1.190 1.0000 0.590 1.039 1.0000 0.330 0.864 1.0000 0.950 0.583 1.0000 0.490 0.215 1.0000 0.740 0.875 0.8334 0.840 0.730 0.7143 0.300 0.369 1.0000 0.660 1.101 1.0000 0.770 0.939 0.8334 0.390 0.906 0.8334 0.600 0.540 1.0000 0.890 0.804 0.6250 0.900 1.032 0.7143 0.720 0.876 0.7143 0.170 0.658 1.0000 0.280 1.095 1.0000 0.050 0.596 1.0000 0.750 0.930 0.7143 0.810 0.639 0.8334 0.620 1.050 0.8334 0.820 0.715 0.8334 0.960 1.101 1.0000 0.530 0.964 1.0000 0.480 0.721 1.0000 0.650 0.630 1.0000 0.700 0.546 1.0000 0.280 0.953 1.0000 0.070 0.863 1.0000 0.810 0.696 1.0000 0.830 1.110 1.0000 0.110 0.803 1.0000 0.480 1.102 1.0000 0.750 0.999 1.0000 0.990 0.726 1.0000 0.170 1.102 1.0000 0.670 0.948 1.0000 0.470 0.607 1.0000 0.450 0.506 1.0000 0.450 1.104 0.8334 0.520 0.958 1.0000 0.220 0.525 1.0000 0.650 0.948 1.0000 0.630 0.939 1.0000 0.170 0.648 1.0000 0.830 1.101 1.0000 0.840 1.099 1.0000 0.560 0.983 1.0000 0.750 1.045 0.6250 0.700 0.715 0.8334 0.770 0.605 1.0000 0.700 0.611 0.7143
W 1 0 1.73928 -0.10114 -1.98199 0.80193 -0.29435 -0.61994 0.00000 1.73928 0.00000 0.00000 1.73928 0.00000 -3.15170 -2.57870 -0.79249 -3.28706 -0.10503 1.35871
W 1 1 0.00000 0.00000 0.00000 0.00000 0.00000 0.00000 0.00000 0.00000 0.00000 0.00000 0.00000 0.00000 0.00000 0.00000 0.00000 0.00000 0.00000 0.00000
W 1 2 -0.83198 -0.35194 0.71975 2.82790 1.07350 -0.34651 0.00000 -0.83198 0.00000 0.00000 -0.83198 0.00000 0.77890 1.70707 -0.07100 1.37066 0.26390 -0.21567
W 1 3 -0.90730 0.45309 1.26224 -3.62983 -0.77915 0.96645 0.00000 -0.90730 0.00000 0.00000 -0.90730 0.00000 2.37279 0.87163 0.86349 1.91641 -0.15887 -1.14304
S 1 0 0.900 0.745 1.0714 0.660 0.898 1.0714 0.980 0.733 1.0714 0.830 0.552 1.1667 1.000 0.936 1.3000 0.920 0.950 1.3000 0.990 0.759 1.3000 0.600 1.095 1.2800 0.950 0.789 1.3000 0.690 1.190 1.5000 0.980 0.937 1.1667 0.990 0.727 1.0714 0.780 0.953 1.5000 0.440 0.703 1.5000 0.940 1.106 1.5000 0.960 0.957 1.5000 0.870 0.996 1.5000 0.910 0.940 1.1667 0.980 0.708 1.5000 0.690 0.817 1.3000 0.950 0.580 1.1667 0.810 0.453 1.2175 0.690 1.031 1.5000 0.750 0.799 1.5000 0.950 0.675 1.5000 0.900 0.390 1.5000 0.960 0.893 1.3000 0.870 0.652 1.5000 0.800 1.104 1.2800 0.870 0.569 1.1667 0.950 1.039 1.1667 0.690 1.188 1.5000 0.970 0.934 1.0714 0.950 0.576 1.5000 0.950 0.690 1.3000 0.890 0.960 1.1667 0.690 1.002 1.5000 0.690 0.690 1.5000 0.920 0.685 1.5000 0.950 0.494 1.5000 0.930 1.092 1.1667 0.360 1.030 1.0000 0.980 0.534 1.3000 0.930 0.457 1.3000 0.930 0.378 1.3000 0.920 0.666 1.3000 0.530 0.718 1.5000 0.970 0.731 1.5000 0.360 0.685 1.5000 0.530 0.563 1.1667 0.360 0.753 1.3000 0.900 1.004 1.5000 0.890 1.003 1.5000 0.720 0.995 1.5000 0.920 0.702 1.5000 0.530 1.054 1.2800 0.870 0.885 1.5000 0.950 0.734 1.5000 0.440 0.700 1.5000 0.780 0.581 1.5000 0.530 1.028 1.5000 0.970 1.022 1.5000 0.960 1.029 1.5000 0.750 0.885 1.5000 0.960 0.723 1.0714 0.900 0.661 1.0714 0.910 0.332 1.1667 1.000 0.642 1.3000 0.890 0.963 1.0000 0.900 0.823 1.0714 0.990 1.034 1.0571 0.440 0.699 1.0714 1.000 1.098 1.2800 0.990 0.742 1.5000 0.890 0.642 1.5000 0.860 0.658 1.5000 0.480 0.574 1.5000 0.810 1.101 1.2800 0.970 0.785 1.3000 0.480 0.555 1.5000 0.830 0.793 1.1667 0.660 0.881 1.1667
W 2 0 2.20863 1.03228 -4.16787 3.40266 0.07709 0.74447 0.72989 0.19952 4.25708 -0.22847 0.00978 -3.13127 -3.25510 -1.90033 -1.44113 -3.84003 -0.45516 -0.45231
W 2 1 4.68027 0.56655 -1.16303 0.91438 -0.91301 -0.76523 0.05285 0.26984 -2.57202 0.19094 -0.01918 2.12771 -1.98115 -0.44960 -0.81464 -1.54452 0.15122 0.66651
W 2 2 -5.14863 -1.13028 3.37328 0.04648 -0.58970 0.08086 -0.14513 -0.24338 -1.19146 -0.34770 -0.25331 0.23972 2.84595 1.35947 1.43196 2.91534 0.27509 1.50434
W 2 3 -1.74027 -0.46855 1.95762 -4.36352 1.42562 -0.06010 -0.63761 -0.22599 -0.49359 0.38523 0.26271 0.76384 2.39030 0.99045 0.82381 2.46922 0.02885 -1.71854
S 2 0 0.950 0.722 1.0000 1.000 0.877 1.0000 0.950 1.100 1.0000 0.950 0.784 1.0000 0.990 1.101 1.0000 0.950 0.563 1.0000 0.980 0.721 1.0000 0.980 0.853 1.0000 0.950 0.780 1.0000 0.950 0.808 1.0000 0.920 0.791 1.0000 0.980 1.040 1.0000 0.990 0.867 1.0000 0.980 1.102 1.0000 0.990 1.035 1.0000 0.950 1.046 1.0000 0.970 1.014 1.0000 0.950 1.099 1.0000 0.980 1.026 1.0000 1.000 0.890 1.0000 0.950 0.922 1.0000 1.000 1.029 1.0000 0.990 0.833 1.0000 1.000 1.034 1.0000 0.970 1.036 1.0000 0.980 0.855 1.0000 0.970 0.995 1.0000 0.950 0.935 1.0000 0.970 0.688 1.0000 0.950 1.084 1.0000 0.950 0.648 1.0000 0.960 1.040 1.0000 0.980 0.876 1.0000 0.950 1.035 1.0000 0.970 1.010 1.0000 0.950 1.097 1.0000 0.990 0.406 1.0000 0.950 0.711 1.0000 0.980 1.075 1.0000 0.990 0.848 1.0000 0.990 0.744 1.0000 0.950 0.319 1.0000 0.990 0.890 1.0000 0.970 0.927 1.0000 0.990 0.675 1.0000 0.980 0.959 1.0000 1.000 0.624 1.0000 0.990 0.604 1.0000 0.970 1.009 1.0000 0.990 1.053 1.0000 0.950 0.852 1.0000 0.950 0.905 1.0000 0.950 0.885 1.0000 1.000 0.856 1.0000 0.950 1.040 1.0000 0.950 0.900 1.0000 0.980 1.188 1.0000 0.950 0.945 1.0000 0.990 0.730 1.0000 0.990 0.933 1.0000 0.950 0.837 1.0000 0.920 0.850 1.0000 0.950 0.578 1.0000 1.000 1.099 1.0000 0.920 0.912 1.0000 0.980 0.734 1.0000
W 3 0 0.05047 -0.11079 -1.18456 2.69488 0.30080 0.62517 -0.06718 -0.59733 -0.05611 -0.73509 -0.16569 0.01229 -0.63071 -0.91029 -0.29385 -1.90640 -0.27540 1.61034
W 3 1 -0.05047 0.11079 1.18456 -2.69488 -0.30080 -0.62517 0.06718 0.59733 0.05611 0.73509 0.16569 -0.01229 0.63071 0.91029 0.29385 1.90640 0.27540 -1.61034
W 3 2 0.00000 0.00000 0.00000 0.00000 0.00000 0.00000 0.00000 0.00000 0.00000 0.00000 0.00000 0.00000 0.00000 0.00000 0.00000 0.00000 0.00000 0.00000
W 3 3 0.00000 0.00000 0.00000 0.00000 0.00000 0.00000 0.00000 0.00000 0.00000 0.00000 0.00000 0.00000 0.00000 0.00000 0.00000 0.00000 0.00000 0.00000
W 4 0 8.83420 -4.90979 -15.16697 3.03498 -6.42125 7.69751 0.06159 0.43539 0.00000 -0.05088 -0.81618 0.00000 -0.21111 -0.65164 -0.50502 -0.64279 0.47197 1.82124
W 4 1 0.00000 0.00000 0.00000 0.00000 0.00000 0.00000 0.00000 0.00000 0.00000 0.00000 0.00000 0.00000 0.00000 0.00000 0.00000 0.00000 0.00000 0.00000
W 4 2 -3.14819 2.26199 6.57996 -0.66739 3.54673 -3.27662 -0.18197 0.34615 0.00000 -0.90494 -1.31226 0.00000 0.61648 0.44942 -0.03922 -0.22932 0.24860 0.08435
W 4 3 -5.68601 2.64781 8.58701 -2.36759 2.87452 -4.42089 0.12038 -0.78154 0.00000 0.95582 2.12843 0.00000 -0.40537 0.20222 0.54424 0.87211 -0.72057 -1.90559
S 4 0 0.818 0.830 0.6000 0.636 0.875 0.6000 0.904 0.815 1.0000 0.802 0.692 0.6000 0.785 0.353 0.6000 0.583 0.557 0.6000 0.879 1.036 0.5974 0.870 0.881 0.6000 0.744 0.651 0.6000 0.710 0.651 0.6000 0.754 0.715 0.6000 0.951 0.839 1.0000 0.996 1.040 1.0000 0.790 0.644 0.6000 0.719 1.087 0.6000 0.769 1.098 0.6000 0.683 1.177 0.6000 0.729 1.028 0.6000 0.845 0.869 0.6000 0.800 0.885 0.6000 0.731 0.877 0.6000 0.618 0.931 0.6000 0.637 0.553 0.6000 0.765 0.426 0.6000 0.603 0.769 0.6000 0.682 1.104 0.6000 0.722 0.945 0.6000 0.707 0.611 0.6000 0.609 0.520 0.6000 0.840 0.947 0.6000 0.614 0.921 0.6000 0.828 0.806 0.5990 0.852 0.780 0.6000 0.768 0.615 0.6000 0.872 0.767 1.0000 0.757 1.034 0.6000 0.910 0.806 1.0000 0.798 0.841 0.6000 0.584 0.440 0.5998 0.784 1.188 0.6000 0.846 1.033 0.6000 0.699 1.020 0.6000 0.701 0.880 0.6000 0.948 0.521 1.0000 0.777 0.774 0.6000 0.987 1.099 1.0000 0.746 1.029 0.6000 0.789 0.600 0.6000 0.568 0.563 0.6000 0.912 1.099 1.0000 0.718 1.032 0.6000 0.836 1.048 0.6000 0.832 0.518 0.6000 0.557 1.035 0.6000 0.665 0.902 0.6000 0.950 0.727 1.0000 0.721 0.562 0.6000 0.860 1.098 0.6000 0.958 0.943 1.0000 0.808 0.927 0.6000 0.672 0.927 0.5990 0.734 0.591 0.6000 0.625 0.561 0.5993 0.698 0.703 0.6000 0.636 0.703 0.5995 0.822 1.190 0.6000 0.638 1.190 0.6000 0.651 1.190 0.5938 0.889 1.106 1.0000 0.770 0.865 0.6000 0.682 0.672 0.6000 0.939 0.686 1.0000 0.815 0.882 0.6000 0.704 0.621 0.6000 0.630 0.817 0.5997 0.823 0.565 0.6000 0.612 0.857 0.6000 0.590 0.623 0.6000 0.692 0.594 0.5998 0.849 0.783 0.6000 0.935 0.902 1.0000 0.667 0.583 0.6000 0.726 0.644 0.6000 0.819 0.582 0.6000 0.584 1.096 0.6000 0.759 0.944 0.5979 0.669 0.893 0.6000 0.892 0.860 1.0000 0.757 1.092 0.6000 0.552 0.922 0.6000 0.616 0.391 0.6000 0.826 0.906 0.6000 0.900 0.920 1.0000 0.579 0.612 0.6000 0.658 1.032 0.6000 0.657 1.022 0.6000 0.852 0.775 0.6000 0.644 0.730 0.6000 0.710 0.287 0.6000 0.877 0.997 0.6000 0.628 0.522 0.6000 0.971 0.610 1.0000 0.718 1.188 0.5994 0.658 0.872 0.6000 0.580 1.101 0.6000 0.584 0.945 0.6000 0.947 0.676 1.0000 0.662 1.006 0.6000 0.953 1.031 1.0000 0.983 0.935 1.0000 0.864 0.531 0.6000 0.711 1.185 0.6000 0.762 0.848 0.5994 0.637 0.740 0.6000 0.586 0.515 0.6000 0.917 0.723 1.0000 0.634 0.847 0.6000 0.735 1.069 0.5983 0.637 0.858 0.6000 0.715 0.871 0.5993 0.634 0.756 0.6000 0.656 0.770 0.6000 0.904 0.415 1.0000 0.897 0.436 1.0000 0.691 0.855 0.6000 0.614 0.814 0.6000 0.642 0.685 0.6000 0.643 0.681 0.6000 0.858 0.688 0.6000 0.770 0.280 0.6000 0.858 0.560 0.6000 0.861 1.084 0.5984 0.823 0.786 0.6000 0.915 1.102 0.5979 0.670 0.964 0.6000 0.723 0.781 0.6000 0.708 0.712 0.6000 0.748 0.885 0.6000 0.668 0.729 0.6000 0.636 0.906 0.6000 0.830 1.190 0.6000 0.732 0.861 0.6000 0.806 0.667 0.6000 0.818 0.735 0.6000 0.869 1.092 0.5952 0.876 0.926 0.6000 0.777 0.881 0.6000 0.920 0.881 1.0000 0.702 0.483 0.5994 0.841 0.458 0.6000 0.871 1.032 0.6000 0.910 0.875 1.0000 0.722 0.877 0.6000 0.819 0.646 0.6000 0.780 0.546 0.6000 0.785 1.096 0.6000 0.899 0.965 1.0000 0.576 0.952 0.6000 0.947 0.807 1.0000 0.671 1.101 0.5944 0.632 1.091 0.6000 0.902 0.792 0.6000 0.578 0.336 0.6000 0.622 0.652 0.6000 0.807 1.075 0.6000 0.758 1.075 0.5995 0.598 0.834 0.6000 0.826 0.480 0.6000 0.654 1.009 0.6000 0.797 0.831 0.6000 0.703 1.040 0.5960 0.587 1.047 0.6000 0.702 0.989 0.5974 0.841 0.829 0.6000 0.756 0.882 0.6000 0.802 0.878 0.6000 0.660 0.864 0.6000 0.962 0.744 1.0000 0.598 0.744 0.6000 0.667 1.088 0.6000 0.588 0.906 0.6000 0.780 0.909 0.6000 0.848 0.786 0.6000 0.834 0.734 0.6000 0.689 0.734 0.5997 0.831 0.587 0.6000 0.645 0.884 0.6000 0.842 0.738 0.6000 0.623 0.711 0.6000 0.977 0.711 1.0000 0.831 0.843 0.6000 0.789 0.843 0.5987 0.850 1.040 0.6000 0.817 1.044 0.6000 0.722 0.872 0.6000 0.585 0.612 0.6000 0.799 0.627 0.6000 0.667 0.445 0.6000 0.772 0.724 0.6000 0.652 0.861 0.6000 0.744 0.846 0.6000 0.573 0.711 0.6000 0.938 1.035 1.0000 0.932 1.033 0.6000 0.645 0.876 0.6000 0.844 0.873 0.5979 0.863 0.913 0.6000 0.810 0.790 0.5966 0.634 0.786 0.6000 0.767 0.594 0.6000 0.673 0.733 0.6000 0.637 0.930 0.6000 0.996 0.934 1.0000 0.955 0.978 1.0000 0.741 0.811 0.6000 0.945 0.847 1.0000 0.685 0.711 0.6000 0.874 1.095 1.0000 0.680 1.101 0.5944 0.912 0.863 1.0000 0.797 0.835 0.6000 0.816 0.572 0.6000 0.776 1.102 0.6000 0.717 0.958 0.6000 0.777 0.967 0.6000 0.787 0.841 0.6000 0.790 0.448 0.6000 0.575 0.311 0.6000 0.783 1.041 0.5985 0.600 1.028 0.6000 0.771 0.866 0.6000 0.644 0.735 0.6000 0.727 0.534 0.6000 0.802 0.601 0.6000 0.705 1.029 0.6000 0.693 1.029 0.5985 0.583 0.391 0.6000 0.795 1.015 0.6000 0.681 0.683 0.6000 0.575 0.853 0.6000 0.668 0.689 0.6000 0.982 0.804 1.0000 0.660 0.788 0.6000 0.813 0.911 0.6000 0.925 0.921 1.0000 0.883 0.751 1.0000 0.818 0.597 0.6000 0.576 0.666 0.6000 0.749 0.536 0.6000 0.941 1.099 1.0000 0.723 1.105 0.6000 0.760 0.659 0.6000 0.731 1.102 0.6000 0.727 1.099 0.5944 0.664 1.096 0.6000 0.841 1.086 0.5950 0.579 0.823 0.6000 0.792 0.718 0.6000 0.687 0.863 0.6000 0.782 0.937 0.6000 0.621 0.922 0.6000 0.863 0.693 0.6000 0.612 0.683 0.6000 0.879 0.558 1.0000 0.935 0.604 1.0000 0.797 1.100 0.6000 0.684 0.738 0.6000 0.877 0.614 1.0000 0.939 0.644 1.0000 0.706 0.534 0.6000 0.644 0.780 0.6000 0.784 1.187 0.6000 0.803 1.187 0.6000 0.647 1.038 0.6000 0.617 0.705 0.6000 0.652 0.567 0.6000 0.832 0.572 0.6000 0.734 0.859 0.6000 0.826 0.825 0.6000 0.938 0.675 1.0000 0.891 0.900 0.6000 0.797 0.516 0.5998 0.711 0.983 0.6000 0.779 0.985 0.5974 0.933 1.050 0.6000 0.837 0.682 0.6000 0.783 0.497 0.6000 0.848 1.036 0.6000 0.922 0.881 1.0000 0.648 0.904 0.6000 0.855 0.808 0.6000 0.815 0.819 0.5997 0.633 0.791 0.6000 0.617 0.841 0.6000 0.560 0.697 0.6000 0.793 0.650 0.6000 0.796 1.102 0.6000 0.588 0.951 0.6000 0.593 0.763 0.6000 0.851 1.026 0.6000 0.606 1.002 0.6000 0.841 0.864 0.6000 0.773 0.600 0.6000 0.589 1.099 0.6000 0.815 0.825 0.6000 0.632 0.769 0.6000 0.702 1.168 0.6000 0.695 1.001 0.6000 0.872 0.863 0.6000 0.566 0.693 0.6000 0.729 0.490 0.6000 0.723 0.919 0.6000 0.814 1.190 0.6000 0.647 1.187 0.6000 0.652 1.034 0.6000 0.961 1.037 1.0000 0.555 0.886 0.6000 0.772 0.876 0.6000 0.613 0.854 0.6000 0.579 0.839 0.6000 0.844 1.188 0.6000 0.642 1.036 0.6000 0.787 1.035 0.6000 0.629 1.039 0.6000 0.571 1.102 0.6000 0.574 1.076 0.5882 0.841 0.707 0.6000 0.842 0.692 0.5971 0.752 0.565 0.6000 0.741 1.024 0.6000 0.733 0.887 0.6000 0.846 0.887 0.5992 0.810 1.188 0.6000 0.630 0.872 0.6000 0.593 0.860 0.6000 0.582 0.697 0.6000 0.636 0.674 0.6000 0.668 0.537 0.6000 0.737 0.215 0.6000 0.687 1.040 0.6000 0.644 0.877 0.5985 0.787 0.691 0.6000 0.564 0.392 0.6000 0.827 1.079 0.6000 0.824 0.917 0.6000 0.611 0.939 0.5997 0.765 0.725 0.6000 0.908 0.945 1.0000 0.853 0.804 0.5966 0.826 0.702 0.6000 0.852 0.555 0.6000 0.814 0.387 0.6000 0.778 0.922 0.6000 0.686 0.931 0.5992 0.640 1.028 0.5978 0.803 0.930 0.5981 0.818 0.758 0.6000 0.996 1.037 1.0000 0.863 0.902 0.6000 0.630 0.820 0.6000 0.738 0.667 0.5993 0.713 1.097 0.5960 0.849 0.955 0.6000 0.718 0.756 0.6000 0.777 0.586 0.6000 0.847 0.825 0.6000 0.568 0.837 0.6000 0.907 0.708 1.0000 0.638 0.732 0.6000 0.650 0.615 0.5994 0.609 0.678 0.6000 0.581 0.792 0.6000 0.806 0.481 0.6000 0.818 1.088 0.6000 0.740 0.878 0.6000 0.831 0.884 0.6000 0.802 0.884 0.5987 0.609 0.761 0.6000 0.654 1.096 0.6000 0.797 1.101 0.6000 0.654 0.962 0.5993 0.838 0.948 0.6000 0.618 0.785 0.6000 0.713 0.620 0.6000 0.818 0.729 0.6000 0.782 0.929 0.5985 0.645 0.505 0.6000 0.678 0.555 0.6000 0.598 1.095 0.6000 0.812 0.953 0.6000 0.855 0.937 0.6000 0.850 0.793 0.6000 0.786 0.561 0.6000 0.611 0.917 0.6000 0.767 0.966 0.6000 0.814 0.850 0.5997 0.837 1.036 0.5909 0.930 0.881 1.0000 0.853 0.895 0.6000 0.588 0.473 0.6000
W 5 0 3.21509 -6.73545 -5.64968 1.18613 -2.30325 3.07310 0.29304 -0.10489 11.46760 2.40412 4.59574 -9.59408 0.97369 -1.07991 -0.85417 -1.65949 0.55109 0.78237
W 5 1 4.29133 3.05725 -7.11735 1.70991 -2.84097 0.43986 0.01823 0.07477 -5.82733 -0.19122 0.39041 5.27292 1.03540 -0.58247 0.77727 0.34091 0.07558 1.01266
W 5 2 -4.57704 1.05394 6.03591 -0.04776 3.37675 -0.88687 0.27939 0.49312 -3.39870 -2.06312 -3.43493 2.45044 -0.94549 0.34259 0.24141 0.69364 0.54174 -0.30709
W 5 3 -2.92938 2.62426 6.73112 -2.84828 1.76747 -2.62610 -0.59067 -0.46301 -2.24156 -0.14978 -1.55122 1.87072 -1.06360 1.31978 -0.16452 0.62493 -1.16841 -1.48794
S 5 0 0.907 0.837 1.0000 0.895 1.034 1.0000 0.890 0.938 1.0000 0.773 0.803 1.0000 0.931 0.780 1.0000 0.840 1.078 1.0000 0.830 0.719 1.0000 0.953 1.099 1.0000 0.855 1.025 1.0000 0.912 1.099 1.0000 0.897 0.919 1.0000 0.838 0.773 1.0000 0.877 0.925 1.0000 0.897 1.020 1.0000 0.905 0.892 1.0000 0.900 0.892 1.0000 0.923 1.180 1.0000 0.923 1.180 1.0000 0.931 0.727 1.0000 0.911 1.017 1.0000 0.911 1.017 1.0000 0.833 0.501 1.0000 0.792 0.848 1.0000 0.929 0.817 1.0000 0.910 0.817 1.0000 0.946 1.041 1.0000 0.809 0.997 1.0000 0.870 0.703 1.0000 0.845 0.804 1.0000 0.929 1.027 1.0000 0.787 1.038 1.0000 0.982 0.740 1.0000 0.830 1.190 1.0000 0.875 0.964 1.0000 0.911 1.020 1.0000 0.927 1.020 1.0000 0.846 0.961 1.0000 0.912 0.826 1.0000 0.751 0.859 1.0000 0.951 0.943 1.0000 0.892 0.681 1.0000 0.871 1.095 1.0000 0.926 0.870 1.0000 0.833 0.839 1.0000 0.831 1.190 1.0000 0.831 1.190 1.0000 0.917 0.506 1.0000 0.833 0.764 1.0000 0.968 0.807 1.0000 0.832 0.828 1.0000 0.922 1.039 1.0000 0.927 0.723 1.0000 0.843 0.786 1.0000 0.839 0.697 1.0000 0.881 0.948 1.0000 0.843 1.102 1.0000 0.930 0.922 1.0000 0.943 0.967 1.0000 0.914 1.086 1.0000 0.867 0.672 1.0000
W 6 0 0.57843 -0.91556 -1.56608 -0.07097 0.11587 0.57145 -0.33050 -0.01073 0.71586 0.49693 0.56449 -0.27563 0.02943 -0.15808 -0.53713 -0.83372 -0.32336 0.02248
W 6 1 -0.57843 0.91556 1.56608 0.07097 -0.11587 -0.57145 0.33050 0.01073 -0.71586 -0.49693 -0.56449 0.27563 -0.02943 0.15808 0.53713 0.83372 0.32336 -0.02248
W 6 2 0.00000 0.00000 0.00000 0.00000 0.00000 0.00000 0.00000 0.00000 0.00000 0.00000 0.00000 0.00000 0.00000 0.00000 0.00000 0.00000 0.00000 0.00000
W 6 3 0.00000 0.00000 0.00000 0.00000 0.00000 0.00000 0.00000 0.00000 0.00000 0.00000 0.00000 0.00000 0.00000 0.00000 0.00000 0.00000 0.00000 0.00000
P [CG]Gemini25Pro-Python 0.0089
W 0 0 5.97273 -1.11968 -0.45361 1.87341 -1.78835 1.45142 0.36778 -0.43647 2.01980 0.00000 0.37544 -1.18120 -6.14505 -4.58183 -0.34955 -7.01471 0.83760 0.20283
W 0 1 0.21931 3.20349 -3.20960 -1.04268 -0.60512 2.13080 1.81880 -0.06336 -1.29599 0.00000 -1.64410 0.90953 1.30285 0.66427 0.34640 1.72015 0.00040 1.78802
W 0 2 -5.47577 -0.47534 2.85486 1.55375 0.78067 -3.23735 -1.51972 0.75465 -0.20073 0.00000 1.22244 0.18287 4.58517 4.29893 -0.13149 5.03467 -0.67748 0.01136
W 0 3 -0.71627 -1.60847 0.80835 -2.38448 1.61281 -0.34486 -0.66686 -0.25481 -0.52308 0.00000 0.04622 0.08880 0.25702 -0.38137 0.13464 0.25988 -0.16053 -2.00221
W 1 0 1.42061 0.53924 -1.82687 1.02213 -0.11381 1.27953 0.00000 1.42061 0.00000 0.00000 1.42061 0.00000 -1.62729 -0.16770 -1.31805 -1.61536 0.15565 0.17256
W 1 1 0.00000 0.00000 0.00000 0.00000 0.00000 0.00000 0.00000 0.00000 0.00000 0.00000 0.00000 0.00000 0.00000 0.00000 0.00000 0.00000 0.00000 0.00000
W 1 2 -0.97904 -0.48355 1.65042 1.47960 0.13987 -1.17943 0.00000 -0.97904 0.00000 0.00000 -0.97904 0.00000 1.46113 0.33624 1.27814 1.57366 -0.01954 -0.38348
W 1 3 -0.44157 -0.05570 0.17645 -2.50173 -0.02606 -0.10009 0.00000 -0.44157 0.00000 0.00000 -0.44157 0.00000 0.16616 -0.16854 0.03991 0.04170 -0.13611 0.21092
W 2 0 2.60349 0.14323 -2.13145 1.36395 0.35736 0.39890 0.91951 0.47874 1.30545 -0.00110 -0.18313 -1.18307 -0.82391 -1.27541 -0.09194 -0.73610 0.60467 -0.06865
W 2 1 0.87969 1.19289 -0.84634 1.37707 -0.39347 -0.70695 -0.72564 -0.97459 -2.13704 -0.10724 0.84625 1.06886 -0.55434 0.48135 -0.45011 -0.68832 0.11189 -0.13137
W 2 2 -2.61609 -0.46563 2.46639 0.28391 -1.92119 0.18000 0.14832 0.51653 0.09520 -0.53442 -0.46692 -0.15308 0.41297 0.58661 0.39405 0.79369 -0.47695 0.83906
W 2 3 -0.86710 -0.87049 0.51141 -3.02493 1.95730 0.12805 -0.34219 -0.02068 0.73640 0.64275 -0.19620 0.26729 0.96527 0.20745 0.14800 0.63074 -0.23961 -0.63904
W 3 0 0.74592 0.09062 -0.28021 0.44603 -0.02355 0.17702 0.28672 -0.20915 0.82549 -0.36252 0.22912 0.08751 -0.61796 -0.02929 -0.05170 -0.41455 0.20691 0.11359
W 3 1 -0.74592 -0.09062 0.28021 -0.44603 0.02355 -0.17702 -0.28672 0.20915 -0.82549 0.36252 -0.22912 -0.08751 0.61796 0.02929 0.05170 0.41455 -0.20691 -0.11359
W 3 2 0.00000 0.00000 0.00000 0.00000 0.00000 0.00000 0.00000 0.00000 0.00000 0.00000 0.00000 0.00000 0.00000 0.00000 0.00000 0.00000 0.00000 0.00000
W 3 3 0.00000 0.00000 0.00000 0.00000 0.00000 0.00000 0.00000 0.00000 0.00000 0.00000 0.00000 0.00000 0.00000 0.00000 0.00000 0.00000 0.00000 0.00000
W 4 0 3.33969 2.59868 -5.02535 0.02019 -0.46463 0.80123 -0.98552 0.11168 0.00000 -0.06483 -0.31706 0.00000 0.10154 -4.78757 0.28955 0.22448 0.71899 1.45597
W 4 1 0.00000 0.00000 0.00000 0.00000 0.00000 0.00000 0.00000 0.00000 0.00000 0.00000 0.00000 0.00000 0.00000 0.00000 0.00000 0.00000 0.00000 0.00000
W 4 2 -0.95567 -2.83760 2.65353 1.38500 -0.06913 0.28711 0.44214 -0.75098 0.00000 -0.61417 -0.26177 0.00000 0.39327 3.61024 -0.18059 0.41283 -0.16251 -0.05148
W 4 3 -2.38402 0.23892 2.37182 -1.40519 0.53377 -1.08834 0.54338 0.63930 0.00000 0.67900 0.57883 0.00000 -0.49480 1.17734 -0.10896 -0.63731 -0.55648 -1.40449
S 4 0 0.994 1.033 1.0286 0.993 1.033 1.1776 0.990 1.033 1.2284 0.874 0.269 0.7333 0.843 0.269 0.8311 0.927 0.876 1.0000 0.767 0.688 1.0000 0.802 0.679 1.0000 0.680 1.190 1.0000 0.812 0.660 1.0000 0.483 1.033 0.6857 0.583 0.878 0.6857 0.939 0.882 0.8857 0.593 0.902 0.6857 0.690 0.379 0.6857 0.898 0.414 0.8857 0.983 1.190 1.1000 0.562 0.885 1.0000 0.933 0.705 1.1000 0.957 0.911 1.0833 0.742 0.796 0.9000 0.868 0.688 1.0000 0.631 0.582 1.0000 0.793 0.382 1.0000 0.873 1.036 0.6857 0.913 0.876 0.6500 0.832 0.826 1.1413 0.891 0.826 1.2169 0.887 0.508 0.8000 0.615 0.324 1.0000 0.945 0.488 1.0000 0.983 0.325 1.1000 0.935 0.424 1.1000 0.486 0.319 1.0000 0.830 0.035 1.0000 0.168 1.033 0.6857 0.646 1.031 0.6857 0.561 0.985 0.8072 0.578 0.985 0.8618 0.960 0.887 0.8857 0.981 0.887 1.0206 0.910 0.891 0.6857 0.902 0.620 0.8397 0.793 0.620 0.8775 0.583 0.887 0.8000 0.851 0.880 0.8000
W 5 0 3.44548 -2.08677 -0.14383 0.88609 -0.78654 0.17622 0.23938 -0.74966 5.43945 0.40874 -0.72959 -2.91897 -1.08435 -2.86555 -0.08865 0.06690 1.31693 -0.63177
W 5 1 0.88432 2.09380 -4.72392 0.76416 -0.37699 0.47803 -0.55729 -0.36280 -2.90407 0.93137 -0.03911 0.00463 1.67630 1.30944 0.34007 0.81843 -0.40146 0.17223
W 5 2 -2.13917 -0.35772 2.52031 -0.12036 0.48132 -0.07060 0.27817 -0.70049 -1.34627 -0.68347 -0.58520 1.88055 -0.36044 0.72024 0.15003 -0.39643 -0.34579 0.46756
W 5 3 -2.19062 0.35070 2.34745 -1.52989 0.68221 -0.58365 0.03974 1.81294 -1.18911 -0.65664 1.35391 1.03380 -0.23151 0.83587 -0.40145 -0.48891 -0.56968 -0.00802
W 6 0 1.15294 -0.34529 -1.08291 -0.18523 0.24251 0.58926 0.07526 -0.12082 0.49592 0.17446 0.00326 -0.37429 0.09616 -0.21232 -0.35041 -0.23794 -0.23182 -0.26722
W 6 1 -1.15294 0.34529 1.08291 0.18523 -0.24251 -0.58926 -0.07526 0.12082 -0.49592 -0.17446 -0.00326 0.37429 -0.09616 0.21232 0.35041 0.23794 0.23182 0.26722
W 6 2 0.00000 0.00000 0.00000 0.00000 0.00000 0.00000 0.00000 0.00000 0.00000 0.00000 0.00000 0.00000 0.00000 0.00000 0.00000 0.00000 0.00000 0.00000
W 6 3 0.00000 0.00000 0.00000 0.00000 0.00000 0.00000 0.00000 0.00000 0.00000 0.00000 0.00000 0.00000 0.00000 0.00000 0.00000 0.00000 0.00000 0.00000
P babaaurhum 0.0145
W 0 0 2.95460 -0.02264 3.67088 -6.00793 -8.45173 3.07397 1.82018 -1.94977 -1.42518 0.00000 -1.41186 -1.15237 -5.10209 -0.20330 0.24937 -1.43316 0.68996 3.48741
W 0 1 2.24884 1.99916 -6.53159 4.18597 3.82918 0.56440 0.40937 1.45686 1.31752 0.00000 0.07418 0.61715 0.05391 1.03523 -0.13035 0.70622 0.11370 -1.29763
W 0 2 -4.33961 -0.22779 2.22206 4.19146 2.98658 -3.09168 -1.53800 0.75450 0.67479 0.00000 1.39767 0.49572 4.97685 -0.82533 -0.20798 0.68071 -0.57501 -0.22497
W 0 3 -0.86383 -1.74872 0.63865 -2.36949 1.63597 -0.54668 -0.69155 -0.26158 -0.56713 0.00000 -0.05999 0.03950 0.07133 -0.00660 0.08896 0.04623 -0.22866 -1.96481
S 0 1 0.980 0.765 4.4999 0.930 0.755 2.4999 0.980 0.945 4.5000 0.980 0.898 4.5000 0.990 0.736 2.5000 0.930 0.920 2.5000 0.970 0.579 2.5001 0.980 1.143 4.5000 0.970 1.101 2.5001 0.970 0.758 2.5001 0.990 0.260 2.1875 1.000 0.712 4.5000 0.880 1.033 2.5000 0.930 0.737 2.5000 1.000 0.506 3.9625 0.880 0.732 2.5000 0.880 0.717 2.5000
W 1 0 1.46722 0.38233 -1.94401 0.88913 -0.36231 0.62443 0.00000 1.46722 0.00000 0.00000 1.46722 0.00000 -2.17687 0.45460 -0.05930 -0.60471 0.18126 0.16156
W 1 1 0.00000 0.00000 0.00000 0.00000 0.00000 0.00000 0.00000 0.00000 0.00000 0.00000 0.00000 0.00000 0.00000 0.00000 0.00000 0.00000 0.00000 0.00000
W 1 2 -0.96974 -0.33355 1.74901 1.63431 0.38432 -0.51913 0.00000 -0.96974 0.00000 0.00000 -0.96974 0.00000 2.08160 -0.35206 -0.03530 0.50010 -0.26336 -0.34968
W 1 3 -0.49748 -0.04878 0.19500 -2.52345 -0.02201 -0.10530 0.00000 -0.49748 0.00000 0.00000 -0.49748 0.00000 0.09526 -0.10254 0.09459 0.10461 0.08210 0.18812
W 2 0 1.53206 0.36215 -1.65632 -0.07085 -0.17482 0.17789 -0.26613 -0.07001 1.28132 -0.18743 0.26241 0.60678 -0.86809 -0.12798 0.74940 -0.46322 -0.63063 -0.65044
W 2 1 2.03247 1.02358 -1.16433 3.01040 0.36035 -0.49758 0.14992 -0.44901 -0.90808 0.50591 0.54482 0.57624 -0.36101 -0.04921 -0.96277 -0.34700 0.74469 0.63524
W 2 2 -2.78857 -0.62933 2.24867 0.35387 -1.86216 0.11822 0.27942 0.25031 -0.36387 -0.51309 -0.39438 -0.64304 0.50322 0.05206 0.08946 0.38302 -0.10088 1.07689
W 2 3 -0.77596 -0.75640 0.57197 -3.29343 1.67663 0.20147 -0.16321 0.26871 -0.00937 0.19461 -0.41286 -0.53998 0.72587 0.12512 0.12390 0.42720 -0.01318 -1.06169
W 3 0 0.99729 -0.06739 -0.66671 0.20980 -0.37030 0.54570 0.27947 -0.11489 0.91270 -0.36145 0.32358 -0.58726 -1.74368 0.20919 -0.15744 -0.34214 0.23932 -0.24678
W 3 1 -0.99729 0.06739 0.66671 -0.20980 0.37030 -0.54570 -0.27947 0.11489 -0.91270 0.36145 -0.32358 0.58726 1.74368 -0.20919 0.15744 0.34214 -0.23932 0.24678
W 3 2 0.00000 0.00000 0.00000 0.00000 0.00000 0.00000 0.00000 0.00000 0.00000 0.00000 0.00000 0.00000 0.00000 0.00000 0.00000 0.00000 0.00000 0.00000
W 3 3 0.00000 0.00000 0.00000 0.00000 0.00000 0.00000 0.00000 0.00000 0.00000 0.00000 0.00000 0.00000 0.00000 0.00000 0.00000 0.00000 0.00000 0.00000
W 4 0 7.48914 0.35468 -8.66986 -0.44551 -6.26060 -0.11008 -1.17938 -0.07158 0.00000 1.14263 3.12155 0.00000 -0.28133 -1.26333 1.05589 -0.90493 0.07613 1.63882
W 4 1 0.00000 0.00000 0.00000 0.00000 0.00000 0.00000 0.00000 0.00000 0.00000 0.00000 0.00000 0.00000 0.00000 0.00000 0.00000 0.00000 0.00000 0.00000
W 4 2 -0.83787 -2.27556 0.39288 2.94703 2.15618 -0.05152 0.04571 0.28522 0.00000 0.27805 0.07985 0.00000 1.12386 0.03177 -0.27507 0.51056 0.09130 -1.58991
W 4 3 -6.65127 1.92088 8.27698 -2.50152 4.10441 0.16160 1.13366 -0.21364 0.00000 -1.42068 -3.20140 0.00000 -0.84253 1.23156 -0.78083 0.39437 -0.16743 -0.04890
S 4 1 0.686 0.713 1.9999 0.595 0.725 1.9250 0.602 0.667 1.4499 0.939 0.517 1.4000 0.816 0.505 1.0252 0.744 1.103 4.0000 0.854 0.948 4.0000 0.853 0.948 2.0003 0.893 0.941 3.9998 0.780 0.929 4.0000 0.719 0.795 3.9999 0.662 0.806 2.0000 0.601 0.789 2.0000 0.570 0.780 2.0000 0.671 0.667 4.0000 0.902 0.644 3.6875 0.743 0.660 1.8875 0.764 0.660 1.5123 0.680 1.038 1.9999 0.723 0.880 2.0001 0.762 0.866 4.0001 0.823 0.880 3.9998 0.827 0.705 3.5250 0.772 0.689 3.9999 0.638 0.764 2.0000 0.725 0.497 1.8999 0.743 1.101 2.0000 0.831 1.101 2.0000 0.833 1.095 4.0000 0.794 1.095 3.9997 0.786 1.095 2.0008 0.583 1.095 1.9998 0.768 0.945 4.0005 0.736 0.898 3.9996 0.723 0.918 4.0000 0.700 0.918 1.9998 0.814 0.867 3.9999 0.854 0.867 3.9996 0.637 0.754 4.0000 0.691 0.757 2.0000 0.723 0.767 4.0000 0.593 0.767 1.9998 0.636 1.099 2.0001 0.601 0.955 2.0000 0.603 0.956 2.0000 0.636 0.956 2.0000 0.652 0.912 4.0001 0.792 0.912 4.0005 0.785 0.912 2.0003 0.828 0.334 2.0002 0.837 0.201 4.0000 0.703 0.427 2.0000 0.743 0.427 2.0000 0.821 0.427 4.0005 0.752 0.396 4.0000 0.751 1.028 3.9996 0.760 1.028 3.9995 0.768 1.026 4.0000 0.807 0.823 2.0005 0.711 0.830 1.9999 0.772 0.830 1.9998 0.689 0.887 4.0000 0.797 0.882 4.0000 0.797 0.731 4.0000 0.758 0.731 4.0001 0.821 0.731 4.0005 0.723 0.772 4.0000 0.681 0.772 2.0000 0.807 0.772 3.9998 0.741 0.831 4.0000 0.743 0.831 2.0010 0.678 0.947 2.0001 0.561 0.952 2.0000 0.766 0.951 4.0000 0.697 0.796 2.0000 0.400 0.741 2.0003 0.642 0.804 1.9992 0.575 1.033 4.0000 0.572 1.043 1.9994 0.830 1.043 4.0005 0.651 1.029 1.9994 0.849 1.014 4.0000 0.641 0.823 4.0001 0.815 0.840 4.0001 0.837 0.857 4.0002 0.838 0.857 3.9988 0.836 0.857 1.2986 0.797 1.189 1.9998 0.655 1.189 2.0000 0.718 1.182 4.0000 0.865 1.184 4.0003 0.532 1.182 2.0000 0.792 1.002 4.0000 0.616 1.004 2.0000 0.833 1.023 4.0000 0.797 1.023 3.9990 0.928 1.023 4.0003 0.594 1.102 2.0000 0.707 1.098 3.9998 0.821 1.097 4.0000 0.725 0.965 1.9994 0.662 0.543 1.1000 0.694 1.040 1.9999 0.792 1.037 4.0001 0.803 0.864 3.9999 0.807 0.864 3.9996 0.794 0.864 2.0007 0.936 0.895 4.0001 0.740 0.891 1.9999 0.752 0.703 1.7252 0.782 0.745 1.9999 0.581 0.762 2.0006 0.896 0.550 1.6500 0.842 0.577 4.0000 0.673 1.040 4.0000 0.663 1.040 1.9998 0.646 0.980 2.0001 0.772 0.944 3.9998 0.931 0.915 4.0001 0.777 0.818 4.0001 0.859 0.853 1.9998 0.891 0.851 4.0001 0.908 0.874 4.0000 0.759 0.865 4.0000 0.697 0.688 2.0000 0.711 0.631 4.0000 0.833 0.659 4.0000 0.730 0.376 1.9998 0.664 1.096 2.0000 0.555 1.091 2.0000 0.629 1.065 2.0000 0.722 0.887 2.0000 0.503 0.626 2.0000 0.664 0.360 1.4126 0.746 0.338 1.2376 0.581 1.189 2.0000 0.663 1.189 1.9998 0.828 1.174 4.0000 0.581 1.175 2.0000 0.751 1.176 2.0000 0.843 1.176 3.9996 0.549 1.179 2.0000 0.821 1.180 4.0000 0.667 1.030 2.0000 0.698 1.030 2.0010 0.815 0.492 2.8750 0.649 0.508 1.5500 0.818 1.040 2.0001 0.749 1.039 3.9999 0.602 1.039 1.9998 0.712 1.043 4.0001 0.841 1.040 3.9999 0.857 1.038 4.0000 0.720 0.887 1.9999 0.748 1.034 4.0000 0.728 1.034 3.9996 0.938 1.034 4.0000 0.623 1.005 2.0000 0.691 1.005 2.0000 0.638 0.959 4.0000 0.622 0.959 2.0004 0.585 0.976 2.0000 0.757 0.933 4.0000 0.592 0.942 1.9999 0.760 0.950 3.9999 0.664 0.474 1.3752 0.738 0.645 1.8501 0.689 0.623 1.6623 0.692 0.670 2.0001 0.844 0.521 2.0001 0.738 1.102 1.9998 0.646 1.102 1.9992 0.604 1.107 2.0001 0.537 0.925 2.0001 0.798 0.719 2.0001 0.947 0.749 4.0000 0.603 0.759 2.0000 0.808 0.762 2.0004 0.789 0.725 4.0000 0.628 0.737 2.0000 0.685 0.737 2.0003 0.876 0.638 1.9995 0.742 0.652 2.0000 0.840 1.039 3.9999 0.725 1.035 2.0001 0.839 0.886 3.9999 0.837 0.938 4.0001 0.647 0.538 2.0000 0.802 0.763 3.9999
W 5 0 5.45705 -5.28332 -2.30439 1.02177 -4.59831 -0.41620 1.44249 -1.04391 4.27331 0.09716 2.86342 -5.29303 0.85144 -0.74722 1.65180 -0.58421 -0.18408 -0.16144
W 5 1 0.77831 3.78799 -5.71497 1.55996 1.38787 -0.42559 -1.32237 -0.68092 -0.24700 0.61527 0.64449 2.26848 0.71678 -0.43706 0.21545 -0.96150 -0.15082 -0.47764
W 5 2 -1.86251 -0.01312 2.44182 -0.12044 0.96560 0.05928 0.15065 1.48962 -3.22083 -0.48297 -0.10013 0.06911 -1.05195 -0.12277 -0.86816 1.97252 0.39155 0.11349
W 5 3 -4.37285 1.50845 5.57754 -2.46130 2.24484 0.78250 -0.27077 0.23521 -0.80548 -0.22947 -3.40778 2.95543 -0.51628 1.30706 -0.99908 -0.42681 -0.05664 0.52559
S 5 1 0.794 0.700 4.9997 0.797 0.643 5.0002 0.924 0.934 5.0000 0.849 1.030 5.0000 0.731 1.030 4.9998 0.637 0.536 3.9375 0.833 0.954 5.0002 0.840 0.488 2.7872 0.924 1.188 5.2000 0.733 0.766 5.2000 0.704 0.662 5.2000 0.614 0.694 5.8003
W 6 0 0.91929 -0.52858 -1.21267 -0.29235 0.15314 0.46151 -0.05842 -0.44464 0.69937 0.14386 0.33614 -0.28148 -0.17665 -0.02949 -0.28298 -0.41317 -0.42152 -0.33135
W 6 1 -0.91929 0.52858 1.21267 0.29235 -0.15314 -0.46151 0.05842 0.44464 -0.69937 -0.14386 -0.33614 0.28148 0.17665 0.02949 0.28298 0.41317 0.42152 0.33135
W 6 2 0.00000 0.00000 0.00000 0.00000 0.00000 0.00000 0.00000 0.00000 0.00000 0.00000 0.00000 0.00000 0.00000 0.00000 0.00000 0.00000 0.00000 0.00000
W 6 3 0.00000 0.00000 0.00000 0.00000 0.00000 0.00000 0.00000 0.00000 0.00000 0.00000 0.00000 0.00000 0.00000 0.00000 0.00000 0.00000 0.00000 0.00000
P dwirz 0.0167
W 0 0 -0.24898 0.49511 -4.51826 -1.08566 -2.51236 4.23379 0.77833 -0.44905 -1.07676 0.00000 -0.53922 -0.33689 -1.25416 0.28447 -1.13840 -0.83614 -0.53595 1.59067
W 0 1 3.66088 1.54115 3.47568 0.49531 1.49566 -1.93856 0.05413 -0.05279 0.16369 0.00000 1.56188 0.04450 -2.58922 0.46962 -1.40879 -0.82878 1.48992 0.03043
W 0 2 -2.54445 -0.60742 0.06636 2.98360 -0.69013 -1.41461 -0.52133 0.75471 1.40525 0.00000 -1.00517 0.09177 3.56612 -0.75685 2.39766 1.28241 -1.15865 0.39226
W 0 3 -0.86746 -1.42884 0.97623 -2.39326 1.70683 -0.88061 -0.31113 -0.25287 -0.49218 0.00000 -0.01748 0.20063 0.27726 0.00276 0.14953 0.38251 0.20468 -2.01336
W 1 0 1.60246 0.18677 -2.50752 1.07029 -0.35633 -0.16812 0.00000 1.60246 0.00000 0.00000 1.60246 0.00000 -2.12969 0.54044 -1.00081 -1.16726 0.47768 0.26891
W 1 1 0.00000 0.00000 0.00000 0.00000 0.00000 0.00000 0.00000 0.00000 0.00000 0.00000 0.00000 0.00000 0.00000 0.00000 0.00000 0.00000 0.00000 0.00000
W 1 2 -1.07978 -0.06270 2.38469 1.42950 0.38158 0.29103 0.00000 -1.07978 0.00000 0.00000 -1.07978 0.00000 2.07785 -0.44080 0.99843 1.10979 -0.55799 -0.49242
W 1 3 -0.52268 -0.12407 0.12284 -2.49979 -0.02525 -0.12291 0.00000 -0.52268 0.00000 0.00000 -0.52268 0.00000 0.05184 -0.09964 0.00238 0.05747 0.08031 0.22351
W 2 0 0.57009 -1.34575 -2.23080 1.12789 0.09626 2.04399 -0.69564 -0.63202 1.28081 0.36282 -0.22602 -0.54110 -0.32632 -0.83988 -0.50211 -0.78539 -0.15415 0.62435
W 2 1 2.69160 2.21818 -1.17925 1.88698 -0.11365 -2.03295 0.15475 0.07980 -1.11204 -0.11865 1.38789 1.24082 -1.59562 0.70103 0.20413 -0.60424 -0.33918 -0.36696
W 2 2 -2.67427 -0.22265 2.76045 0.25118 -1.67346 -0.20917 0.69585 0.11609 -0.23580 -0.48143 -0.70184 -0.19775 1.21955 -0.00682 0.05126 0.92429 0.42460 0.82266
W 2 3 -0.58742 -0.64978 0.64960 -3.26605 1.69084 0.19814 -0.15495 0.43612 0.06703 0.23726 -0.46003 -0.50197 0.70239 0.14568 0.24673 0.46534 0.06872 -1.08004
W 3 0 0.22240 -0.76247 -0.80566 0.98764 0.39240 0.55869 0.40077 0.72616 0.43222 -0.21605 0.51365 -0.12640 -0.57905 -0.09595 -0.46454 -0.46542 -0.29589 0.56977
W 3 1 -0.22240 0.76247 0.80566 -0.98764 -0.39240 -0.55869 -0.40077 -0.72616 -0.43222 0.21605 -0.51365 0.12640 0.57905 0.09595 0.46454 0.46542 0.29589 -0.56977
W 3 2 0.00000 0.00000 0.00000 0.00000 0.00000 0.00000 0.00000 0.00000 0.00000 0.00000 0.00000 0.00000 0.00000 0.00000 0.00000 0.00000 0.00000 0.00000
W 3 3 0.00000 0.00000 0.00000 0.00000 0.00000 0.00000 0.00000 0.00000 0.00000 0.00000 0.00000 0.00000 0.00000 0.00000 0.00000 0.00000 0.00000 0.00000
W 4 0 5.68497 0.81138 -9.78233 -0.21363 -2.81012 1.25747 0.25960 0.10179 0.00000 0.16911 -0.44909 0.00000 0.06308 0.05564 0.13151 -1.04044 0.66336 1.35900
W 4 1 0.00000 0.00000 0.00000 0.00000 0.00000 0.00000 0.00000 0.00000 0.00000 0.00000 0.00000 0.00000 0.00000 0.00000 0.00000 0.00000 0.00000 0.00000
W 4 2 -1.12858 -1.47137 5.40657 1.12947 0.17664 0.51845 -0.45062 0.19408 0.00000 -0.63245 -1.45665 0.00000 0.48536 0.14035 0.21783 0.62138 0.95439 -0.14740
W 4 3 -4.55640 0.65999 4.37576 -0.91583 2.63348 -1.77592 0.19103 -0.29587 0.00000 0.46334 1.90574 0.00000 -0.54845 -0.19599 -0.34933 0.41906 -1.61775 -1.21160
S 4 0 0.708 1.101 0.4400 0.679 1.091 0.4400 0.641 1.093 0.6000 0.808 1.096 0.4400 0.938 1.096 0.8298 0.323 0.950 0.5000 0.909 0.956 0.8476 0.843 0.952 0.6000 0.777 0.799 0.4500 0.640 0.201 0.4500 0.894 0.356 0.6000 0.878 1.056 0.6000 0.892 1.101 0.6000 0.653 0.934 0.5000 0.519 0.774 0.5000 0.881 0.780 0.6000 0.625 0.789 0.5000 0.790 0.639 0.5000 0.942 0.655 0.8500 0.877 0.320 0.6000 0.876 0.384 0.6000 0.840 1.034 0.6000 0.441 1.032 0.4979 0.871 0.557 0.6000 0.865 0.540 0.6000 0.849 0.540 0.4481 0.720 1.040 0.4471 0.948 1.040 0.8447 0.791 1.023 0.4333 0.723 1.023 0.4464 0.653 1.018 0.4500 0.824 1.018 0.5972 0.802 1.052 0.6000 0.953 0.987 0.8500 0.881 0.592 0.6000 0.944 0.710 0.8500 0.710 0.744 0.4429 0.853 0.717 0.6000 0.843 0.717 0.8500 0.844 0.717 0.4495 0.598 0.620 0.4500 0.662 0.774 0.4500 0.672 0.774 0.4488 0.733 0.670 0.4500 0.680 0.607 0.4500 0.647 1.004 0.4333 0.928 0.821 0.8286 0.792 0.833 0.6000 0.732 1.127 0.4400 0.750 1.127 0.4468 0.933 1.133 0.8500 0.673 1.040 0.4364 0.858 1.032 0.6000 0.862 1.036 0.4286 0.882 1.036 0.6000 0.843 1.052 0.6000 0.891 0.885 0.6000 0.879 0.885 0.8442 0.706 0.869 0.4429 0.759 0.891 0.4500 0.772 0.879 0.4474 0.720 0.879 0.4497 0.681 1.040 0.4286 0.988 1.040 0.8500 0.786 1.038 0.4500 0.797 0.941 0.5921 0.732 1.027 0.4333 0.642 1.027 0.4464 0.619 1.027 0.4434 0.788 0.946 0.4286 0.772 0.946 0.4462 0.908 0.946 0.5935 0.742 1.087 0.4286 0.680 1.083 0.4500 0.818 0.769 0.4429 0.676 0.749 0.4498 0.688 0.652 0.4500 0.826 0.677 0.6000 0.831 0.677 0.4489 0.719 0.678 0.4500 0.763 0.233 0.4500 0.846 0.695 0.6000 0.783 1.031 0.4400 0.746 1.031 0.4468 0.730 0.852 0.4400 0.901 0.852 0.8404 0.738 0.863 0.4455 0.948 0.863 0.8462 0.846 0.817 0.6000 0.712 0.831 0.4500 0.720 0.831 0.4500 0.743 1.098 0.4463 0.853 0.224 0.6000 0.829 0.906 0.6000 0.268 0.961 0.5000 0.698 0.800 0.4400 0.868 0.765 0.6000 0.706 0.827 0.4498 0.859 0.455 0.6000 0.893 1.040 0.6000 0.916 1.040 0.8469 0.927 1.040 0.5985 0.958 1.057 0.8333 0.811 0.934 0.4500 0.781 0.927 0.4476 0.601 0.831 0.4500 0.701 1.036 0.4400 0.682 0.970 0.4400 0.848 1.038 0.5974 0.746 0.889 0.4500 0.892 0.893 0.6000 0.971 0.757 0.8492 0.847 0.932 0.6000 0.838 0.687 0.4500 0.855 0.680 0.6000 0.798 0.680 0.5992 0.858 0.669 0.6000 0.878 0.659 0.6000 0.682 0.388 0.5000 0.682 0.391 0.5000 0.777 0.185 0.5000 0.817 1.108 0.5909 0.996 1.105 0.8438 0.756 0.950 0.4500 0.723 0.950 0.4474 0.761 0.950 0.4500 0.832 0.926 0.6000 0.735 0.938 0.4500 0.816 0.938 0.6000 0.978 0.938 0.8493 0.704 0.752 0.4500 0.711 0.698 0.4500 0.918 0.680 0.8500 0.943 1.168 0.8400 0.652 1.171 0.5000 0.670 1.023 0.5000 0.796 1.031 0.5000 0.763 1.031 0.4500 0.652 1.033 0.4500 0.667 0.838 0.4500 0.709 0.838 0.4496 0.767 0.838 0.4492 0.838 0.842 0.8500 0.772 0.865 0.4500 0.716 0.865 0.4500 0.940 1.032 0.8500 0.739 1.037 0.4500 0.712 1.037 0.4487 0.791 0.891 0.4500 0.708 0.808 0.4455 0.739 0.792 0.4400 0.725 0.792 0.4468 0.674 0.889 0.4500 0.723 0.756 0.4474 0.849 0.490 0.6000 0.952 0.648 0.8500 0.758 1.040 0.4333 0.821 0.866 0.6000 0.802 0.866 0.5979 0.911 0.756 0.8500 0.943 0.756 0.8498 0.753 0.606 0.4500 0.797 0.842 0.4500 0.681 1.039 0.4459 0.406 0.954 0.5000 0.327 0.954 0.5000 0.699 0.733 0.4500 0.693 0.733 0.4474 0.785 0.605 0.4423
W 5 0 3.09387 -6.04176 -2.19856 1.90240 -3.69002 1.74434 0.65451 -0.02663 4.84376 0.67057 -0.21120 -6.35952 -0.00670 0.28625 -0.50173 -0.80643 -0.59527 0.53376
W 5 1 3.32223 3.85351 -7.17867 1.28808 0.48855 -1.22008 -0.75993 0.06029 -1.32767 0.18554 -0.23649 1.58011 1.11302 -0.98783 0.36817 -1.33814 -0.30513 0.01546
W 5 2 -3.28173 1.40459 5.56809 -0.65027 2.39988 0.30688 0.50622 -0.22033 -2.25915 0.51207 -0.96733 3.23277 -0.01281 -0.61133 0.41661 0.66846 0.42394 0.07227
W 5 3 -3.13437 0.78367 3.80914 -2.54021 0.80160 -0.83114 -0.40080 0.18667 -1.25694 -1.36818 1.41502 1.54663 -1.09351 1.31291 -0.28304 1.47611 0.47646 -0.62150
S 5 0 0.840 1.062 0.5714 0.851 1.062 0.5770 0.824 1.062 0.5232 0.933 1.037 0.5681 0.948 1.037 0.8700 0.984 1.037 0.8705 0.794 0.753 0.5273 0.966 0.708 0.8628 0.849 0.490 0.5200 0.866 0.490 0.5833 0.925 0.704 0.5318 0.871 0.414 0.5925 0.934 0.571 0.6908 0.792 0.833 0.4921 0.879 1.003 0.6666 0.879 1.003 0.6154 0.908 1.035 0.6893 0.884 0.870 0.5384 0.995 0.870 0.7265 0.733 0.829 0.5714 0.823 0.800 0.5000 0.853 0.800 0.5000 0.892 1.061 0.8713 0.987 1.007 0.8781 0.993 1.007 0.8267 0.811 0.777 0.5417 0.850 0.754 0.5413 0.848 1.038 0.5928 0.938 0.757 0.8505 0.922 1.102 0.7000 0.913 1.098 0.6743 0.993 1.091 0.6475 0.860 0.715 0.5000 0.918 0.680 0.7549 0.940 1.171 0.6927 0.818 1.037 0.5000 0.809 0.842 0.5000 0.952 0.648 0.7272 0.887 1.038 0.6875 0.950 1.038 0.6896 0.826 0.912 0.5452 0.960 0.812 0.6908 0.825 0.620 0.5784
W 6 0 1.12968 -0.66126 -1.40365 -0.02542 0.19821 0.47816 -0.05842 -0.23928 0.68616 0.10799 0.00970 -0.39452 -0.31186 -0.20463 -0.56529 -0.65769 -0.31070 0.01584
W 6 1 -1.12968 0.66126 1.40365 0.02542 -0.19821 -0.47816 0.05842 0.23928 -0.68616 -0.10799 -0.00970 0.39452 0.31186 0.20463 0.56529 0.65769 0.31070 -0.01584
W 6 2 0.00000 0.00000 0.00000 0.00000 0.00000 0.00000 0.00000 0.00000 0.00000 0.00000 0.00000 0.00000 0.00000 0.00000 0.00000 0.00000 0.00000 0.00000
W 6 3 0.00000 0.00000 0.00000 0.00000 0.00000 0.00000 0.00000 0.00000 0.00000 0.00000 0.00000 0.00000 0.00000 0.00000 0.00000 0.00000 0.00000 0.00000
P fr3sh2d3atH 0.0290
W 0 0 -1.94983 -2.84027 -2.29627 2.11153 -2.53006 0.10789 1.01080 -0.45006 -4.86817 0.00000 1.30849 -1.63823 -0.55327 -1.06755 -0.26124 -0.58042 -0.34323 3.02407
W 0 1 -1.98065 3.51210 -1.67922 -0.75263 1.79277 -1.03858 0.26678 5.69298 -5.38398 0.00000 1.67090 -1.47164 0.31516 -1.73327 -0.29245 -1.49006 1.20184 4.46765
W 0 2 1.20301 -1.74587 1.55981 5.91807 1.17015 -0.94991 -1.69598 -2.65069 9.48857 0.00000 -0.43038 1.92086 -0.09222 1.18798 1.02329 0.69708 -0.76153 -0.25944
W 0 3 2.72747 1.07404 2.41567 -7.27698 -0.43286 1.88060 0.41840 -2.59223 0.76358 0.00000 -2.54901 1.18901 0.33033 1.61284 -0.46961 1.37339 -0.09709 -7.23227
S 0 0 0.140 1.033 0.6667 0.910 0.884 1.6667 0.820 0.734 0.6667 0.720 0.793 0.8000 0.480 0.640 1.0000 0.060 0.529 1.0000 0.850 1.101 2.0000 0.070 0.779 0.8000 0.020 0.766 0.8000 0.580 0.643 1.0000 0.620 0.475 1.0000 0.850 1.101 2.0000 0.950 0.943 2.0000 0.390 0.790 0.8000 0.190 0.787 0.8000 0.670 0.656 0.8000 0.480 0.553 0.8000 0.840 0.426 1.0000 0.920 1.099 2.0000 0.660 0.943 2.0000 0.690 1.040 1.6667 0.740 0.452 0.8000 0.470 0.900 0.8000 0.110 0.692 0.8000 0.080 0.705 0.8000 0.470 1.039 0.6667 0.760 0.736 0.8000 0.140 1.040 0.6667 0.760 0.926 0.6667 0.100 0.900 0.6667 0.700 0.820 0.8000 0.670 0.674 0.8000 0.560 0.464 1.0000 0.290 0.369 1.0000 0.400 1.019 0.5715 0.130 0.906 0.6667 0.370 0.892 0.6667 0.010 0.753 0.8000 0.510 0.592 0.8000 0.750 0.424 2.0000 0.050 0.554 1.0000 0.300 1.041 0.8000 0.340 0.915 0.8000 0.150 0.703 0.8000 0.810 0.622 2.0000 0.360 1.052 0.5715 0.880 0.866 1.6667 0.050 0.911 0.8000 0.430 0.810 0.8000 0.960 0.697 2.4000 0.550 1.063 0.8000 0.280 1.032 1.0000 0.680 0.852 1.0000 0.340 1.031 0.8000 0.430 0.995 1.0000 0.800 1.101 2.0000 0.900 0.609 2.0000 0.260 0.639 0.8000 0.900 0.761 2.0000 0.410 0.575 1.0000 0.080 1.099 0.8000 0.660 0.770 0.8000 0.350 0.678 1.0000 0.040 0.683 1.0000 0.370 0.468 1.0000 0.520 0.357 1.0000 0.540 0.834 0.8000 0.990 0.687 2.8000 0.170 0.559 1.0000 0.860 0.890 0.6667 0.560 0.756 0.6667 0.670 0.462 0.8000 0.870 1.021 1.6667 0.410 0.932 0.8000 0.000 0.890 0.8000 0.570 0.740 0.8000 0.900 0.656 2.0000 0.150 0.534 0.8000 0.120 0.526 0.8000 0.740 1.040 0.6667 1.000 1.042 2.0000 0.870 0.751 1.4286 0.460 0.786 0.5715 0.810 0.670 2.0000 0.860 0.510 2.0000 0.910 0.249 2.5000 0.970 0.922 2.4000 0.200 0.716 0.8000 0.760 0.539 0.8000 0.370 0.456 1.0000 0.790 0.738 0.6667 0.540 0.428 0.6667 0.060 0.884 0.6667 0.750 0.518 0.8000 0.670 1.100 0.8000 0.200 0.934 0.8000 0.210 0.640 0.8000 0.330 1.099 0.6667 0.320 1.082 0.8000 0.300 0.932 0.8000 0.410 0.716 0.8000 0.220 0.516 0.8000 0.820 0.894 0.6667 0.720 0.754 2.0000 0.710 0.468 0.8000 0.470 1.106 0.8000 0.080 0.906 0.6667 0.670 0.913 0.8000 0.920 0.739 2.0000 0.140 0.450 0.8000 0.890 0.298 2.0000 0.430 0.229 0.8000 0.630 0.256 1.0000 0.170 1.030 0.6667 0.430 0.750 0.6667 0.130 0.724 0.8000 0.910 0.732 2.5000 0.740 1.067 0.8000 0.080 0.888 0.8000 0.150 0.648 0.8000 0.010 0.568 1.0000 0.880 1.028 1.6667 0.590 0.612 0.6667 0.280 1.187 1.0000 0.370 0.990 1.0000 0.080 0.862 1.0000 0.690 0.505 2.5000 0.420 1.168 1.0000 0.140 0.971 1.0000 0.890 0.615 2.5000 0.270 1.040 0.6667 0.730 0.888 1.6667 0.540 0.844 0.8000 0.040 0.441 1.0000 0.800 1.052 1.6667 0.520 0.781 0.6667 0.720 0.784 0.6667 0.620 0.646 1.0000 0.370 1.023 0.6667 0.470 0.717 0.6667 0.060 0.493 0.6667 0.670 0.263 0.8000 0.610 0.833 0.6667 0.480 0.659 0.8000 0.950 0.123 1.4184 0.750 1.044 1.4286 0.130 0.601 0.6667 0.550 1.093 0.8000 0.080 1.071 0.8000 0.920 0.964 2.0000 0.560 0.794 0.8000 0.670 0.463 0.8000 0.050 1.032 0.6667 0.590 1.095 0.8000 0.520 0.965 1.0000 0.350 0.881 1.0000 0.870 0.406 2.5000 0.560 0.720 1.0000 0.630 1.038 0.6667 0.610 0.877 0.6667 0.490 1.088 0.8000 0.350 0.948 0.8000 0.310 0.789 0.8000 0.720 0.808 0.8000 0.390 0.676 0.8000 0.250 0.417 0.8000 0.240 1.020 0.6667 0.190 0.872 0.6667 0.450 0.742 0.6667 0.430 1.100 0.8000 0.080 0.940 0.8000 0.750 0.739 0.8000 0.280 0.430 1.0000 0.470 1.185 1.0000 0.360 1.025 1.0000 0.770 0.769 2.5000 0.590 0.642 1.0000 0.190 1.188 1.0000 0.080 1.040 1.0000 0.970 0.861 2.5000 0.430 0.737 1.0000 0.390 0.422 1.0000 0.190 1.028 0.6667 0.230 0.860 0.6667 0.800 0.884 1.6667 0.170 0.713 1.0000 0.450 1.094 0.8000 0.550 0.836 1.0000 0.220 0.540 1.0000 0.920 1.021 2.0000 0.320 1.039 0.6667 0.990 0.897 2.8000 0.790 0.774 1.0000 0.190 0.593 1.0000 0.230 1.097 0.8000 0.150 0.918 0.8000 0.760 0.946 0.8000 0.670 0.758 1.0000 0.240 0.505 1.0000 0.830 0.210 2.5000 0.130 1.099 0.8000 0.970 1.106 2.0000 0.050 0.976 0.8000 0.630 0.833 1.0000 0.420 0.727 1.0000 0.530 0.554 1.0000 0.030 1.040 0.6667 0.080 0.939 0.6667 0.970 0.591 2.0000 0.670 0.436 0.8000 0.810 1.025 1.6667 0.460 1.102 0.8000 0.680 0.933 0.8000 0.020 0.675 0.8000 0.750 0.654 0.8000 0.110 0.490 1.0000 0.610 0.426 1.0000 0.810 1.041 1.6667 0.210 0.884 0.6667 0.800 0.867 1.6667 0.790 0.688 0.8000 0.670 1.040 0.5715 0.840 1.103 0.8000 0.090 0.938 0.8000 0.060 0.787 1.0000 0.780 0.685 2.5000 0.890 1.091 2.0000 0.610 0.956 0.8000 0.980 0.773 2.8000 0.850 0.716 2.5000 0.240 0.562 1.0000 0.850 0.446 2.5000 0.680 1.050 0.6667 0.590 0.956 0.6667 0.540 0.549 0.8000 0.280 1.097 1.0000 0.370 0.952 1.0000 0.820 0.808 1.0000 0.920 0.719 2.5000 0.840 0.480 1.0000 0.240 0.432 1.0000 0.440 1.032 0.6667 0.410 0.902 0.6667 0.860 0.876 1.4286 0.900 0.380 1.4286 0.610 1.028 0.6667 0.690 0.900 1.6667 0.510 0.712 0.8000 0.460 0.704 0.8000 0.790 0.707 1.0000 0.740 0.464 1.0000 0.350 1.032 0.6667 0.920 0.929 3.0000 0.520 0.775 1.0000 0.860 0.669 2.5000 0.940 0.338 2.5000 0.790 1.102 0.8000 0.920 0.953 2.4000 0.920 1.041 1.6667 0.610 0.921 0.6667 0.290 0.751 0.8000 0.420 0.557 0.8000 0.580 0.509 1.0000 0.140 0.430 1.0000 0.560 1.033 0.6667 0.660 0.875 1.4286 0.370 0.935 0.5715 0.920 0.758 1.6667 0.890 0.543 1.6667 0.560 0.527 0.8000 0.970 1.038 1.6667 0.090 0.886 0.6667 0.890 0.730 1.6667 0.970 1.035 1.6667 0.700 1.024 0.6667 0.690 0.938 2.0000 0.190 0.531 1.0000 0.260 1.028 0.6667 0.780 0.894 1.6667 0.450 0.905 1.0000 0.660 0.733 2.5000 0.890 0.551 2.5000 0.910 0.533 2.5000 0.190 0.294 1.0000 0.900 1.102 2.0000 0.460 0.968 0.8000 0.420 1.100 0.8000 0.240 0.938 0.8000 0.830 0.732 2.5000 0.120 0.548 0.8000 0.340 0.327 0.8000 0.630 1.097 0.8000 0.110 0.932 0.8000 0.660 0.778 0.8000 0.510 0.642 1.0000 0.750 0.355 1.0000 0.850 1.098 2.0000 0.580 0.979 1.0000 0.980 0.697 3.5000 0.620 0.632 1.0000 0.250 0.336 1.0000 0.780 1.029 1.2500 0.650 0.887 0.6667 0.540 0.884 0.5715 0.630 0.750 0.8000 0.380 0.672 0.8000 0.080 0.576 0.6667 0.020 0.447 0.7805 0.170 0.000 1.0848 0.130 1.046 0.6667 0.410 0.873 0.6667 0.070 0.930 0.6667 0.670 0.762 0.8000 0.370 0.609 0.8000 0.560 0.538 0.8000 0.050 1.101 0.8000 0.540 0.922 0.8000 0.120 0.975 0.8000 0.600 0.806 0.8000 0.150 0.716 1.0000 0.560 0.493 1.0000 0.610 0.408 1.0000 0.450 1.041 0.5715 0.430 1.039 0.6667 0.490 0.894 0.6667 0.550 0.890 0.6667 0.090 0.623 0.6667 0.100 0.626 0.6667 0.990 1.101 2.3334 0.520 1.101 0.8000 0.650 0.911 0.8000 0.910 0.709 2.0000 0.260 0.378 0.6667 0.960 1.038 2.4000 0.390 0.898 0.8000 0.950 0.746 2.0000 0.580 0.445 0.8000 0.200 0.306 1.0000 0.210 1.039 0.6667 0.170 0.894 0.8000 0.910 1.101 1.6667 0.940 1.103 1.6667 0.650 0.958 0.8000 0.320 0.734 1.0000 0.430 0.598 1.0000 0.000 0.563 1.0000 0.360 0.346 1.0000 0.600 1.002 2.0000 0.860 1.187 1.0000 0.630 1.017 1.0000 0.380 0.846 1.0000 0.130 0.706 1.0000 0.670 0.392 1.0000 0.530 0.343 1.0000 0.520 1.043 0.5715 0.620 0.523 0.8000 0.280 1.036 0.6667 0.540 0.891 0.6667 0.700 0.746 0.6667 0.090 0.731 0.6667 0.280 0.452 1.0000 0.810 0.500 2.5000 0.720 0.477 1.0000 0.190 0.863 0.6667 0.980 0.755 2.3334 0.820 0.647 0.8000 0.550 1.099 0.5715 0.710 0.939 0.6667 1.000 0.913 2.8000 0.970 1.102 2.5000 0.190 0.577 1.0000 0.150 0.462 1.0000 0.600 0.598 2.5000 0.250 1.031 0.8000 0.110 0.885 0.8000 0.670 0.729 0.6667 0.360 0.767 0.8000 0.810 0.653 2.0000 0.020 0.462 1.0000 1.000 0.458 3.5000 0.010 0.256 0.8000 0.340 1.186 1.0000 0.860 1.002 2.5000 0.320 0.867 1.0000 0.090 0.708 1.0000 0.340 0.463 1.0000 0.740 1.040 0.6667 0.380 1.068 0.6667 0.280 0.903 0.6667 0.770 0.763 1.4286 0.210 0.732 0.8000 0.650 0.338 0.8000 0.180 0.289 1.0000 0.010 1.102 0.6667 0.120 0.938 0.6667 0.770 0.944 2.0000 0.390 0.811 1.0000 0.900 0.000 2.5974 0.530 1.101 0.8000 0.670 0.954 0.8000
W 1 0 -0.81067 0.52647 -1.21148 0.80967 0.43418 2.63928 0.00000 -0.81067 0.00000 0.00000 -0.81067 0.00000 -1.32617 -0.34730 -0.62572 -1.14498 -0.47015 1.33725
W 1 1 0.00000 0.00000 0.00000 0.00000 0.00000 0.00000 0.00000 0.00000 0.00000 0.00000 0.00000 0.00000 0.00000 0.00000 0.00000 0.00000 0.00000 0.00000
W 1 2 1.32434 -0.53722 0.93979 1.80794 -0.41880 -2.32754 0.00000 1.32434 0.00000 0.00000 1.32434 0.00000 1.16207 0.50719 0.51965 0.94898 0.39917 -1.43486
W 1 3 -0.51367 0.01075 0.27169 -2.61761 -0.01538 -0.31175 0.00000 -0.51367 0.00000 0.00000 -0.51367 0.00000 0.16410 -0.15989 0.10607 0.19600 0.07097 0.09762
S 1 0 0.120 0.760 0.8000 0.620 0.773 0.8000 0.760 0.547 1.0000 0.490 0.521 0.8000 0.110 1.099 0.8000 0.780 0.942 2.0000 0.110 0.926 0.8000 0.030 0.876 0.8000 0.100 0.870 0.8000 0.520 0.878 0.6667 0.680 0.888 0.8000 0.530 0.696 0.8000 0.350 0.834 0.6667 0.520 0.712 0.8000 0.920 0.871 2.0000 0.310 0.881 0.8000 0.580 0.804 0.8000 0.480 0.536 1.0000 0.260 1.045 0.6667 0.800 1.045 1.6667 0.600 0.947 2.0000 0.490 1.043 0.6667 0.720 0.862 0.8000 0.420 0.922 0.8000 0.050 0.707 0.8000 0.850 0.400 2.5000 0.290 0.910 0.8000 0.410 0.676 0.8000 0.080 0.535 0.8000 0.720 0.725 1.0000 0.490 0.420 1.0000 0.290 0.450 1.0000 0.680 0.937 0.8000 0.960 0.776 2.4000 0.850 0.938 2.0000 0.070 0.695 1.0000 0.800 0.724 2.0000 0.840 0.685 0.6667 0.470 1.097 0.8000 0.610 1.020 1.0000 0.040 0.674 1.0000 0.490 0.837 1.0000 0.520 0.722 1.0000 0.370 0.892 0.6667 0.490 0.881 0.6667 0.370 1.021 0.8000 0.870 0.555 2.5000 0.270 1.105 0.8000 0.450 0.900 0.8000 0.300 0.717 1.0000 0.000 0.484 1.0000 0.580 0.765 0.8000 0.900 1.040 1.6667 0.360 0.863 0.6667 0.620 1.100 0.8000 0.470 1.101 0.8000 0.290 0.712 1.0000 0.910 0.577 2.5000 0.370 0.446 1.0000 0.550 0.411 1.0000 0.500 1.039 0.6667 0.950 1.034 1.6667 0.620 0.894 0.6667 0.140 0.875 0.6667 0.030 0.991 0.6667 0.940 0.727 2.5000 0.720 1.101 0.8000 0.720 1.102 0.8000 0.460 0.935 0.8000 0.830 0.919 1.6667 0.300 0.930 0.6667 0.980 0.667 3.5000 0.720 1.038 1.6667 0.470 1.034 0.6667 0.200 0.581 0.8000 0.980 0.876 3.5000 0.040 0.740 1.0000 0.840 0.726 1.0000 0.850 0.567 2.5000 0.450 0.468 1.0000 0.710 0.513 1.0000 0.960 0.402 3.0000 0.110 0.935 0.8000 0.770 0.625 2.5000 0.920 1.043 1.4286 0.800 1.032 1.4286 0.900 0.878 1.4286 0.270 0.728 0.6667 0.560 0.773 0.6667 0.920 0.646 2.0000 0.330 0.646 0.6667 0.740 0.479 0.6667 0.550 0.473 0.6667 0.370 1.039 0.6667 0.880 1.023 1.6667 0.940 0.889 1.4286 0.590 0.784 0.8000 0.530 1.102 2.0000 0.950 1.092 2.0000 0.250 1.088 0.8000 0.990 0.946 2.8000 0.670 0.901 0.8000 0.680 0.880 0.8000 0.250 0.701 0.8000 0.850 0.754 2.0000 0.950 0.697 2.0000 0.410 1.044 0.6667 0.020 1.031 0.6667 0.810 0.590 1.4286 0.950 0.767 1.6667 0.200 0.876 0.8000 0.770 0.727 0.8000 0.230 0.576 0.6667 0.450 1.102 0.8000 0.630 0.927 0.8000 0.490 0.955 1.0000 0.170 0.795 1.0000 0.550 0.755 1.0000 0.560 0.730 1.0000 0.890 0.611 2.5000 0.390 0.630 1.0000 0.430 0.663 1.0000 0.250 0.554 1.0000 0.600 1.190 2.5000 0.970 1.190 3.0000 0.180 1.184 1.0000 0.990 1.186 3.5000 0.430 1.015 1.0000 0.140 0.850 1.0000 0.600 0.850 2.5000 0.650 0.697 1.0000 0.420 0.726 1.0000 0.930 0.714 2.5000 0.090 0.882 0.6667 0.970 0.955 1.6667 0.820 1.101 1.0000 0.450 1.103 1.0000 0.390 1.101 1.0000 0.560 0.967 1.0000 0.800 0.962 2.5000 0.170 0.612 1.0000 0.150 0.644 1.0000 0.330 0.591 1.0000 0.850 0.611 2.5000 0.130 1.030 0.6667 0.980 0.889 2.3333 0.300 0.874 0.6667 0.020 0.767 0.6667 0.610 0.780 0.8000 0.160 0.761 0.6667 0.140 0.674 0.6667 0.420 0.419 0.8000 0.810 1.185 2.5000 0.750 1.024 2.5000 0.220 0.868 1.0000 0.600 0.860 2.5000 0.940 0.727 2.5000 0.390 0.712 1.0000 0.960 0.916 1.7143 0.780 0.906 1.6667 0.990 0.693 2.3333 0.830 0.747 1.2500 0.190 0.610 0.8000 0.970 0.446 2.5000 0.180 0.787 1.0000 0.990 0.816 3.5000 0.270 0.778 1.0000 0.080 0.699 1.0000 0.400 1.088 0.8000
W 2 0 1.34566 -2.56056 -1.56856 1.74097 -1.20145 0.87521 0.48953 -0.52640 3.90126 1.58747 0.13941 -2.07153 -1.78713 -2.33733 0.50568 -4.10037 -1.69957 0.44325
W 2 1 2.07719 1.10746 -4.12478 2.11952 -0.52062 -0.84724 -0.31341 -0.00705 -2.77461 2.08494 0.75519 3.74562 -0.19651 -0.01993 -0.17391 -0.22171 0.10730 0.52141
W 2 2 -2.78789 1.31225 4.08565 0.23438 0.35964 0.06669 0.22764 -0.25610 -0.42840 -3.39453 -0.40692 -1.39905 1.12385 2.02765 -0.11384 2.71357 1.20695 0.95961
W 2 3 -0.63496 0.14085 1.60769 -4.09487 1.36243 -0.09466 -0.40376 0.78955 -0.69825 -0.27788 -0.48769 -0.27504 0.85979 0.32962 -0.21794 1.60851 0.38532 -1.92427
S 2 0 0.980 1.040 0.9334 0.770 1.033 0.6666 0.920 0.690 0.7143 0.980 1.102 1.0000 0.770 0.938 0.7142 0.870 0.932 0.7142 0.990 0.676 1.0769 0.870 0.505 1.0000 0.910 0.658 0.6875 0.980 0.871 1.2727 0.890 0.877 0.8333 0.860 0.776 0.8333 0.870 0.773 0.9091 0.830 0.757 0.8333 0.940 0.325 0.7762 0.780 0.706 0.5555 0.530 1.040 0.6666 0.750 0.934 1.1111 0.950 0.666 0.7142 0.910 0.803 0.6666 0.770 1.025 0.6666 0.950 1.024 1.1111 0.940 1.027 1.0000 0.950 1.017 1.0000 0.950 0.876 1.0000 0.700 1.003 0.5000 0.870 0.992 0.8333 0.900 0.850 1.2500 0.070 0.622 0.5000 0.970 0.868 0.9231 0.930 0.870 0.6666 0.920 0.862 1.0000 0.890 0.770 0.9091 0.770 0.549 1.0000 0.900 0.527 1.0000 0.950 0.513 0.8000 1.000 1.016 0.8000 0.900 0.902 0.6250 0.910 0.932 0.6666 0.770 0.642 0.6666 0.660 0.754 1.0000 0.830 0.750 0.7692 0.940 0.908 0.7143 0.910 0.476 0.9091 0.660 1.102 0.6875 0.990 0.471 1.2727 0.950 0.752 0.6666 0.730 0.794 0.6842 0.780 0.620 0.5173 0.870 1.103 0.8928 0.970 0.768 1.0909 0.970 0.559 1.1111 0.890 0.476 0.9091 0.660 0.920 0.6666 0.900 1.037 0.7692 0.960 1.095 0.6875 0.770 0.733 1.1111 0.660 0.626 1.1111 0.940 0.176 1.1111 0.860 0.890 0.7692 0.600 0.383 0.7942 0.810 1.063 0.6666 0.830 0.910 0.7692 0.960 0.728 0.4615 0.720 0.612 1.0000 0.830 0.712 1.0000 0.750 0.536 1.0000 0.750 1.016 0.6818 0.770 0.851 0.6842 0.950 1.188 0.8000 0.530 0.997 0.8000 0.600 1.010 0.8000 0.970 0.978 0.8000 0.970 0.866 1.2500 0.800 1.185 0.8000 0.870 0.974 0.8000 0.690 0.708 0.8000 0.660 1.029 0.7143 0.930 0.873 0.4800 1.000 0.735 1.0769 0.960 0.804 0.8333 0.900 0.700 1.2500 0.240 0.724 0.5000 0.830 0.646 1.2500 0.730 0.841 0.7692 0.870 0.801 0.6842 0.920 0.469 1.0000 0.890 0.778 0.6842 0.940 0.540 1.0000 0.980 1.028 0.8065 0.930 0.916 0.5882 0.890 1.102 0.6666 0.980 0.918 0.6667 0.970 1.075 0.7692 0.690 0.875 1.0000 0.770 0.851 1.0000 0.860 1.031 0.7692 0.860 1.102 0.7692 0.800 1.097 0.7692 0.870 0.652 0.7692 0.720 1.040 0.7692 0.870 0.858 0.7143 0.810 0.920 0.7692 0.800 0.775 0.7142 0.810 0.676 1.0000 0.890 0.843 1.0000 0.780 0.847 1.0000 0.730 1.023 0.7143 0.900 0.757 1.0000 0.910 1.083 0.7142 0.930 1.040 0.6666 0.850 0.889 1.0000 0.780 0.902 1.0000 0.850 0.942 0.9091 1.000 0.639 1.4000 0.980 0.949 1.0769 0.730 1.098 0.9091 0.870 1.035 0.4800 0.600 0.904 0.6842 0.800 0.931 0.7692 0.830 1.090 0.8928 0.900 0.925 0.6666 0.730 0.608 1.0000 0.850 0.684 0.7143 0.850 1.102 0.7142 0.970 0.949 0.7142 0.900 0.749 1.0000 0.600 0.858 1.0000 0.940 1.098 0.7142 0.880 0.799 0.8333 0.950 0.993 0.6666 0.980 0.873 1.0000 0.770 0.966 0.7142 0.730 0.599 0.7142 0.660 0.775 0.7692 0.770 0.681 1.0000 0.960 1.035 0.7692 0.970 1.032 0.7693 0.770 1.031 0.9091 0.990 0.349 0.8000 0.830 0.747 0.7692 0.950 0.686 0.7692 0.870 0.575 0.7692 0.980 0.777 0.7368 0.890 0.730 0.4286 0.660 1.029 0.7143 0.900 1.016 0.6666 0.920 0.849 0.7692 0.900 0.786 1.0000 0.970 0.801 1.0000 0.900 0.753 0.8000 0.430 0.478 0.5000 0.460 0.480 0.5000 0.430 0.411 0.5000 0.870 0.968 0.7142 0.690 0.796 0.7142 0.660 0.930 0.8000 0.810 0.882 0.8333 0.900 0.848 0.8000 0.900 1.092 0.4286 0.900 0.958 0.7142 0.690 0.932 0.7142 0.950 0.701 0.7692 0.970 1.101 0.8571 0.530 0.327 0.7368 0.900 0.600 1.0000 0.830 0.675 1.0000 0.940 0.838 0.8333 0.690 0.584 1.2500 0.940 0.534 1.2500 0.950 0.538 1.2500 0.900 1.040 0.5882 0.940 1.038 0.6666 0.920 1.043 0.6666 0.980 0.899 0.9333 0.830 0.736 0.6316 0.980 1.085 1.5555 0.970 0.930 1.0000 0.890 0.721 1.1111 0.870 0.440 0.6666 0.970 1.035 1.0000 0.920 1.038 0.8571 0.890 0.859 0.7692 1.000 0.785 1.0769 0.800 0.586 0.7778 0.950 1.012 1.0000 0.860 1.019 1.0000 0.900 0.871 1.0000 0.770 0.374 0.8212 0.990 0.895 1.2727 0.690 1.040 0.8333 0.690 0.615 0.6666 0.940 0.897 0.6666 0.870 0.667 0.7143 0.900 0.676 1.0000 0.770 0.262 0.7477 0.780 0.945 0.6666 0.900 0.957 0.6250 0.750 0.508 0.4698 0.530 1.189 1.0000 0.900 0.738 1.0000 0.930 1.093 0.9091 0.850 0.781 1.0000
W 3 0 -0.22568 -0.93710 -1.20427 0.43494 -0.52171 0.64839 -0.21239 0.59801 1.36817 0.01843 -0.48876 -0.22524 -1.19841 -0.44546 -0.25660 -1.72495 -0.29443 -0.58529
W 3 1 0.22568 0.93710 1.20427 -0.43494 0.52171 -0.64839 0.21239 -0.59801 -1.36817 -0.01843 0.48876 0.22524 1.19841 0.44546 0.25660 1.72495 0.29443 0.58529
W 3 2 0.00000 0.00000 0.00000 0.00000 0.00000 0.00000 0.00000 0.00000 0.00000 0.00000 0.00000 0.00000 0.00000 0.00000 0.00000 0.00000 0.00000 0.00000
W 3 3 0.00000 0.00000 0.00000 0.00000 0.00000 0.00000 0.00000 0.00000 0.00000 0.00000 0.00000 0.00000 0.00000 0.00000 0.00000 0.00000 0.00000 0.00000
W 4 0 2.67147 5.25605 -11.30189 1.15814 -0.13050 -0.13867 0.45690 -0.22110 0.00000 -0.76087 -2.95855 0.00000 2.24083 -0.47005 -1.51061 -4.18559 -0.02213 0.79845
W 4 1 0.00000 0.00000 0.00000 0.00000 0.00000 0.00000 0.00000 0.00000 0.00000 0.00000 0.00000 0.00000 0.00000 0.00000 0.00000 0.00000 0.00000 0.00000
W 4 2 0.68949 -6.15922 6.92145 2.02290 -0.70249 -0.12169 0.19206 -0.08810 0.00000 -0.15746 0.55601 0.00000 -0.89601 0.37859 0.85721 0.88045 0.04164 0.20593
W 4 3 -3.36096 0.90318 4.38044 -3.18105 0.83299 0.26035 -0.64896 0.30919 0.00000 0.91834 2.40254 0.00000 -1.34482 0.09146 0.65339 3.30514 -0.01950 -1.00438
S 4 0 0.741 1.040 1.0000 0.771 1.033 1.0000 0.822 0.712 1.0000 0.326 0.666 0.5000 0.945 0.954 1.0000 0.963 0.954 1.0000 0.057 0.922 0.1538 0.786 0.905 1.0000 0.839 0.905 1.0000 0.903 0.489 1.0000 0.471 1.104 0.1818 0.357 0.940 0.5000 0.682 0.772 1.0000 0.340 0.569 0.2000 0.504 1.099 0.4909 0.934 1.101 1.0000 0.973 1.101 1.0000 0.792 1.099 1.0000 0.884 0.865 1.0000 0.831 0.875 1.0000 0.336 0.757 0.1818 0.281 0.876 0.5000 0.840 0.864 1.0000 0.004 0.854 0.1818 0.636 0.878 1.0000 0.108 0.900 0.1667 0.314 0.888 0.1538 0.798 0.696 1.0000 0.797 0.725 1.0000 0.767 0.708 1.0000 0.896 0.731 1.0000 0.787 0.759 1.0000 0.306 0.650 0.5000 0.542 0.464 0.5000 0.873 0.892 1.0000 0.757 0.649 1.0000 0.295 0.600 0.5000 0.868 0.753 1.0000 0.886 0.753 1.0000 0.320 0.584 0.1538 0.146 1.028 0.1818 0.436 0.827 0.5000 0.825 0.661 1.0000 0.435 1.040 0.4933 0.266 1.040 0.4966 0.017 1.043 0.1429 0.126 0.887 0.1538 0.973 0.803 1.0000 0.749 0.680 1.0000 0.098 0.341 0.1818 0.811 1.102 1.0000 0.403 1.086 0.4902 0.231 1.086 0.4983 0.896 1.063 1.0000 0.879 0.876 1.0000 0.877 0.876 1.0000 0.426 0.622 0.5000 0.993 1.102 1.0000 0.858 1.078 1.0000 0.988 1.078 1.0000 0.993 1.078 1.0000 0.089 0.880 0.1818 0.852 0.868 1.0000 0.768 0.634 1.0000 0.146 0.477 0.1818 0.750 0.370 1.0000 0.847 0.674 1.0000 0.932 0.717 1.0000 0.870 1.016 1.0000 0.223 0.807 0.1667 0.818 0.992 1.0000 0.866 0.750 1.0000 0.893 0.883 1.0000 0.102 0.626 0.1818 0.317 1.094 0.5000 0.682 0.768 0.5000 0.743 1.074 1.0000 0.808 0.920 1.0000 0.787 0.716 1.0000 0.650 0.636 1.0000 0.836 1.095 1.0000 0.870 1.072 1.0000 0.470 1.109 0.4889 0.758 0.929 1.0000 0.330 0.922 0.4933 0.934 0.754 1.0000 0.695 0.626 1.0000 0.266 0.795 0.5000 0.752 0.739 1.0000 0.800 0.536 1.0000 0.834 0.532 1.0000 0.823 0.712 1.0000 0.847 0.873 1.0000 0.834 0.872 1.0000 0.641 0.777 0.5000 0.610 0.775 0.5000 0.780 0.548 1.0000 0.691 0.629 1.0000 0.477 0.390 0.2000 0.822 1.039 1.0000 0.956 0.922 1.0000 0.850 0.916 1.0000 0.742 0.918 1.0000 0.934 0.744 1.0000 0.902 0.451 1.0000 0.110 1.081 0.1333 0.993 0.942 1.0000 0.627 0.972 0.5000 0.564 0.972 0.5000 0.948 0.851 1.0000 0.023 1.030 0.1667 0.805 1.024 1.0000 0.714 0.877 1.0000 0.728 1.094 0.4909 0.662 1.088 1.0000 0.860 0.922 1.0000 0.355 0.948 0.5000 0.512 0.948 1.0000 0.942 0.789 1.0000 0.468 0.813 0.5000 0.793 0.652 1.0000 0.543 0.877 0.5000 0.315 0.735 0.1667 0.108 0.931 0.1333 0.461 0.915 0.5000 0.937 0.720 1.0000 0.810 0.676 1.0000 0.217 1.190 0.2000 0.338 1.185 0.2000 0.433 1.029 0.2000 0.102 0.850 0.2000 0.837 0.860 1.0000 0.582 0.612 0.5000 0.108 1.188 0.2000 0.242 1.188 0.2000 0.887 1.035 1.0000 0.772 0.837 1.0000 0.710 1.040 1.0000 0.823 1.000 1.0000 0.804 1.000 1.0000 0.884 0.860 1.0000 0.407 0.882 0.5000 0.752 0.696 1.0000 0.257 0.696 0.5000 0.249 0.740 0.5000 0.490 0.819 0.5000 0.077 1.015 0.1818 0.846 1.015 1.0000 0.781 1.010 1.0000 0.791 0.861 1.0000 0.825 0.861 1.0000 0.251 0.774 0.2000 0.187 0.639 0.2000 0.228 1.097 0.1818 0.242 0.934 0.1667 0.807 0.946 1.0000 0.713 0.786 0.5000 0.848 0.770 1.0000 0.821 0.555 1.0000 0.921 1.087 1.0000 0.632 0.900 1.0000 0.894 0.729 1.0000 0.870 0.851 1.0000 0.557 0.904 0.5000 0.795 1.028 1.0000 0.349 0.880 0.5000 0.518 1.039 0.1667 0.815 1.041 1.0000 0.447 0.996 0.4960 0.913 0.858 1.0000 0.927 0.832 1.0000 0.033 0.863 0.1429 0.805 0.654 1.0000 0.823 0.755 1.0000 0.615 0.733 0.5000 0.975 0.733 1.0000 0.207 1.039 0.5000 0.776 1.102 1.0000 0.023 0.772 0.2000 0.830 0.772 1.0000 0.936 0.772 1.0000 0.362 0.847 0.2000 0.585 0.858 0.5000 0.519 1.093 0.4957 0.756 1.106 1.0000 0.441 0.956 0.1818 0.760 0.949 1.0000 0.776 0.770 1.0000 0.919 0.913 1.0000 0.938 0.913 1.0000 0.036 1.102 0.1667 0.548 1.189 0.5000 0.323 1.039 0.1538 0.943 1.032 1.0000 0.603 1.039 0.5000 0.453 1.040 0.1667 0.331 0.902 0.1667 0.663 0.894 1.0000 0.439 0.864 0.1667 0.332 0.865 0.1667 0.146 0.735 0.2500 0.843 0.766 1.0000 0.780 0.995 1.0000 0.837 1.050 1.0000 0.709 0.900 1.0000 0.890 0.900 1.0000 0.371 0.829 0.5000 0.959 0.905 1.0000 0.849 0.775 0.5000 0.321 0.735 0.5000 0.990 1.040 1.0000 0.934 1.037 1.0000 0.435 1.102 0.1818 0.795 0.935 1.0000 0.759 1.041 1.0000 0.841 0.661 1.0000 0.318 0.829 0.5000 0.666 0.919 0.5000 0.510 0.919 0.5000 0.281 0.572 0.2000 0.759 1.033 1.0000 0.676 0.883 1.0000 0.944 0.858 1.0000 0.915 1.035 1.0000 0.448 1.029 0.5000 0.949 1.036 1.0000 0.812 0.581 1.0000 0.842 0.581 1.0000 0.356 0.523 0.2000 0.199 0.468 0.1667 0.084 0.480 0.1667 0.818 1.101 1.0000 0.812 1.101 1.0000 0.792 1.074 1.0000 0.102 0.839 0.1818 0.383 0.827 0.5000 0.886 0.968 1.0000 0.872 0.748 1.0000 0.809 0.848 1.0000 0.929 1.092 1.0000 0.708 0.958 1.0000 0.264 0.935 0.5000 0.952 0.932 1.0000 0.903 0.642 1.0000 0.236 1.097 0.1538 0.782 1.101 1.0000 0.840 1.101 1.0000 0.168 0.964 0.5000 0.158 0.970 0.2000 0.316 0.850 0.2000 0.642 0.839 0.5000 0.832 0.839 0.5000 0.812 1.029 1.0000 0.950 1.043 1.0000 0.948 1.043 1.0000 0.100 1.034 0.1667 0.527 1.026 0.5000 0.413 1.014 0.5000 0.706 0.878 0.5000 0.417 0.825 0.1667 0.356 0.846 0.1250 0.336 0.766 0.1667 0.263 0.750 0.1818 0.908 0.672 1.0000 0.037 0.672 0.1818 0.239 0.357 0.1429 0.389 0.566 0.5000 0.810 0.576 1.0000 0.465 0.364 0.1429 0.427 0.453 0.5000 0.102 0.447 0.1798 0.118 1.039 0.1429 0.578 1.033 0.4923 0.715 1.011 1.0000 0.356 0.855 0.1667 0.746 0.581 1.0000 0.710 1.102 0.4960 0.847 1.092 1.0000 0.787 1.087 1.0000 0.840 0.946 1.0000 0.751 0.922 1.0000 0.804 0.901 1.0000 0.352 0.726 0.5000 0.162 0.701 0.1538 0.948 0.754 1.0000 0.188 0.682 0.2000 0.965 0.493 1.0000 0.863 1.038 1.0000 0.203 1.040 0.1667 0.126 1.034 0.1538 0.763 0.856 1.0000 0.330 0.774 0.5000 0.665 0.794 0.5000 0.338 1.018 0.1667 0.365 0.867 0.5000 0.154 0.662 0.1250 0.823 0.394 1.0000 0.748 1.089 1.0000 0.902 1.084 1.0000 0.477 1.097 0.1818 0.366 0.924 0.5000 0.798 0.598 1.0000 0.441 0.331 0.1818 0.477 1.040 0.1667 0.757 1.032 1.0000 0.943 0.883 1.0000 0.917 0.727 1.0000 0.453 0.552 0.2000 0.909 0.374 1.0000 0.337 0.242 0.2000 0.853 1.039 1.0000 0.170 1.047 0.1667 0.057 0.854 0.1818 0.805 0.900 1.0000 0.848 0.841 1.0000 0.895 0.785 1.0000 0.495 1.102 0.4923 0.039 1.092 0.1818 0.776 1.101 1.0000 0.664 0.963 1.0000 0.755 0.755 1.0000 0.257 0.630 0.1667 0.508 1.185 0.2000 0.682 1.019 0.5000 0.440 0.854 0.5000 0.808 0.706 1.0000 0.510 0.722 0.5000 0.356 0.722 0.5000 0.557 0.717 0.5000 0.430 0.673 0.5000 0.258 0.673 0.5000 0.929 0.673 1.0000 0.102 0.524 0.2000 0.322 0.543 0.5000 0.806 1.028 1.0000 0.797 0.852 1.0000 0.807 1.040 1.0000 0.251 1.038 0.1250 0.915 1.033 1.0000 0.998 1.033 1.0000 0.162 1.035 0.1429 0.766 1.017 1.0000 0.981 0.891 1.0000 0.891 0.894 1.0000 0.102 0.885 0.1250 0.464 0.812 0.5000 0.869 0.905 1.0000 0.822 0.766 1.0000 0.162 0.452 0.2000 0.798 0.667 1.0000 0.782 0.647 1.0000 0.835 1.040 1.0000 0.882 1.040 1.0000 0.789 1.040 1.0000 0.461 0.933 0.1538 0.870 1.094 1.0000 0.801 0.819 1.0000 0.017 1.099 0.2000 0.816 0.956 1.0000 0.814 0.956 1.0000 0.751 0.956 1.0000 0.057 0.612 0.1667 0.607 0.518 0.5000 0.297 1.029 0.1538 0.984 1.041 1.0000 0.303 1.045 0.1667 0.168 0.754 0.1818 0.662 0.710 1.0000 0.895 0.486 1.0000 0.929 0.344 1.0000 0.228 1.189 0.2000 0.057 1.187 0.2000 0.883 1.185 1.0000 0.550 0.860 0.5000 0.897 0.860 1.0000 0.821 0.735 1.0000 0.351 0.704 0.5000 0.109 0.557 0.1667 0.396 0.416 1.0000 0.023 1.102 0.1667 0.762 1.097 0.4957 0.653 1.097 0.4978 0.907 1.097 1.0000 0.420 1.103 0.4933 0.964 1.099 1.0000 0.297 1.091 0.1667 0.395 0.938 0.5000 0.273 0.931 0.5000 0.979 0.931 1.0000 0.857 0.931 1.0000 0.465 0.894 0.3333 0.858 0.919 1.0000 0.401 0.944 0.5000 0.100 0.928 0.3333 0.820 0.781 1.0000 0.102 0.778 0.1667 0.958 0.735 1.0000 0.950 0.735 1.0000 0.067 1.102 0.1818 0.805 1.088 1.0000
W 5 0 1.37853 -1.57598 -2.31311 0.86512 0.74879 0.21990 0.05434 -0.99244 8.20674 -0.40450 -0.28272 -4.77327 0.91366 -0.97105 -1.71521 -2.55549 0.40987 -0.05816
W 5 1 5.39554 1.90234 -5.66827 1.26663 -1.61805 -0.07939 0.45138 -0.93341 -8.01469 -0.81326 0.18226 -1.82856 1.16901 0.10843 -1.22671 -2.79160 0.42492 -0.71525
W 5 2 -3.43664 -0.85517 4.89348 -0.40823 -0.04955 0.33102 -0.26596 1.31018 -0.25125 0.70319 -0.49086 4.27110 -1.46471 0.72727 2.19155 3.21066 -0.12317 0.38176
W 5 3 -3.33743 0.52881 3.08790 -1.72352 0.91880 -0.47153 -0.23975 0.61566 0.05920 0.51457 0.59132 2.33074 -0.61796 0.13535 0.75037 2.13642 -0.71162 0.39165
S 5 0 0.203 0.870 0.4523 0.825 0.887 0.9260 0.848 0.544 0.8666 0.987 0.827 0.7458 0.938 0.860 0.6666 0.780 1.101 0.9555 0.896 1.063 0.8000 0.719 1.018 0.8000 0.426 0.622 0.4167 0.545 1.023 0.4352 0.946 0.834 0.9200 0.807 1.040 0.9285 0.771 1.033 0.9131 0.413 0.579 0.4474 0.843 1.096 0.7489 0.853 0.875 0.7500 0.354 0.762 0.4500 0.910 0.888 0.7500 0.416 0.918 0.4825 0.863 0.798 0.9131 0.907 0.811 0.7500 0.368 0.571 0.5000 0.489 0.571 0.4160 0.907 1.039 0.7500 0.982 0.836 0.9575 0.918 1.112 0.7500 0.723 1.040 0.7496 0.651 0.967 0.4679 0.352 0.781 0.5000 0.913 0.790 0.6666 0.707 0.728 0.9473 0.718 0.355 0.7558 0.823 0.712 0.7500 0.728 1.168 0.7500 0.668 0.822 0.9285 0.468 1.029 0.5014 0.525 0.759 0.5000 0.748 0.833 0.8750 0.866 0.756 0.9428 0.834 0.662 0.7500 0.867 1.044 0.7490 0.800 0.898 0.7500 0.441 1.071 0.5926 0.477 0.781 0.5000 0.897 1.083 0.6666 0.750 0.995 0.7381 0.818 0.875 0.7272 0.801 0.877 0.7272 0.262 0.922 0.5238 0.795 0.685 0.7143 0.666 0.814 0.7272 0.919 0.857 0.7272 0.780 0.851 0.7381 0.839 0.692 0.7272 0.807 0.678 0.7381 0.357 0.696 0.5238 0.991 1.030 0.7500 0.795 0.902 0.7500 0.848 0.910 0.7381 0.903 1.087 0.7392 0.921 0.729 0.7272 0.633 1.006 0.5006 0.863 1.025 0.7496 0.514 0.880 0.5454 0.868 1.095 0.7484 0.715 0.620 0.7381 0.831 0.700 0.6666 0.376 1.039 0.4348 0.744 1.090 0.7392 0.777 0.949 0.7386 0.399 0.882 0.5222 0.866 0.516 0.8889 0.825 1.050 0.9572 0.606 0.567 0.5454 0.922 1.099 0.7272 0.548 1.189 0.6154 0.548 1.189 0.6154 0.825 0.995 0.7381 0.954 0.829 0.7272 0.435 0.905 0.5238 0.743 0.949 0.7272 0.812 1.041 0.7272 0.712 1.040 0.5010 0.828 1.001 0.7495 0.512 1.029 0.5454 0.859 1.029 0.7002 0.507 1.007 0.4375 0.826 0.849 0.7500 0.826 0.900 0.7500 0.387 1.074 0.5454 0.257 1.074 0.5218 0.452 0.827 0.5454 0.834 1.089 0.7500 0.777 1.095 0.7500 0.777 1.095 0.7500 0.465 0.935 0.5220 0.908 0.762 0.7272 0.642 0.839 0.6000 0.845 0.857 0.7143 0.872 0.857 0.8823 0.919 0.833 0.7272 0.928 0.833 0.7275 0.790 0.762 0.8666 0.694 0.927 0.4167 0.532 0.927 0.4158 0.837 1.029 0.7500 0.851 1.038 0.7272 0.858 1.038 0.7277 0.897 0.609 0.7500 0.665 0.794 0.4167 0.665 0.794 0.4375 0.813 0.911 0.9091 0.762 0.721 0.9047 0.829 1.035 0.7272 0.781 0.891 0.7272 0.803 0.891 0.7275 0.784 0.972 0.7500 0.953 1.189 0.7272 1.000 1.189 0.7273 0.516 0.880 0.4474 0.713 0.550 0.7500 0.753 1.039 0.7272 0.718 1.039 0.7277 0.652 1.188 0.5454 0.652 1.188 0.6222 0.790 0.465 0.7272 0.826 0.477 0.7272 0.699 0.868 0.4566 0.717 0.676 0.7500 0.875 0.913 0.7234 0.613 1.102 0.5454 0.802 1.021 0.8095 0.846 1.021 0.9608 0.855 1.002 0.7500 0.798 1.038 0.7898 0.820 1.038 0.8041 0.807 0.693 0.7961 0.683 0.651 0.8666 0.638 0.553 0.9158 0.849 0.931 0.7272 0.870 0.811 0.7272 0.647 0.954 0.5454 0.466 0.954 0.5450
W 6 0 1.57798 -0.15198 -1.03324 -0.21219 0.19612 0.51892 -0.08956 -0.22934 0.41699 -0.27096 -0.22745 -0.38771 0.13415 -0.31788 -0.82567 -0.98239 -0.01987 -0.55416
W 6 1 -1.57798 0.15198 1.03324 0.21219 -0.19612 -0.51892 0.08956 0.22934 -0.41699 0.27096 0.22745 0.38771 -0.13415 0.31788 0.82567 0.98239 0.01987 0.55416
W 6 2 0.00000 0.00000 0.00000 0.00000 0.00000 0.00000 0.00000 0.00000 0.00000 0.00000 0.00000 0.00000 0.00000 0.00000 0.00000 0.00000 0.00000 0.00000
W 6 3 0.00000 0.00000 0.00000 0.00000 0.00000 0.00000 0.00000 0.00000 0.00000 0.00000 0.00000 0.00000 0.00000 0.00000 0.00000 0.00000 0.00000 0.00000
P gpoussel_ 0.0045
W 0 0 2.49957 -3.86932 -1.00448 -0.84091 -3.08866 4.20627 -1.81688 -0.62879 -1.00693 0.00000 -0.12461 -2.29194 -1.71591 -0.33073 -0.34178 -1.08050 -1.04548 1.78268
W 0 1 2.66230 5.62780 -1.78725 2.21728 1.26370 0.40331 1.67723 0.20264 0.85021 0.00000 0.27667 1.21698 -2.03144 0.78045 0.76939 -2.21413 0.02771 -1.32107
W 0 2 -4.54578 -0.38904 1.80804 0.90707 0.10572 -4.13154 0.52447 0.73569 0.61733 0.00000 -0.16811 0.86848 3.55974 -0.54177 -0.66828 2.98248 1.09420 1.49071
W 0 3 -0.61609 -1.36944 0.98368 -2.28344 1.71924 -0.47803 -0.38482 -0.30954 -0.46061 0.00000 0.01605 0.20648 0.18762 0.09205 0.24067 0.31215 -0.07644 -1.95232
W 1 0 1.46209 0.57446 -1.79089 1.29244 0.41157 0.64389 0.00000 1.46209 0.00000 0.00000 1.46209 0.00000 -2.20681 0.42580 0.16102 -1.51130 0.88904 0.81869
W 1 1 0.00000 0.00000 0.00000 0.00000 0.00000 0.00000 0.00000 0.00000 0.00000 0.00000 0.00000 0.00000 0.00000 0.00000 0.00000 0.00000 0.00000 0.00000
W 1 2 -0.86954 -0.39908 1.72412 1.20380 -0.38691 -0.55308 0.00000 -0.86954 0.00000 0.00000 -0.86954 0.00000 2.25772 -0.30571 -0.23258 1.54958 -0.69806 -1.07402
W 1 3 -0.59256 -0.17538 0.06677 -2.49624 -0.02466 -0.09081 0.00000 -0.59256 0.00000 0.00000 -0.59256 0.00000 -0.05091 -0.12009 0.07156 -0.03828 -0.19098 0.25532
W 2 0 0.28856 -1.62022 -2.63981 0.56114 -0.06061 2.98382 0.44130 -0.63270 2.31372 0.42614 0.54394 -1.10257 -0.94567 -0.25495 -0.22285 -0.42425 -0.82741 0.10026
W 2 1 2.93876 2.45650 -0.86486 2.54464 0.22427 -2.18103 -0.35675 -0.46171 -2.04025 -0.45739 0.38922 1.66388 -1.60337 0.20471 -0.29307 -1.14144 0.11938 0.32219
W 2 2 -2.57281 -0.12496 2.92008 0.18040 -1.82654 -0.98227 0.13004 0.71452 -0.28135 -0.18897 -0.50105 0.00166 1.85509 -0.09846 0.32711 1.19104 0.72262 0.65866
W 2 3 -0.65451 -0.71133 0.58458 -3.28619 1.66287 0.17948 -0.21459 0.37989 0.00788 0.22023 -0.43212 -0.56297 0.69395 0.14869 0.18881 0.37465 -0.01460 -1.08112
W 3 0 1.06697 0.19016 -0.30709 0.65354 0.14268 0.60227 0.37834 -0.63483 0.81659 -0.35146 0.40481 -0.31742 -1.19455 0.10249 -0.38280 -0.48582 0.16262 0.27085
W 3 1 -1.06697 -0.19016 0.30709 -0.65354 -0.14268 -0.60227 -0.37834 0.63483 -0.81659 0.35146 -0.40481 0.31742 1.19455 -0.10249 0.38280 0.48582 -0.16262 -0.27085
W 3 2 0.00000 0.00000 0.00000 0.00000 0.00000 0.00000 0.00000 0.00000 0.00000 0.00000 0.00000 0.00000 0.00000 0.00000 0.00000 0.00000 0.00000 0.00000
W 3 3 0.00000 0.00000 0.00000 0.00000 0.00000 0.00000 0.00000 0.00000 0.00000 0.00000 0.00000 0.00000 0.00000 0.00000 0.00000 0.00000 0.00000 0.00000
W 4 0 9.29971 -0.72228 -13.69781 1.66890 -5.25520 3.62461 -2.35464 0.15588 0.00000 -0.13170 0.10335 0.00000 0.40279 -0.40565 0.12409 -0.46426 0.49087 2.20580
W 4 1 0.00000 0.00000 0.00000 0.00000 0.00000 0.00000 0.00000 0.00000 0.00000 0.00000 0.00000 0.00000 0.00000 0.00000 0.00000 0.00000 0.00000 0.00000
W 4 2 -4.23083 -0.57527 7.36717 1.24601 3.59164 -1.69135 0.27671 0.14408 0.00000 -0.10604 -0.26145 0.00000 -0.39241 -0.22840 -0.05828 0.23305 0.28843 -1.90593
W 4 3 -5.06888 1.29756 6.33064 -2.91491 1.66357 -1.93326 2.07792 -0.29996 0.00000 0.23774 0.15810 0.00000 -0.01038 0.63406 -0.06581 0.23121 -0.77930 -0.29987
S 4 0 0.773 1.157 1.0000 0.817 1.024 1.0000 0.953 1.024 1.0000 0.925 1.018 1.0000 0.884 1.018 1.0000 0.999 0.879 1.0000 0.918 0.875 1.0000 0.897 0.875 1.0000 0.777 0.683 1.0000 0.817 0.584 1.0000 0.779 0.562 1.0000 0.818 0.587 1.0000 0.927 1.183 1.0000 0.813 1.016 1.0000 0.802 1.016 1.0000 0.796 0.823 1.0000 0.960 0.828 1.0000 0.982 0.828 1.0000 0.934 0.736 1.0000 0.853 0.723 1.0000 0.897 0.723 1.0000 0.834 0.649 1.0000 0.825 0.638 1.0000 0.942 0.566 1.0000 1.000 0.585 1.0000 0.762 0.325 1.0000 0.989 0.429 1.0000 0.894 1.101 1.0000 0.915 1.101 1.0000 0.881 1.101 1.0000 0.860 1.081 1.0000 0.782 1.081 1.0000 0.895 0.953 1.0000 0.991 0.870 1.0000 0.812 0.674 1.0000 0.747 0.674 1.0000 0.784 0.513 1.0000 0.822 0.513 1.0000 0.949 0.410 1.0000 0.863 0.204 1.0000 0.793 0.276 1.0000 0.877 1.020 1.0000 0.892 1.020 1.0000 0.917 0.861 1.0000 0.888 0.861 1.0000 0.977 0.861 1.0000 0.836 0.692 1.0000 0.990 0.385 1.0000 0.792 1.040 1.0000 0.958 1.038 1.0000 0.905 1.029 1.0000 0.800 1.190 1.0000 0.794 1.178 1.0000 0.777 1.178 1.0000 0.902 1.017 1.0000 0.794 1.019 1.0000 0.788 1.021 1.0000 0.950 1.021 1.0000 0.871 0.864 1.0000 0.916 0.860 1.0000 0.887 0.856 1.0000 0.926 0.688 1.0000 0.816 0.697 1.0000 0.992 0.662 1.0000 0.792 0.522 1.0000 0.763 0.463 1.0000 0.865 0.418 1.0000 0.753 1.190 1.0000 0.774 1.187 1.0000 0.942 1.189 1.0000 0.779 1.030 1.0000 0.836 1.036 1.0000 0.932 1.038 1.0000 0.929 0.874 1.0000 0.897 0.878 1.0000 0.792 0.882 1.0000 0.888 0.882 1.0000 0.812 1.040 1.0000 0.944 1.078 1.0000 0.858 0.923 1.0000 0.851 0.360 1.0000 0.996 0.176 1.0000 0.979 0.199 1.0000 0.740 1.161 1.0000 0.819 0.256 1.0000 0.789 1.032 1.0000 0.913 1.034 1.0000 0.873 0.871 1.0000 0.848 0.867 1.0000 0.863 0.867 1.0000 0.907 0.867 1.0000 0.772 0.635 1.0000 0.767 0.635 1.0000 0.900 0.492 1.0000 0.797 0.584 1.0000 0.776 0.568 1.0000 0.894 0.568 1.0000 0.761 0.336 1.0000 0.849 0.283 1.0000 0.901 0.872 1.0000 0.858 0.881 1.0000 0.836 0.523 1.0000 0.810 0.523 1.0000 0.900 0.882 1.0000 0.792 0.716 1.0000 0.834 0.708 1.0000 0.985 0.561 1.0000 0.940 0.561 1.0000 0.792 0.279 1.0000 0.973 1.040 1.0000 0.996 1.040 1.0000 0.787 1.060 1.0000 0.808 1.060 1.0000 0.810 1.060 1.0000 0.951 0.744 1.0000 0.810 1.039 1.0000 0.873 1.036 1.0000 0.913 1.036 1.0000 0.747 1.028 1.0000 0.758 1.028 1.0000 0.938 0.936 1.0000 0.759 0.752 1.0000 0.804 0.780 1.0000 0.959 0.690 1.0000 0.760 0.486 1.0000 0.897 0.583 1.0000 0.814 1.038 1.0000 0.871 1.038 1.0000 0.889 1.038 1.0000 0.808 0.588 1.0000 0.830 0.588 1.0000 0.850 0.588 1.0000 0.874 0.739 1.0000 0.941 0.731 1.0000 0.772 0.557 1.0000 0.973 0.521 1.0000 0.844 0.584 1.0000 0.799 0.419 1.0000 0.874 0.394 1.0000 0.952 1.190 1.0000 0.917 1.190 1.0000 0.974 1.038 1.0000 0.890 0.863 1.0000 0.965 0.450 1.0000 0.863 0.529 1.0000 0.917 0.332 1.0000 0.813 0.434 1.0000 0.996 0.403 1.0000 0.763 1.101 1.0000 0.857 1.103 1.0000 0.887 1.103 1.0000 0.807 1.077 1.0000 0.983 0.931 1.0000 0.801 0.937 1.0000 0.996 0.952 1.0000 0.863 0.784 1.0000 0.840 0.784 1.0000 0.809 0.808 1.0000 0.882 0.703 1.0000 0.849 0.703 1.0000 0.789 0.703 1.0000 0.751 0.654 1.0000 0.802 0.697 1.0000 0.884 0.705 1.0000 0.911 0.575 1.0000 0.779 0.586 1.0000 0.799 1.040 1.0000 0.843 1.033 1.0000 0.742 0.677 1.0000 0.889 0.692 1.0000 0.824 0.524 1.0000 0.784 0.566 1.0000 0.971 0.596 1.0000 0.962 0.748 1.0000 0.902 0.702 1.0000 0.778 0.656 1.0000 0.930 0.534 1.0000 0.878 0.555 1.0000 0.868 0.524 1.0000 0.864 0.524 1.0000 0.899 0.504 1.0000 0.768 0.523 1.0000 0.881 0.523 1.0000 0.832 1.083 1.0000 0.830 1.083 1.0000 0.837 1.083 1.0000 0.797 1.104 1.0000 0.935 1.105 1.0000 0.943 0.810 1.0000 0.741 1.190 1.0000 0.968 1.189 1.0000 0.999 1.189 1.0000 0.899 1.084 1.0000 0.943 1.062 1.0000 0.897 1.062 1.0000 0.929 0.862 1.0000 0.773 0.878 1.0000 0.935 0.744 1.0000 0.804 0.763 1.0000 0.757 0.820 1.0000 0.796 0.825 1.0000 0.958 0.880 1.0000 0.872 0.885 1.0000 0.787 0.702 1.0000 0.835 0.734 1.0000 0.893 0.734 1.0000 0.743 0.821 1.0000 0.764 1.190 1.0000 0.996 1.187 1.0000 0.792 1.038 1.0000 0.782 1.038 1.0000 0.929 1.026 1.0000 0.863 0.847 1.0000 0.892 0.717 1.0000 0.892 0.717 1.0000 0.863 1.190 1.0000 0.912 0.960 1.0000 0.979 0.960 1.0000 0.973 0.983 1.0000 0.982 0.983 1.0000 0.993 0.775 1.0000 0.810 0.769 1.0000 0.781 0.645 1.0000 0.855 0.477 1.0000 0.799 0.477 1.0000 0.996 1.100 1.0000 0.772 0.956 1.0000 0.735 0.956 1.0000 0.797 0.934 1.0000 0.798 0.928 1.0000 0.797 0.848 1.0000 0.887 0.615 1.0000 0.832 0.705 1.0000 0.790 0.503 1.0000 0.780 1.102 1.0000 0.954 0.926 1.0000 0.942 0.773 1.0000 0.859 0.785 1.0000 0.902 0.640 1.0000 0.933 0.629 1.0000 0.913 0.603 1.0000 0.900 0.520 1.0000 0.796 0.300 1.0000 0.835 1.039 1.0000 0.964 1.038 1.0000 0.996 1.038 1.0000 0.779 0.823 1.0000 0.805 0.823 1.0000 0.757 0.922 1.0000 0.896 0.820 1.0000 0.746 0.750 1.0000 0.884 0.797 1.0000 0.883 0.736 1.0000 0.882 0.736 1.0000 0.925 0.645 1.0000 0.900 0.634 1.0000 0.858 0.530 1.0000 0.873 0.469 1.0000 0.789 0.493 1.0000 0.858 0.559 1.0000 0.899 0.559 1.0000 0.768 1.037 1.0000 0.763 1.037 1.0000 0.862 0.557 1.0000 0.790 0.557 1.0000 0.767 0.349 1.0000 0.944 0.406 1.0000 0.929 0.389 1.0000 0.969 0.338 1.0000 0.884 0.897 1.0000 0.935 1.040 1.0000 0.869 1.040 1.0000 0.801 0.889 1.0000 0.828 0.904 1.0000 0.883 0.904 1.0000 0.836 0.887 1.0000 0.827 0.881 1.0000 0.749 0.764 1.0000 0.762 0.568 1.0000 0.888 0.533 1.0000 0.900 0.409 1.0000 0.892 0.409 1.0000 0.752 0.427 1.0000 0.868 0.456 1.0000 0.783 0.330 1.0000 0.932 0.125 1.0000 0.900 0.975 1.0000 0.927 1.029 1.0000 0.953 1.029 1.0000 0.892 0.923 1.0000 0.849 0.923 1.0000 0.795 0.551 1.0000 0.911 0.467 1.0000 0.928 0.512 1.0000 0.963 1.181 1.0000 0.987 1.020 1.0000 0.773 0.987 1.0000 0.839 0.979 1.0000 0.824 0.979 1.0000 0.863 0.979 1.0000 0.936 0.830 1.0000 0.929 0.844 1.0000 0.848 0.642 1.0000 0.938 0.642 1.0000 0.985 0.850 1.0000 0.997 0.850 1.0000 0.883 0.895 1.0000
W 5 0 3.92524 -9.01759 -4.53478 1.90970 -5.56518 5.37073 0.23937 0.03998 6.85605 0.61750 0.29858 -7.31274 0.34979 -0.39110 -0.30167 -1.60067 -0.15109 0.07395
W 5 1 2.90705 5.20521 -7.42510 0.41166 0.02418 -0.03301 -1.00507 -0.54521 -1.41353 0.43647 -0.46461 3.14097 1.37557 -0.47975 0.05826 -1.24388 0.14881 0.49901
W 5 2 -3.80676 2.15089 7.12616 -0.76157 3.26824 -2.84859 -0.81560 0.50500 -2.20251 -0.50090 -1.03387 4.03088 0.06180 -0.04235 -0.42733 0.86132 0.03424 -0.97054
W 5 3 -3.02553 1.66149 4.83371 -1.55978 2.27275 -2.48913 1.58130 0.00023 -3.24001 -0.55307 1.19990 0.14090 -1.78716 0.91320 0.67074 1.98323 -0.03196 0.39758
S 5 0 0.811 0.587 0.8243 0.869 1.188 0.7500 0.788 0.886 0.7500 0.827 1.101 0.7058 0.861 0.701 0.7500 0.832 0.701 0.9000 0.934 1.020 0.8000 0.861 0.692 0.7307 0.996 0.773 0.7000 0.996 0.773 0.7907 0.838 0.926 0.7000 0.815 1.030 0.7551 0.868 1.030 0.6911 0.868 1.030 0.8488 0.819 0.894 0.7693 0.814 0.894 0.9091 0.972 0.886 0.7000 0.830 0.881 0.7143 0.913 1.031 0.8000 0.876 1.038 0.8888 0.777 0.809 0.7272 0.894 0.809 0.9062 0.850 0.588 0.8000 0.894 0.626 0.7274 0.948 0.748 0.6666 0.891 0.301 0.8889 0.799 0.938 0.7000 0.893 0.810 0.7500 0.985 0.965 0.9500 0.825 0.850 0.7778 0.838 0.850 0.9524 0.781 0.968 0.7000 0.781 0.968 0.7910 0.924 0.689 0.8485 0.972 0.821 0.7006 0.772 0.965 0.7838 0.929 0.891 0.8000 0.792 0.866 0.7000 0.982 0.983 0.8000 0.798 0.928 0.8000 0.798 0.928 0.8236 0.798 0.928 0.8196 0.935 0.523 0.6905 0.957 0.791 0.7941 0.798 0.511 0.7000 0.938 1.041 0.8000 0.938 1.041 0.8572 0.938 1.041 0.8485 0.918 0.786 0.9900 0.936 0.897 0.8572 0.932 0.897 0.8421 0.818 0.881 0.8276 0.836 0.981 0.7782 0.836 0.981 0.8275 0.965 0.964 0.7272 0.869 0.440 0.7272 0.897 0.538 0.7272
W 6 0 1.34041 -0.44943 -1.32491 0.05036 0.30579 0.48823 -0.05842 -0.22622 0.55274 0.20327 0.51947 -0.55089 0.08391 -0.28641 -0.35599 -0.29114 0.05778 0.09384
W 6 1 -1.34041 0.44943 1.32491 -0.05036 -0.30579 -0.48823 0.05842 0.22622 -0.55274 -0.20327 -0.51947 0.55089 -0.08391 0.28641 0.35599 0.29114 -0.05778 -0.09384
W 6 2 0.00000 0.00000 0.00000 0.00000 0.00000 0.00000 0.00000 0.00000 0.00000 0.00000 0.00000 0.00000 0.00000 0.00000 0.00000 0.00000 0.00000 0.00000
W 6 3 0.00000 0.00000 0.00000 0.00000 0.00000 0.00000 0.00000 0.00000 0.00000 0.00000 0.00000 0.00000 0.00000 0.00000 0.00000 0.00000 0.00000 0.00000
P hichemjadlaoui 0.0089
W 0 0 3.92640 -6.39807 -5.00198 0.12599 -4.16958 1.74547 1.59398 -0.44905 0.20915 0.00000 -1.67652 -2.93620 -0.86990 -4.51210 -0.39944 -0.60920 0.45563 3.43201
W 0 1 0.64372 6.30186 -1.34927 1.66405 1.88874 0.44565 0.63399 -0.05279 -0.28569 0.00000 -1.26343 1.83311 -3.10919 2.94689 -2.07492 -3.12733 -0.23932 -0.16521
W 0 2 -3.90267 1.57238 5.40388 0.47799 0.55309 -1.81261 -1.59732 0.75471 0.55885 0.00000 2.93363 0.94419 3.63707 1.45655 2.30145 3.39443 -0.18651 -1.33308
W 0 3 -0.66744 -1.47617 0.94736 -2.26802 1.72776 -0.37851 -0.63065 -0.25287 -0.48230 0.00000 0.00632 0.15890 0.34203 0.10865 0.17291 0.34209 -0.02981 -1.93371
S 0 0 0.980 1.026 0.6000 0.910 0.338 0.6000 0.990 0.620 0.9600 0.990 0.649 1.0000 0.900 1.038 0.7500 0.920 0.855 0.6000 0.970 0.432 0.7500 0.950 1.190 0.9000 0.920 1.090 0.5000 0.900 1.092 0.5000 0.940 0.900 0.9600 0.940 0.785 1.0000 0.960 0.890 0.5143 0.890 1.045 0.5143 0.990 1.039 0.9000 0.950 0.721 0.9000 0.980 0.487 0.7500
W 1 0 1.13027 -1.03618 -3.05458 0.82281 -1.53277 0.09377 0.00000 1.13027 0.00000 0.00000 1.13027 0.00000 -0.66589 -2.12722 -0.73301 0.49932 0.29802 0.14488
W 1 1 0.00000 0.00000 0.00000 0.00000 0.00000 0.00000 0.00000 0.00000 0.00000 0.00000 0.00000 0.00000 0.00000 0.00000 0.00000 0.00000 0.00000 0.00000
W 1 2 -0.61646 1.06341 2.81214 1.73981 1.54048 0.16002 0.00000 -0.61646 0.00000 0.00000 -0.61646 0.00000 0.49372 2.24295 0.57446 -0.63938 -0.33868 -0.29419
W 1 3 -0.51381 -0.02723 0.24243 -2.56262 -0.00771 -0.25379 0.00000 -0.51381 0.00000 0.00000 -0.51381 0.00000 0.17217 -0.11573 0.15855 0.14006 0.04067 0.14930
S 1 0 0.610 1.079 0.4800 0.650 1.096 0.3333 0.850 0.494 0.4000 0.940 0.758 1.2000 0.360 1.189 0.5000 0.900 0.732 0.5000 0.330 0.867 0.4000 0.870 0.717 0.6000 0.550 0.742 0.4000 0.670 1.184 0.5000 0.950 1.185 1.2000 0.590 0.865 0.5000 0.720 0.721 0.2857 0.530 1.093 0.3333 0.360 1.106 0.3333 0.920 1.100 0.6000 0.550 0.946 0.3333 0.270 0.791 0.3333 0.610 0.677 0.3333 0.950 0.682 1.2000 0.800 1.026 0.3333 0.080 0.874 0.2857 0.750 0.898 0.2857 0.650 0.917 0.3846 1.000 1.029 1.2000 0.980 1.190 0.6000 0.270 0.844 0.5000 0.650 0.713 0.5000
W 2 0 1.13377 -1.18317 -2.72045 1.29110 -0.23605 -0.14132 -0.44668 -0.77087 2.42640 -0.17237 0.69642 -0.68157 -1.70827 -1.43912 -0.38358 -0.51806 0.33185 0.08965
W 2 1 2.33127 1.98259 -1.00639 1.63762 -0.06921 -0.39254 0.02139 -0.36582 -2.11860 0.69272 0.26547 1.44404 0.18124 0.95357 -0.64735 -1.56323 -0.09246 0.03132
W 2 2 -2.80657 -0.08936 3.12316 0.36177 -1.35540 0.35758 0.52526 0.82494 -0.35641 -0.74630 -0.51377 -0.23535 0.79164 0.41733 0.81592 1.64453 -0.28608 0.96908
W 2 3 -0.65846 -0.71006 0.60369 -3.29050 1.66065 0.17628 -0.09997 0.31174 0.04861 0.22595 -0.44813 -0.52712 0.73538 0.06822 0.21502 0.43677 0.04668 -1.09004
W 3 0 0.90289 0.25928 -0.09911 0.49640 0.01919 0.29915 0.14859 0.01392 0.84663 -0.29685 0.25651 0.13656 -0.45529 -0.03039 -0.08730 -0.24761 0.21560 0.11915
W 3 1 -0.90289 -0.25928 0.09911 -0.49640 -0.01919 -0.29915 -0.14859 -0.01392 -0.84663 0.29685 -0.25651 -0.13656 0.45529 0.03039 0.08730 0.24761 -0.21560 -0.11915
W 3 2 0.00000 0.00000 0.00000 0.00000 0.00000 0.00000 0.00000 0.00000 0.00000 0.00000 0.00000 0.00000 0.00000 0.00000 0.00000 0.00000 0.00000 0.00000
W 3 3 0.00000 0.00000 0.00000 0.00000 0.00000 0.00000 0.00000 0.00000 0.00000 0.00000 0.00000 0.00000 0.00000 0.00000 0.00000 0.00000 0.00000 0.00000
W 4 0 3.61798 2.54213 -4.93327 -0.43820 -1.60385 0.54317 1.39482 -0.55168 0.00000 -0.04847 -0.15685 0.00000 -3.72863 -4.13429 0.78487 -1.08675 0.66024 1.11229
W 4 1 0.00000 0.00000 0.00000 0.00000 0.00000 0.00000 0.00000 0.00000 0.00000 0.00000 0.00000 0.00000 0.00000 0.00000 0.00000 0.00000 0.00000 0.00000
W 4 2 0.04089 -2.31900 2.66638 2.03408 0.81201 0.63420 -0.20836 0.01331 0.00000 0.46017 -1.01943 0.00000 2.18612 1.71588 -0.63120 0.28928 -0.13043 -0.63434
W 4 3 -3.65887 -0.22313 2.26690 -1.59588 0.79184 -1.17738 -1.18647 0.53837 0.00000 -0.41171 1.17628 0.00000 1.54251 2.41840 -0.15367 0.79747 -0.52981 -0.47796
S 4 0 0.762 1.039 0.2857 0.548 1.036 0.3333 0.570 1.040 0.1000 0.595 1.040 0.0769 0.956 1.040 1.2000 0.592 1.000 0.3333 0.956 1.000 0.6000 0.797 1.006 0.2857 0.762 1.006 0.1538 0.818 0.850 0.2857 0.828 0.839 0.1818 0.843 0.815 0.6000 0.843 0.549 0.6000 0.807 0.692 0.0870 0.535 1.090 0.5000 0.509 1.083 0.1667 0.453 0.929 0.5000 0.686 0.926 0.0952 0.628 0.926 0.0800 0.552 0.926 0.6000 0.801 0.902 0.4000 0.814 0.971 0.1111 0.570 0.970 0.6000 0.782 0.494 0.2222 0.827 1.102 0.6000 0.812 1.102 0.6000 0.427 1.102 0.5000 0.651 1.101 0.4000 0.732 1.101 0.6000 0.515 1.101 0.5960 0.627 0.954 0.5000 0.695 0.753 0.4000 0.888 0.563 0.6000 0.935 0.614 0.6000 0.831 0.620 0.1587 0.813 0.620 0.1205 0.700 0.620 0.0971 0.583 0.688 0.1111 0.519 0.688 0.0833 0.673 0.688 1.2000 0.500 0.767 0.1538 0.932 0.767 0.6000 0.734 0.649 0.1250 0.774 0.649 0.1000 0.864 0.649 0.6000 0.347 0.628 0.6000 0.214 0.370 0.5000 0.464 1.190 0.5000 0.422 1.190 0.2500 0.619 1.189 0.5000 0.637 1.189 0.2500 0.660 1.189 0.1667 0.620 1.187 0.2000 0.952 1.187 0.6000 0.686 1.187 0.5000 0.650 1.187 0.2500 0.528 1.187 0.1667 0.642 1.027 0.6000 0.680 1.027 0.6000 0.861 1.027 1.1983 0.723 0.833 0.5000 0.693 0.833 0.2500 0.279 0.719 0.6000 0.259 0.719 0.5966 0.591 0.581 0.5000 0.320 1.040 0.4857 0.509 1.038 0.4000 0.637 1.039 0.4000 0.562 1.039 0.6000 0.986 1.039 1.1976 0.561 1.015 0.4000 0.146 1.017 0.6000 0.735 1.014 0.3333 0.690 1.014 0.2000 0.684 1.014 0.6000 0.702 0.877 0.6000 0.766 0.877 0.6000 0.369 0.885 0.5000 0.569 0.881 0.4000 0.622 0.881 0.2222 0.640 0.723 0.1818 0.588 0.723 0.1333 0.441 0.723 0.1053 0.804 0.740 0.1818 0.813 0.742 0.2222 0.421 0.727 0.5000 0.578 0.600 0.3333 0.607 0.600 0.2000 0.576 0.620 0.6000 0.443 0.514 0.3721 0.703 0.432 0.2500 0.718 0.432 0.6000 0.814 1.184 0.2500 0.836 1.185 0.5000 0.938 1.187 0.6000 0.752 1.032 0.2000 0.832 1.037 0.2500 0.857 1.037 0.1667 0.417 1.039 0.2000 0.373 1.039 0.1429 0.485 1.039 0.6000 0.556 1.014 0.5000 0.452 0.863 0.6000 0.437 0.863 0.5966 0.942 0.852 0.6000 0.652 0.697 0.2000 0.766 0.714 0.2000 0.782 0.714 0.6000 0.876 0.714 1.1997 0.788 0.425 0.5000 0.728 0.303 0.5000 0.670 1.040 0.1515 0.694 1.040 0.5930 0.800 1.036 0.2857 0.931 1.036 0.6000 0.924 1.030 0.5944 0.428 1.019 0.3333 0.552 0.785 0.2857 0.486 0.785 0.1818 0.498 0.785 0.6000 0.832 0.721 0.1538 0.863 0.721 0.1053 0.964 0.721 0.6000 0.393 0.817 0.6000 0.447 0.679 0.2500 0.503 0.679 0.6000 0.679 0.679 1.1970 0.840 1.090 0.6000 0.855 1.090 0.6000 0.926 1.109 0.6000 0.978 1.109 1.1905 0.341 1.106 0.6000 0.929 1.092 0.6000 0.740 0.946 0.1667 0.667 0.910 0.5000 0.897 0.900 0.1587 0.894 0.900 0.1205 0.858 0.900 0.0971 0.403 0.975 0.5000 0.381 0.947 0.5000 0.654 0.934 0.3333 0.568 0.934 0.2000 0.665 0.934 0.6000 0.576 0.791 0.6000 0.816 0.791 0.6000 0.652 0.681 0.3333 0.638 0.564 0.2000 0.674 0.564 0.1429 0.613 0.677 0.1667 0.579 0.677 0.1111 0.522 0.677 0.0833 0.924 0.682 0.0980 0.893 0.682 0.0820 0.832 0.682 0.0704 0.802 0.628 0.5000 0.846 0.489 0.6000 0.787 0.530 0.5000 0.821 0.510 0.5000 0.854 0.510 0.6000 0.506 1.026 0.6000 0.603 1.026 0.6000 0.217 1.038 0.4857 0.425 0.938 0.1449 0.635 0.866 0.2857 0.571 0.866 0.5000 0.799 0.879 0.2857 0.660 0.890 0.5946 0.611 0.890 0.5988 0.541 0.917 0.2174 0.666 0.776 0.3333 0.792 0.443 0.1818 0.849 0.443 0.1333 0.868 0.443 0.6000 0.510 1.040 0.2857 0.813 1.039 0.6000 0.807 1.039 0.5909 0.742 1.190 0.2273 0.721 1.190 0.1562 0.775 1.190 0.5952 0.467 1.184 0.5000 0.597 1.028 0.0833 0.676 0.885 0.2500 0.794 0.878 0.6000 0.588 0.872 0.2000 0.648 0.872 0.1429 0.857 0.864 0.6000 0.870 0.864 0.5966 0.878 0.864 0.5984 0.740 0.844 0.6000 0.723 0.844 0.5994 0.705 0.704 0.5000 0.603 0.696 0.5000 0.644 0.696 0.2500 0.549 0.696 0.1667 0.787 0.578 0.5000 0.877 0.578 0.6000 0.920 0.487 0.6000
W 5 0 1.37922 -1.11721 0.26053 -0.23310 0.40605 1.22465 0.72975 -0.30814 5.34483 -0.13355 0.21040 -2.78068 -0.78428 -3.57891 0.36036 -1.57216 0.45115 0.11530
W 5 1 3.09715 2.73002 -3.02046 1.55623 -0.98689 -0.78653 0.02829 -0.37482 -2.40807 0.50105 0.03787 1.39633 0.74255 -0.58557 0.27643 0.47463 -0.20901 -1.21310
W 5 2 -1.97776 -1.56917 0.83908 0.51999 0.27299 0.10859 -0.69893 0.47481 -1.62901 -0.35646 0.12517 0.50112 0.50630 3.91543 -0.36369 0.91004 -0.20007 1.40165
W 5 3 -2.49862 -0.04364 1.92085 -1.84312 0.30785 -0.54671 -0.05911 0.20814 -1.30775 -0.01104 -0.37345 0.88323 -0.46457 0.24905 -0.27311 0.18749 -0.04207 -0.30385
S 5 0 0.918 0.817 0.5454 0.356 0.938 0.5988 0.356 0.938 0.5182 0.347 0.628 0.4941 1.000 1.038 0.8693 0.777 0.833 0.6000 0.768 1.040 0.5696 0.768 1.040 0.5326 0.603 1.102 0.5333 0.342 1.106 0.5448 0.863 0.489 0.5000 0.857 1.029 0.4712 0.807 1.039 0.5932 0.250 1.035 0.5000
W 6 0 1.28232 -0.20785 -0.93558 -0.05724 0.37250 0.47209 -0.01558 -0.06245 0.69640 0.24116 0.27683 -0.19861 0.19178 0.10588 -0.33983 -0.26673 -0.12640 -0.15254
W 6 1 -1.28232 0.20785 0.93558 0.05724 -0.37250 -0.47209 0.01558 0.06245 -0.69640 -0.24116 -0.27683 0.19861 -0.19178 -0.10588 0.33983 0.26673 0.12640 0.15254
W 6 2 0.00000 0.00000 0.00000 0.00000 0.00000 0.00000 0.00000 0.00000 0.00000 0.00000 0.00000 0.00000 0.00000 0.00000 0.00000 0.00000 0.00000 0.00000
W 6 3 0.00000 0.00000 0.00000 0.00000 0.00000 0.00000 0.00000 0.00000 0.00000 0.00000 0.00000 0.00000 0.00000 0.00000 0.00000 0.00000 0.00000 0.00000
P insomnia_rooster 0.0334
W 0 0 4.22205 -0.24363 -5.15110 -0.32641 -1.22850 0.55387 0.57943 1.09555 -3.90448 0.00000 2.28470 2.06453 -4.11595 -2.42892 0.78914 -4.85957 -0.12387 5.83029
W 0 1 -0.15744 -0.18521 -0.43010 -2.62109 -3.02426 0.18768 -0.19664 -0.80313 2.68204 0.00000 -0.67951 0.39712 1.02068 -0.75241 0.29359 1.29118 -0.37467 1.20695
W 0 2 -1.33244 0.25477 1.48334 5.32318 2.20692 -0.06166 1.83923 0.15421 2.30100 0.00000 0.04038 -3.54945 2.26134 1.42714 -0.22141 0.81098 -0.71927 -2.18866
W 0 3 -2.73217 0.17406 4.09786 -2.37568 2.04585 -0.67990 -2.22202 -0.44663 -1.07857 0.00000 -1.64557 1.08780 0.83394 1.75419 -0.86132 2.75741 1.21781 -4.84858
S 0 1 0.890 0.877 2.9999 0.110 0.900 1.4999 0.790 0.748 1.4999 0.830 0.715 2.0000 0.620 0.711 1.5000 0.990 0.719 4.0001 0.590 0.686 1.5000 0.930 0.667 4.0000 0.720 0.646 2.0000 0.620 0.419 2.0000 0.780 0.194 3.0000 0.360 1.092 1.5000 0.890 0.935 3.0000 0.270 0.747 1.5000 1.000 0.768 4.0000 0.980 0.768 4.0001 0.220 0.611 1.5000 0.530 0.684 2.0000 0.970 0.568 3.9998 0.370 0.554 1.5000 0.130 0.576 1.5000 0.460 0.504 1.5000 0.650 0.469 1.5000 0.890 1.097 2.0000 0.870 0.938 2.0000 0.520 0.805 1.5000 0.690 0.649 2.0000 0.360 0.618 2.0000 0.470 0.491 1.5000 0.350 0.473 1.5000 0.890 0.921 3.0000 0.930 0.854 2.0000 0.170 0.697 2.0000 0.580 0.503 1.5000 0.970 0.503 4.0000 0.170 0.400 2.0000 1.000 0.341 4.0000 0.920 0.683 4.0000 0.850 0.683 2.0000 0.720 0.697 2.0000 0.920 0.726 2.0000 0.600 0.563 2.0000 0.140 0.497 1.5000 0.140 0.518 1.5000 0.480 0.194 1.5000 0.970 0.828 3.0000 0.440 0.823 2.0000 0.850 0.665 2.0000 0.520 0.654 2.0000 0.580 0.665 1.5000 0.160 0.654 1.5000 0.940 0.644 4.0000 0.660 0.439 3.0000 0.960 0.408 4.0000 0.750 0.522 1.5000 0.750 0.551 2.0000 0.030 0.533 1.5000 0.830 0.276 3.0000 0.980 1.036 4.0001 0.630 0.932 2.0000 0.660 1.101 2.0000 0.440 1.095 2.0000 0.270 0.940 1.5000 0.960 0.952 2.0000 0.860 0.821 2.0000 0.490 0.670 1.5000 0.620 0.516 2.0000 0.490 0.516 2.0000 0.870 0.516 4.0000 0.920 0.422 4.0000 0.430 0.314 1.5000 0.930 0.947 3.0000 0.660 0.952 2.0000 0.980 1.101 4.0000 0.980 0.946 4.0000 0.830 0.954 2.0000 0.970 0.936 4.0000 0.660 0.770 3.0000 0.610 0.764 2.0000 0.860 0.805 3.0000 0.370 0.597 1.5000 0.950 0.659 4.0001 0.950 0.649 4.0000 0.670 0.341 1.5000 0.210 0.506 1.5000 0.740 0.468 2.0000 0.260 0.079 1.5000 0.450 0.343 2.0000 0.840 0.000 2.0000 0.960 0.000 4.0000 0.850 0.405 2.0000 0.070 0.348 1.5000 0.490 0.119 1.5000 0.620 0.045 2.0000 0.240 0.270 1.5000 0.670 1.040 1.4999 0.560 1.007 1.4999 0.800 0.865 1.5000 0.860 0.875 4.0000 0.630 0.935 1.5000 0.670 0.786 2.0000 0.800 0.816 2.0000 0.850 0.659 2.0000 0.930 0.718 2.0000 0.850 0.536 2.0000 0.790 0.562 1.5000 0.570 0.428 1.5000 0.640 0.311 2.0000 0.790 0.187 1.5000 0.810 1.042 2.0000 0.780 1.038 2.0000 0.770 0.868 2.0000 0.290 0.878 1.4999 0.240 0.814 1.5000 0.850 0.804 2.0000 1.000 0.679 4.0000 0.540 0.240 1.5000 0.860 1.180 1.5000 0.900 1.181 2.0000 0.890 1.184 2.0000 0.840 1.039 1.5000 0.970 0.871 4.0000 0.900 0.873 3.0000 0.830 0.807 2.0000 0.270 0.799 1.5000 0.600 0.638 2.0000 0.220 0.620 1.5000 0.790 0.572 2.0000 0.630 0.572 1.5000 0.840 0.552 2.0000 0.370 0.570 1.5000 0.650 0.517 1.5000 0.370 0.446 1.5000 0.890 1.038 3.0000 0.520 1.030 1.5000 0.980 1.024 4.0000 0.760 0.877 1.5000 0.810 0.847 2.0000 0.870 0.831 2.0000 0.920 0.643 3.0000 0.750 0.585 2.0000 0.980 0.585 4.0000 0.960 0.773 2.0000 0.920 0.480 3.0000 0.480 0.330 2.0000 0.470 0.453 1.5000 0.750 0.453 2.0000 0.900 0.317 2.0000 0.630 0.428 1.5000 0.670 0.170 1.5000 0.530 1.046 1.4999 0.810 0.887 2.0000 0.630 0.708 1.4999 0.900 0.720 2.9999 0.780 1.036 2.9999 0.950 1.026 2.9999 0.770 0.866 1.4999 0.850 0.856 2.0000 0.760 0.590 1.5000 0.460 0.629 1.5000 0.360 0.204 2.0000 0.640 1.102 1.4999 0.900 0.947 2.0000 0.990 0.934 4.0001 0.470 0.765 2.0000 0.950 0.755 4.0001 1.000 0.646 4.0001 0.420 0.633 2.0000 0.520 0.520 1.5000 0.330 0.451 2.0000 0.790 1.190 1.5000 0.900 1.189 2.0000 0.640 1.187 2.0000 0.900 1.037 2.0000 0.680 0.862 1.5000 0.860 0.694 4.0000 0.050 0.675 1.5000 0.820 0.680 2.0000 0.520 0.464 1.5000 0.060 0.556 1.5000 0.330 0.509 2.0000 0.290 0.476 1.5000 0.990 0.359 4.0000 0.950 1.099 3.0000 0.670 0.927 1.4999 0.660 0.818 3.0000 0.900 0.682 2.0000 0.270 0.682 2.0000 0.720 0.724 1.5000 0.430 0.584 1.5000 0.110 0.538 1.5000 0.610 0.299 2.0000 0.430 0.094 1.5000 0.830 0.018 4.0000 0.530 0.992 1.4999 0.660 0.692 3.0000 0.860 1.040 2.9999 0.830 1.040 2.0000 0.640 0.959 1.5000 0.970 0.950 2.9999 0.670 0.820 1.5000 0.850 0.804 2.0000 0.620 0.606 1.5000 0.050 0.403 2.0000 0.510 0.487 1.5001 0.610 0.395 2.0000 0.560 0.251 2.0000 0.780 1.034 2.0000 0.780 1.019 2.0001 0.970 0.871 4.0000 0.170 0.677 2.0000 0.980 0.466 4.0000 0.960 1.102 4.0000 0.600 1.102 1.5000 0.990 1.105 4.0001 0.870 0.935 2.0000 0.410 0.905 1.5000 0.530 0.929 1.5000 0.420 0.782 2.0000 0.980 0.800 4.0000 0.670 0.760 1.5000 0.850 0.782 2.0000 0.690 0.616 2.0000 0.940 0.662 4.0000 0.620 0.640 1.4999 0.940 0.064 4.0000 0.850 0.486 2.0000 0.170 0.448 1.5000 0.840 0.234 2.0000 0.720 0.078 4.0000 0.900 1.043 2.0000 0.930 0.954 2.0000 0.960 0.943 2.0000 0.390 0.746 1.5000 0.970 0.417 4.0000 0.980 0.533 4.0000 0.810 0.921 2.0000 0.680 0.758 1.5000 0.690 0.726 2.0000 0.830 0.537 3.0000 0.980 1.185 4.0000 0.810 1.037 2.0000 0.500 1.011 1.5000 0.970 0.872 4.0000 0.660 0.854 3.0000 0.720 0.725 3.0000 0.970 1.029 3.0001 0.900 1.007 1.4999 0.770 0.839 1.5000 0.660 1.102 2.0000 0.980 0.962 4.0001 0.770 0.932 1.4999 0.980 0.864 4.0000 0.530 0.847 2.0000 0.110 0.473 1.5000 0.590 0.497 1.5000 0.670 0.578 2.0000 0.510 0.571 1.5000 0.980 0.252 4.0000 0.860 0.434 2.0000 0.130 0.308 1.5000 0.050 0.210 2.0000 0.960 0.579 2.0000 0.560 0.586 2.0000 0.950 0.593 4.0000 0.970 0.614 4.0000 0.860 0.576 1.5000 0.970 0.576 4.0000 0.870 0.578 3.0000 0.920 0.554 4.0000 0.210 0.420 2.0000 0.870 0.420 3.0000 0.190 0.223 1.5000 0.980 1.029 4.0001 0.870 0.973 2.0001 0.960 0.784 2.0000 0.470 0.561 1.4999 0.770 0.753 2.0001 0.830 0.766 3.0001 0.970 0.584 2.9999 0.650 0.649 1.5000 0.300 0.649 2.0000 0.530 0.418 2.0000 0.950 0.481 4.0000 0.490 0.112 1.5000 0.870 1.091 2.0000 0.670 0.933 1.5000 0.900 0.772 2.0000 0.830 0.781 2.0000 0.830 0.764 2.0000 0.720 0.610 2.0000 0.450 0.567 2.0000 0.940 0.503 4.0000 0.970 0.516 4.0000 0.850 0.855 1.5000 0.710 0.717 1.4999 0.900 0.757 2.0000 0.860 0.783 1.4999 0.570 0.757 2.0000 0.970 0.690 4.0001 0.930 0.683 2.0000 0.050 0.598 1.4999 0.990 0.464 4.0000 0.830 0.000 3.0000 0.140 0.000 1.5001 0.830 1.189 2.0000 0.870 1.190 2.0000 0.700 1.020 1.5000 0.830 0.872 2.0000 0.290 0.837 1.5000 0.170 0.869 1.5000 0.670 0.687 2.0000 0.760 0.656 1.5000 0.390 0.651 1.5000 0.360 0.445 2.0000 0.970 0.483 4.0000 0.070 0.380 1.5000 0.710 0.257 2.0000 0.850 1.099 2.0000 0.970 1.087 2.0000 0.690 0.825 2.0000 0.440 0.841 2.0000 0.930 0.841 4.0000 0.860 0.700 1.5000 0.750 0.691 2.0000 0.840 0.312 2.0000 0.190 0.293 1.5000 0.460 1.100 1.5000 0.950 1.103 3.0000 0.210 1.095 1.5000 0.960 1.089 4.0000 0.860 0.932 1.5000 0.530 0.806 2.0000 0.590 0.824 2.0000 0.980 0.811 4.0000 0.720 0.631 2.0000 0.680 0.643 1.5000 0.730 0.510 2.0000 0.900 0.421 4.0000 0.720 1.099 2.0000 0.920 0.945 4.0000 0.790 0.942 1.5000 0.660 0.930 2.0000 0.760 0.770 1.5000 0.910 0.702 4.0000 0.590 0.718 1.5000 0.330 0.721 2.0000 0.710 0.493 2.0000 0.720 0.442 1.5000 0.470 0.554 1.5000 0.370 0.554 1.5000 0.610 1.033 1.4999 0.850 1.044 1.5000 0.870 0.293 2.0001 0.530 0.525 2.0000 0.850 0.436 2.0000 0.560 0.298 2.0000 0.800 1.033 1.5000 0.910 0.865 3.0000 0.780 1.040 2.9999 0.780 1.188 2.0000 0.530 1.030 1.5000 0.950 0.899 3.0001 0.660 0.210 2.0000 0.750 0.864 2.0000 0.720 1.034 2.0000 0.930 0.865 2.0000 0.910 0.641 4.0000 0.940 0.551 2.9999 0.670 0.604 2.0000 0.800 0.391 2.0000 0.330 0.750 2.0000 0.250 0.740 1.5000 0.130 0.717 1.5000 0.360 0.678 1.5000 0.190 0.407 1.5000 0.300 0.273 1.5000 0.910 1.040 4.0001 0.990 0.874 4.0001 0.600 0.748 2.0000 0.170 0.568 2.0000 0.620 0.534 2.0000 0.550 0.641 2.0000 0.640 0.418 2.0000 0.630 0.951 2.0000 0.640 0.939 2.0000 0.110 0.697 1.5000 0.370 0.417 1.5000 0.950 1.037 3.0001 0.980 1.024 4.0001 0.870 1.047 2.0000 0.700 0.891 1.4999 0.970 0.880 4.0000 0.380 0.893 1.4999 0.480 0.735 1.4999 0.870 0.762 2.0000 0.830 0.734 4.0000 0.470 0.768 1.5000 0.900 0.529 2.0000 0.630 0.487 1.5000
W 1 0 0.80637 -0.50464 -3.29127 0.85030 -1.61152 1.25903 0.00000 0.80637 0.00000 0.00000 0.80637 0.00000 -1.04528 -2.62594 0.65429 -1.62028 0.89156 1.89051
W 1 1 0.00000 0.00000 0.00000 0.00000 0.00000 0.00000 0.00000 0.00000 0.00000 0.00000 0.00000 0.00000 0.00000 0.00000 0.00000 0.00000 0.00000 0.00000
W 1 2 -0.47378 0.33319 3.09863 2.27273 1.74274 -0.53331 0.00000 -0.47378 0.00000 0.00000 -0.47378 0.00000 2.66517 1.20908 -1.56111 0.60510 1.33979 -1.28416
W 1 3 -0.33259 0.17145 0.19264 -3.12302 -0.13122 -0.72572 0.00000 -0.33259 0.00000 0.00000 -0.33259 0.00000 -1.61988 1.41686 0.90682 1.01518 -2.23135 -0.60635
S 1 1 0.900 1.034 3.0000 0.680 0.694 1.5000 0.840 0.448 1.5000 0.700 0.385 1.5000 0.860 0.474 1.5000 0.990 0.324 4.0000 0.750 0.298 2.0000 0.950 0.268 4.0000 0.730 0.543 2.0000 0.670 0.597 2.0000 0.900 0.559 2.0000 0.830 0.649 2.0000 0.950 0.296 4.0000 0.660 0.417 3.0000 0.800 0.260 3.0000 0.210 0.899 2.0000 0.820 0.750 1.5000 0.770 0.649 2.0000 0.360 0.483 2.0000 0.360 1.048 1.5000 0.870 0.801 2.0000 0.970 1.042 2.0001 0.920 0.876 2.0000 0.890 1.096 2.0001 0.110 0.614 2.0000 0.520 0.644 1.5000 0.690 1.188 2.0000 0.990 0.880 4.0000 0.900 0.860 4.0000 0.830 0.703 3.0000 0.990 0.685 4.0000 0.190 0.614 1.5000 0.870 1.102 2.0001 0.930 0.980 3.0000 0.800 1.002 2.0001 0.800 0.658 2.0001 0.800 0.280 2.0001 0.900 1.094 2.0000 0.910 0.743 4.0000 0.870 0.764 2.0001 0.520 0.667 1.5000 0.120 0.292 1.5000 0.600 0.782 2.0000 0.630 1.185 1.5000 0.840 1.036 1.5000 0.690 1.006 2.0000 0.940 0.869 4.0000 0.830 0.867 2.0000 0.810 0.717 2.0000 0.170 0.668 2.0000 0.560 1.003 1.5001 0.860 1.100 1.5000 0.420 0.868 2.0000 0.950 0.856 3.9999 0.600 0.751 2.0001 0.660 0.786 1.5000 0.220 0.804 1.5000 0.620 0.720 1.5000 0.960 0.584 3.0000 0.700 0.263 1.5000 0.330 1.097 1.5000 0.670 0.801 2.0001 0.540 0.575 1.5000 0.720 0.415 1.5000 0.870 0.404 1.9999 0.480 1.190 2.0000 0.830 0.875 2.0000 0.560 0.846 1.5000 0.750 0.734 2.0000 0.520 0.628 1.5000 0.630 0.645 2.0000 0.970 1.102 2.0000 0.640 0.950 1.5000 0.720 0.959 1.5000 0.970 0.820 3.0000 0.790 0.830 1.5000 0.530 0.846 1.5000 0.900 0.384 3.0000 0.730 0.828 2.0001 0.720 0.581 1.5000 0.420 0.576 1.5000 0.900 0.551 2.0000 0.830 1.039 3.0000 0.860 0.485 3.0000 0.590 0.375 1.5000 0.850 1.190 1.5000 0.870 0.924 2.0000 0.570 0.757 1.5000 0.770 0.557 2.0000 0.980 0.947 4.0000 0.690 0.654 2.0000 0.760 0.383 1.5000 0.500 0.778 2.0001 0.890 0.357 3.0000 0.960 0.938 2.0000 0.790 0.755 1.5000
W 2 0 2.40082 -0.16269 -2.88512 1.23070 -0.04830 1.37508 0.35874 -0.24426 3.03198 0.79517 0.62292 -1.45656 -1.90945 -2.15225 -0.24151 -2.23729 -0.73085 0.79845
W 2 1 1.25553 0.52938 -1.46393 2.13173 -0.09269 -0.60573 0.14612 -0.46042 -1.49958 -0.30844 0.55673 2.63010 0.13299 0.07407 -0.14640 0.39875 0.04988 0.02052
W 2 2 -2.73132 0.56620 3.93562 0.02644 -1.44258 -0.99206 -0.41256 0.68245 -1.43358 -0.61908 -0.77648 -0.50823 1.11282 2.01440 0.31901 1.52663 0.81393 0.30777
W 2 3 -0.92503 -0.93288 0.41343 -3.38888 1.58357 0.22270 -0.09230 0.02222 -0.09882 0.13234 -0.40317 -0.66532 0.66364 0.06377 0.06890 0.31191 -0.13296 -1.12674
S 2 1 1.000 0.576 4.0000 0.870 0.383 3.0000 0.520 0.805 2.0003 1.000 0.363 4.0000 0.950 1.024 3.9999 0.940 0.608 4.0000 0.920 1.037 4.0000 0.660 0.870 3.0000 1.000 0.479 4.0000 0.830 0.357 3.0000 0.910 0.453 3.9998 0.910 0.881 4.0000 0.970 0.826 2.9998 0.830 0.348 3.0000 0.970 0.408 4.0000 0.890 0.567 2.9998 0.950 0.583 4.0000 0.750 0.542 3.0000 0.940 0.482 3.9998 0.900 0.726 3.0000 0.900 0.659 4.0002
W 3 0 0.28755 -0.24578 -0.83475 0.52733 -0.22374 -0.29719 0.35109 0.06353 1.40467 0.45612 0.23620 -1.14372 -0.86688 -1.16203 -0.17600 -1.18392 -0.10951 -0.08436
W 3 1 -0.28755 0.24578 0.83475 -0.52733 0.22374 0.29719 -0.35109 -0.06353 -1.40467 -0.45612 -0.23620 1.14372 0.86688 1.16203 0.17600 1.18392 0.10951 0.08436
W 3 2 0.00000 0.00000 0.00000 0.00000 0.00000 0.00000 0.00000 0.00000 0.00000 0.00000 0.00000 0.00000 0.00000 0.00000 0.00000 0.00000 0.00000 0.00000
W 3 3 0.00000 0.00000 0.00000 0.00000 0.00000 0.00000 0.00000 0.00000 0.00000 0.00000 0.00000 0.00000 0.00000 0.00000 0.00000 0.00000 0.00000 0.00000
W 4 0 3.95285 3.95728 -4.11486 -1.62882 -2.97573 0.21162 -0.31831 0.44883 0.00000 0.18272 -4.49340 0.00000 -0.49008 -0.29675 -0.87857 -3.90239 0.38520 2.23558
W 4 1 0.00000 0.00000 0.00000 0.00000 0.00000 0.00000 0.00000 0.00000 0.00000 0.00000 0.00000 0.00000 0.00000 0.00000 0.00000 0.00000 0.00000 0.00000
W 4 2 0.01211 -3.40547 1.87719 2.12123 0.91082 -0.16187 0.41844 0.28591 0.00000 -0.16875 2.13485 0.00000 1.35479 1.02395 -0.10315 -0.04640 0.24411 -0.75478
W 4 3 -3.96496 -0.55182 2.23767 -0.49241 2.06491 -0.04975 -0.10013 -0.73474 0.00000 -0.01397 2.35855 0.00000 -0.86471 -0.72720 0.98172 3.94880 -0.62931 -1.48080
S 4 0 0.822 0.877 0.6625 0.540 0.850 0.3333 0.368 0.894 0.5000 0.609 0.694 0.5000 0.767 0.719 0.2500 0.677 0.719 0.2500 0.037 0.472 0.1818 0.882 0.747 0.5000 0.909 0.747 0.5000 0.922 0.576 0.5000 0.833 0.938 0.6647 0.773 0.938 0.6667 0.162 0.956 0.1176 0.842 0.787 0.6636 0.950 0.787 0.5000 0.884 0.780 0.6643 0.661 0.632 0.2500 0.576 0.632 0.2500 0.973 0.921 1.0000 0.528 0.862 0.4000 0.950 0.921 0.5000 0.837 0.921 0.5000 0.932 0.486 0.5000 0.782 0.705 0.6650 0.922 0.497 1.0000 0.714 0.677 0.1818 0.886 0.821 0.5000 0.797 0.593 0.5000 0.761 0.562 0.4000 0.887 0.638 0.5000 0.897 0.638 0.5000 0.956 0.638 0.5000 0.844 0.363 0.6667 0.885 0.962 0.6667 0.871 0.954 0.6667 0.824 0.954 0.6657 0.932 0.954 0.5000 0.527 1.040 0.2364 0.418 1.040 0.2469 0.439 1.040 0.2479 0.458 0.846 0.6667 0.530 0.865 0.2444 0.807 0.935 0.6625 0.804 0.935 0.6667 0.661 0.698 0.2500 0.692 0.698 0.2500 0.643 0.698 0.2500 0.632 0.718 0.2500 0.647 0.718 0.2500 0.624 0.718 0.2500 0.839 1.028 0.2500 0.590 0.868 0.5000 0.845 1.190 0.2444 0.873 1.190 0.2463 0.845 1.190 0.5000 0.686 1.180 0.5000 0.749 0.871 0.2500 0.739 0.871 0.2500 0.746 0.871 0.2494 0.834 0.869 0.6650 0.772 0.869 0.6652 0.808 0.869 0.6667 0.427 0.807 0.2000 0.842 0.773 0.6650 0.826 0.773 0.6652 0.728 0.638 0.2000 0.612 1.186 0.6500 0.239 1.037 0.5000 0.877 0.831 0.5000 0.306 0.920 0.5000 0.725 0.773 0.2500 0.764 0.373 0.2000 0.782 0.479 0.2500 0.428 0.546 0.2500 0.408 0.546 0.2500 0.811 1.040 0.6667 0.793 0.887 0.6667 0.340 0.885 0.1250 0.334 0.866 0.1667 0.724 0.852 0.4000 0.356 0.856 0.5000 0.443 0.876 0.5000 0.737 0.851 1.0000 0.305 0.590 0.5000 0.453 0.641 0.4000 0.623 0.629 0.1667 0.345 0.947 0.1818 0.162 0.633 0.2000 0.546 1.190 0.5000 0.848 1.189 0.6600 0.344 1.030 0.2000 0.128 1.034 0.5000 0.812 0.881 0.6650 0.653 0.873 0.2500 0.623 0.873 0.2500 0.784 0.862 0.6625 0.849 0.675 1.0000 0.849 0.680 0.6650 0.801 0.655 0.5000 0.576 0.614 0.2000 0.812 0.464 0.6656 0.521 0.556 0.2500 0.513 0.509 0.2000 0.464 0.509 0.5000 0.823 0.359 0.2500 0.320 1.094 0.1818 0.871 0.927 0.2500 0.933 0.927 0.2481 0.942 0.927 0.2492 0.531 0.970 0.6636 0.671 0.818 0.1818 0.767 0.675 0.5000 0.829 0.530 0.6667 0.882 0.530 0.6661 0.640 0.408 0.2500 0.809 1.102 0.6571 0.564 1.105 0.2500 0.837 1.095 0.2444 0.669 0.980 0.5000 0.758 0.992 0.1667 0.090 0.842 0.3333 0.328 0.828 0.3333 0.454 0.678 0.3333 0.509 0.658 0.2500 0.523 0.658 0.2492 0.627 0.658 0.2498 0.840 1.040 0.6625 0.233 0.879 0.5000 0.693 0.846 0.2500 0.755 0.846 0.2500 0.221 0.815 0.5000 0.102 0.336 0.1818 0.437 0.084 0.5000 0.627 0.487 0.4993 0.259 0.357 0.5000 0.440 1.034 0.4941 0.662 1.019 0.6632 0.271 0.871 0.5000 0.023 0.677 0.1333 0.812 1.101 0.6400 0.516 0.938 0.4000 0.376 0.935 0.5000 0.549 0.905 0.6667 0.547 0.782 0.6636 0.823 0.800 0.2500 0.853 0.800 0.2491 0.807 0.800 0.5000 0.413 0.760 0.2222 0.334 0.667 0.1818 0.734 0.640 0.2000 0.494 0.292 0.1818 0.863 1.040 1.0000 0.853 1.017 0.6545 0.929 1.017 0.4982 0.691 0.821 0.2500 0.417 0.821 0.2481 0.895 0.952 1.0000 0.590 0.807 0.2455 0.719 0.677 0.5000 0.586 1.190 0.5000 0.227 1.184 0.5000 0.299 1.186 0.5000 0.215 1.013 0.5000 0.226 0.865 0.2000 0.553 0.885 0.5000 0.767 0.717 0.5000 0.842 0.717 0.5000 0.021 0.668 0.1667 0.886 0.635 0.5000 0.533 0.611 0.2000 0.952 0.583 0.5000 0.908 0.583 0.5000 0.449 1.037 0.1667 0.672 1.029 0.2435 0.649 1.029 0.2462 0.253 0.841 0.2857 0.681 0.839 0.6615 0.607 1.097 0.2222 0.787 1.095 0.6400 0.843 1.100 0.6545 0.749 0.956 0.3333 0.792 0.962 0.2481 0.756 0.962 0.2484 0.687 0.962 0.5000 0.331 0.879 0.2000 0.616 0.868 0.1538 0.688 0.622 0.6625 0.211 0.584 0.2000 0.011 0.611 0.5000 0.577 0.473 0.2500 0.459 0.578 0.2500 0.422 0.578 0.2500 0.403 0.578 0.2500 0.591 0.542 0.5000 0.361 0.571 0.5000 0.052 0.378 0.2500 0.868 1.040 0.6588 0.786 1.043 0.6667 0.820 1.043 0.6667 0.687 1.043 0.5000 0.245 0.737 0.4000 0.388 0.740 0.3333 0.894 0.747 1.0000 0.723 0.579 0.2500 0.664 0.579 0.2500 0.835 0.626 0.6667 0.778 0.626 0.6661 0.440 0.780 0.3333 0.435 1.040 0.2500 0.738 1.029 0.2500 0.853 1.029 0.2467 0.685 0.976 0.2857 0.333 0.973 0.5000 0.644 1.080 0.5000 0.564 0.784 0.2500 0.637 0.784 0.2500 0.564 0.784 0.2500 0.942 0.699 0.5000 0.701 0.720 0.6647 0.479 0.720 0.6660 0.962 0.606 1.0000 0.878 0.766 0.5000 0.882 0.766 0.5000 0.680 0.755 0.2857 0.562 0.522 0.5000 0.344 0.576 0.5000 0.162 0.624 0.4000 0.054 0.251 0.5000 0.617 0.214 0.5000 0.654 0.040 0.6656 0.168 1.097 0.1818 0.673 1.091 0.6545 0.494 0.945 0.4000 0.462 0.933 0.2444 0.972 0.926 1.0000 0.467 0.772 0.5000 0.422 0.781 0.1818 0.459 0.764 0.5000 0.797 0.415 0.6659 0.624 0.551 0.6656 0.698 0.516 0.2500 0.087 1.040 0.2857 0.065 0.879 0.2857 0.583 0.855 0.5000 0.786 0.698 0.5000 0.023 0.728 0.2857 0.843 0.670 0.6643 0.787 0.597 0.6654 0.807 0.597 0.6667 0.244 0.509 0.5000 0.540 0.683 0.2500 0.543 0.683 0.2500 0.606 0.630 0.2500 0.599 0.322 0.2500 0.609 1.189 0.2000 0.789 1.020 0.6625 0.817 0.875 0.6667 0.874 0.875 0.6661 0.810 0.875 0.5000 0.664 0.734 0.6667 0.937 0.734 1.0000 0.419 0.687 0.2500 0.461 0.687 0.2500 0.508 0.687 0.2500 0.114 0.651 0.2500 0.194 0.628 0.2000 0.846 0.483 0.5000 0.959 0.380 1.0000 0.856 0.257 0.6663 0.247 1.099 0.1818 0.621 1.102 0.2462 0.968 1.106 1.0000 0.750 1.107 0.6667 0.689 1.087 0.2364 0.604 1.087 0.2469 0.532 1.087 0.2479 0.754 0.950 0.5000 0.316 0.957 0.5000 0.813 0.959 0.6667 0.717 0.959 0.6643 0.675 0.825 0.2000 0.539 0.837 0.5000 0.823 0.830 0.6650 0.661 0.850 0.2500 0.089 0.859 0.5000 0.023 0.682 0.5000 0.693 0.667 0.6625 0.727 0.667 0.6667 0.723 0.667 0.6659 0.603 0.253 0.5000 0.762 0.413 0.5000 0.083 0.293 0.2500 0.174 0.228 0.5000 0.257 1.100 0.4889 0.900 1.095 1.0000 0.939 1.095 1.0000 0.217 1.100 0.3333 0.888 0.940 0.6667 0.854 0.940 0.5000 0.327 0.824 0.1818 0.728 0.944 0.6667 0.925 0.824 1.0000 0.576 0.581 0.5000 0.352 0.942 0.2500 0.632 0.930 0.6600 0.972 0.930 1.0000 0.987 0.930 1.0000 0.847 0.770 0.6625 0.943 0.710 1.0000 0.652 0.702 0.2000 0.685 0.726 0.6656 0.993 1.033 1.0000 0.789 1.039 0.0769 0.787 1.044 0.6571 0.836 1.044 0.6667 0.741 1.044 0.0046 0.259 0.485 0.0769 0.868 0.525 0.5000 0.830 0.429 0.6625 0.826 0.865 0.6667 0.809 0.881 0.6600 0.810 0.881 0.6638 0.828 0.881 0.6667 0.335 0.636 0.3333 0.830 1.040 0.6667 0.741 1.040 0.6658 0.995 0.868 0.5000 0.998 0.868 0.5000 0.609 0.832 0.5000 0.332 0.924 0.3571 0.698 0.831 0.2500 0.765 0.831 0.2500 0.828 0.831 0.5000 0.805 0.911 0.6654 0.830 0.911 0.6662 0.802 1.102 0.4800 0.004 0.950 0.4000 0.344 0.951 0.5000 0.859 0.939 0.5000 0.772 0.947 0.2476 0.782 0.947 0.2484 0.769 0.947 0.5000 0.455 0.697 0.6667 0.570 0.710 0.4000 0.392 1.037 0.4941 0.436 1.047 0.5000 0.635 0.664 0.5000 0.723 0.680 0.1538 0.477 1.099 0.1818 0.723 0.734 0.1053
W 5 0 4.93578 -2.59072 -2.38913 1.33811 -0.83802 1.06445 -0.93564 -0.48689 4.77694 -0.35386 -2.40024 -3.64319 1.87396 -1.61296 -0.32078 -2.84084 0.77544 -0.09210
W 5 1 -1.30764 2.01385 -2.53507 0.33864 0.31269 0.57969 0.91815 -0.93213 0.63620 -0.34611 1.35617 2.80410 0.63414 -0.35926 0.89565 0.73444 0.54691 -0.10533
W 5 2 -0.92309 0.71790 3.05327 0.02588 0.06866 -1.09870 -0.08876 0.92550 -3.34101 -0.39276 1.43954 0.60667 -2.02270 1.27349 -0.13723 0.64924 -0.84325 0.51791
W 5 3 -2.70505 -0.14103 1.87093 -1.70263 0.45667 -0.54543 0.10625 0.49351 -2.07212 1.09274 -0.39546 0.23242 -0.48539 0.69874 -0.43764 1.45715 -0.47910 -0.32048
S 5 0 0.707 0.684 0.5766 0.682 0.469 0.4167 0.842 0.787 0.5448 0.843 0.243 0.8396 0.900 0.703 0.7381 0.947 0.799 0.7272 0.602 1.095 0.2337 0.602 1.095 0.2248 0.602 1.095 0.2280 0.602 1.095 0.2262 0.602 1.095 0.2281 0.858 0.794 0.5000 0.858 0.794 0.5556 0.644 0.891 0.4167 0.644 0.891 0.4375 0.644 0.891 0.4296 0.644 0.891 0.4323 0.931 0.404 0.7608 0.887 0.940 0.5000 0.836 1.044 0.5454 0.933 1.188 0.7272 0.933 1.188 0.6981 0.867 0.551 0.4500 0.344 0.641 0.4375
W 6 0 1.12391 -0.52131 -1.28802 -0.24152 0.15185 0.38926 0.09858 -0.18948 0.86050 -0.00082 0.09981 -0.20198 -0.02515 -0.53567 -0.21015 -0.78511 0.20872 -0.40035
W 6 1 -1.12391 0.52131 1.28802 0.24152 -0.15185 -0.38926 -0.09858 0.18948 -0.86050 0.00082 -0.09981 0.20198 0.02515 0.53567 0.21015 0.78511 -0.20872 0.40035
W 6 2 0.00000 0.00000 0.00000 0.00000 0.00000 0.00000 0.00000 0.00000 0.00000 0.00000 0.00000 0.00000 0.00000 0.00000 0.00000 0.00000 0.00000 0.00000
W 6 3 0.00000 0.00000 0.00000 0.00000 0.00000 0.00000 0.00000 0.00000 0.00000 0.00000 0.00000 0.00000 0.00000 0.00000 0.00000 0.00000 0.00000 0.00000
P kovi 0.0591
W 0 0 0.24660 3.11900 -5.30699 0.49594 -0.68139 3.12417 2.11282 2.77371 1.72348 0.00000 -3.64610 -2.89453 -6.03602 -1.76568 -1.08109 -3.32357 0.20648 3.49241
W 0 1 2.37894 2.96476 -3.19599 -2.56835 -0.35322 -1.77786 -1.79788 -2.94740 -0.88534 0.00000 1.74316 2.43869 0.54344 -0.00440 0.01202 0.01437 -0.42255 6.35987
W 0 2 -3.13885 -6.58809 4.56001 4.11488 4.25574 -0.98878 -1.16528 0.43696 -0.72283 0.00000 1.40625 0.12858 3.08575 0.94598 1.07566 2.76711 0.67713 -0.44365
W 0 3 0.51331 0.50433 3.94296 -2.04247 -3.22114 -0.35753 0.85033 -0.26327 -0.11531 0.00000 0.49668 0.32725 2.40683 0.82411 -0.00660 0.54208 -0.46106 -9.40863
S 0 0 0.970 0.790 1.2000 0.920 0.499 1.2500 0.960 1.039 1.2500 0.690 0.878 1.2500 0.990 0.707 1.2500 0.940 0.866 1.2000 0.950 0.841 1.2500 0.890 0.989 1.2500 0.860 0.645 1.2500 1.000 1.185 1.2500 0.980 0.561 1.2500 0.770 0.468 1.2500 0.960 0.866 1.1667 0.990 0.708 1.1667 0.950 0.695 1.1429 0.970 0.615 1.2500 0.980 1.031 1.2000 0.880 0.924 1.2000 1.000 0.965 1.2000 0.980 0.664 1.2500 0.980 0.879 1.1667 0.890 1.028 1.2500 0.360 0.430 1.2000 0.990 1.031 1.1667 0.980 0.692 1.2500 0.900 0.542 1.2500 0.980 0.764 1.2000 0.970 0.932 1.2500 0.770 0.845 1.2500 0.930 0.945 1.2000 0.970 0.682 1.2500 0.960 0.748 1.2000 0.980 0.637 1.2000 0.930 0.503 1.2500 0.940 0.668 1.2000 0.830 0.639 1.2500 0.930 1.032 1.1667 0.890 0.553 1.2000 0.890 1.031 1.2500 0.950 1.031 1.2500 0.670 0.860 1.2500 0.950 0.701 1.2500 0.950 1.041 1.1667 0.850 0.905 1.2000 0.950 1.039 1.1667 0.940 1.037 1.1667 0.220 0.593 1.2000 0.970 1.032 1.1429 0.990 0.887 1.1429 0.660 0.996 1.1667 0.910 0.855 1.2000 0.980 0.871 1.2000 0.940 0.584 1.2500 0.960 1.034 1.1667 0.360 1.036 1.1667 0.940 0.943 1.2000 0.970 0.614 1.2000 0.770 0.758 1.1667 0.990 0.729 1.2000 0.950 0.632 1.2500 0.950 0.873 1.1667 0.990 0.718 1.2500 1.000 1.098 1.2000 0.990 0.922 1.2000 0.930 1.100 1.2000 0.750 0.526 1.2000 0.800 0.876 1.2000 0.960 0.557 1.2500 0.770 0.416 1.2500 0.140 0.386 1.2000 0.950 1.019 1.2500 0.900 0.866 1.2500 1.000 1.025 1.2500 0.950 1.025 1.2500 0.970 0.851 1.2500 0.950 0.721 1.2500 0.950 0.762 1.2000 0.920 0.645 1.2000 0.950 1.187 1.2500 0.880 0.530 1.2500 0.830 0.774 1.1667 0.930 0.773 1.2000 0.920 0.656 1.2000 0.990 1.109 1.2500 0.850 0.705 1.2500 0.930 0.540 1.2500 0.850 1.029 1.2500 0.810 1.033 1.2500 0.910 0.887 1.2500 0.920 0.484 1.2000 0.890 1.039 1.1667 0.910 0.828 1.2500 0.560 0.570 1.2500 0.980 0.496 1.2500 0.960 1.101 1.2000 0.890 0.795 1.2000 1.000 0.789 1.2500 0.950 1.032 1.1667 0.870 0.740 1.2500 0.670 0.704 1.2500 0.960 1.033 1.1667 0.770 0.883 1.1667 0.890 1.035 1.2000 0.950 0.867 1.2000 0.970 0.846 1.2500 0.920 0.680 1.2500 0.950 0.872 1.1667 0.940 0.760 1.2000 0.980 0.650 1.2500 0.890 0.650 1.2500 0.990 0.628 1.2500 0.990 0.628 1.2500 0.930 0.878 1.1667 0.890 0.650 1.2000 0.930 0.677 1.1132 0.990 0.946 1.2000 0.850 0.935 1.2000 0.830 0.759 1.2000 0.970 1.041 1.1667 0.950 0.894 1.2000 0.890 0.556 1.2000 0.990 0.845 1.1667 0.810 0.699 1.1667 0.870 1.101 1.2000 0.980 0.942 1.2000 0.770 0.949 1.1667 0.940 0.806 1.2000 0.950 0.419 1.2500 0.940 1.095 1.2000 0.940 0.955 1.2500 0.950 0.941 1.2500 0.920 0.959 1.1667 0.960 1.037 1.1667 0.890 0.847 1.1429 0.810 0.720 1.1667 0.890 0.589 1.1667 0.920 1.103 1.2000 0.920 0.911 1.2000 0.950 0.712 1.2000 0.780 0.916 1.1429 0.930 0.777 1.1667 0.950 0.536 1.2000 1.000 0.229 1.2500 0.970 1.038 1.1667 0.910 0.894 1.2000 0.970 0.731 1.2000 0.950 1.100 1.2000 0.960 0.860 1.1667 0.990 1.103 1.2000 0.990 0.960 1.2000 0.930 0.573 1.2500 0.950 0.807 1.2000 0.950 0.788 1.2500 0.870 0.644 1.2500 0.980 0.559 1.2500 0.950 1.095 1.2000 0.950 0.943 1.2000 0.980 1.036 1.2000 0.830 0.584 1.2500 0.950 0.584 1.2500 0.940 0.255 1.2500 0.950 0.776 1.2000 0.810 0.850 1.2000 0.940 0.868 1.1667 0.920 1.040 1.1667 0.890 0.788 1.1667 0.440 0.776 1.2000 0.870 0.938 1.1667 0.810 0.553 1.2500 0.950 0.750 1.2000 0.890 0.884 1.2000 0.690 0.920 1.1667 0.890 0.935 1.2000 0.860 0.922 1.1429 0.950 0.793 1.1667 0.900 0.645 1.1429 0.940 1.009 1.1667 0.950 0.875 1.1667 0.890 0.875 1.1667 0.860 0.626 1.2000 0.970 1.035 1.2000 1.000 1.035 1.2000 0.940 0.756 1.2000 0.970 1.039 1.1429 0.940 0.712 1.2500 0.690 0.927 1.2000 0.870 0.886 1.2500 0.890 0.871 1.2500 0.870 0.694 1.2500 0.980 1.036 1.2000 0.940 0.632 1.2000 0.910 0.482 1.2500 0.830 1.038 1.1667 0.530 0.831 1.1429 0.930 1.102 1.1667 0.950 0.776 1.1667 0.810 0.541 1.2500 0.970 1.037 1.2500 0.930 1.038 1.2000 0.970 1.048 1.1667 0.940 1.035 1.1667 0.940 1.013 1.1667 0.850 0.842 1.1429 0.930 0.871 1.1667 0.870 0.869 1.1429 0.950 0.741 1.1667 0.940 1.040 1.1667 0.990 0.935 1.2000 0.950 1.040 1.1667 0.960 1.046 1.1429 0.940 0.894 1.1667 0.950 0.892 1.1667 0.960 0.729 1.2000 0.930 0.727 1.1667 0.940 0.776 1.1667 0.990 1.040 1.1667 0.920 0.613 1.2000 0.900 0.858 1.1667 0.950 0.856 1.1887 0.890 1.081 1.1667 1.000 0.758 1.1667 0.970 0.709 1.2500 0.910 0.623 1.2500 0.990 0.943 1.2000 0.940 0.936 1.2000 0.900 0.781 1.2000 0.850 0.557 1.2000 1.000 0.919 1.2500 0.970 0.914 1.2500 0.960 0.940 1.2500 0.950 0.935 1.2500 0.990 1.039 1.1667 0.770 1.033 1.2500 1.000 0.641 1.2500 0.980 1.035 1.2500 0.830 0.735 1.2500 0.690 0.753 1.1667 0.890 0.748 1.1429 0.890 0.916 1.2000
W 1 0 1.31992 -0.73939 -3.66223 2.34103 -0.08607 0.50100 0.00000 1.31992 0.00000 0.00000 1.31992 0.00000 -1.50716 -0.96740 -0.06073 -1.20359 -0.22992 1.40435
W 1 1 0.00000 0.00000 0.00000 0.00000 0.00000 0.00000 0.00000 0.00000 0.00000 0.00000 0.00000 0.00000 0.00000 0.00000 0.00000 0.00000 0.00000 0.00000
W 1 2 -1.66455 0.17590 3.15097 2.21674 1.66800 -0.31180 0.00000 -1.66455 0.00000 0.00000 -1.66455 0.00000 0.27198 0.10243 -0.25807 0.85993 -0.31565 0.29846
W 1 3 0.34463 0.56349 0.51126 -4.55777 -1.58192 -0.18920 0.00000 0.34463 0.00000 0.00000 0.34463 0.00000 1.23518 0.86497 0.31880 0.34366 0.54557 -1.70282
S 1 0 0.950 0.831 1.0000 0.990 0.804 1.0000 0.950 0.684 1.0000 0.990 0.595 1.0000 0.970 0.588 1.0000 0.920 0.876 1.0000 0.950 0.815 1.0000 0.870 0.713 1.0000 1.000 0.739 1.0000 0.890 1.101 1.0000 1.000 0.876 1.0000 0.990 0.618 1.0000 0.980 0.708 1.0000 0.990 1.032 1.0000 0.990 1.102 1.0000 0.970 1.040 1.0000 0.980 0.798 1.0000 0.920 0.736 1.0000 0.890 0.772 1.0000 0.980 0.886 1.0000 0.890 0.904 1.0000 0.890 1.099 1.0000 0.930 1.036 1.0000 0.950 0.546 1.0000 0.890 0.747 1.0000
W 2 0 4.17841 0.88932 -5.60504 0.21760 0.00369 0.90042 0.05994 -0.21616 0.64972 0.49067 0.26397 -0.54294 -2.27699 -0.84493 -0.82316 -1.24694 -0.31580 2.38513
W 2 1 0.21290 -0.83019 0.12646 4.91149 -0.27172 -0.82911 0.06593 -0.49505 -0.31828 -0.43748 0.14266 0.02232 -0.15901 0.17791 0.01383 -0.67628 0.50604 -1.61671
W 2 2 -5.41078 -0.10638 5.25032 0.08337 0.29683 -0.24956 0.30474 0.44915 -1.77825 -1.46122 -0.16171 0.82236 0.82210 0.33922 0.60115 1.18158 0.00364 1.67866
W 2 3 1.01948 0.04725 0.22826 -5.21246 -0.02880 0.17825 -0.43061 0.26206 1.44681 1.40803 -0.24493 -0.30174 1.61390 0.32779 0.20818 0.74163 -0.19387 -2.44708
S 2 0 0.980 0.938 1.3913 1.000 0.928 1.2222 0.910 0.769 1.2857 0.890 1.189 1.3000 0.970 1.038 1.3000 0.890 0.873 1.3000 1.000 1.185 1.4706 1.000 0.965 1.4286 0.990 1.036 1.2857 0.930 0.834 1.2857 1.000 1.023 1.4804 0.890 0.638 1.2222 0.980 1.035 1.3810 0.950 0.805 1.4528 0.870 1.031 1.2727 0.980 0.550 1.3000 0.910 0.841 1.3333 0.940 1.102 1.3333 0.970 0.782 1.3333 0.940 0.380 1.3333 0.830 0.740 1.3333 0.970 0.649 1.3684 0.900 0.506 1.2222 0.890 0.945 1.3333 0.970 1.096 1.4000 0.950 0.918 1.4000 0.970 1.040 1.3684 0.970 0.687 1.2500 0.950 1.031 1.2500 1.000 0.653 1.4000 0.940 1.039 1.3077 0.950 1.041 1.1750 0.920 0.764 1.2857 0.950 1.040 1.3333 0.950 1.039 1.2513 0.940 0.798 1.3333 0.980 0.684 1.4000 0.980 1.099 1.3333 0.890 1.103 1.3333 0.970 1.032 1.3333 0.890 1.036 1.2692 0.940 0.516 1.2727 0.890 0.604 1.3750 0.970 1.023 1.4194 0.940 0.910 1.2727 0.970 0.727 1.3333 0.950 0.873 1.1364 0.960 0.575 1.2727 0.830 0.560 1.3000 0.940 0.537 1.3571 0.900 1.099 1.2549 0.950 0.599 1.2500 0.890 0.645 1.3500 0.950 1.187 1.4000 0.970 0.569 1.3333 0.940 0.526 1.2500 0.950 0.848 1.4000 0.920 0.930 1.3750 0.990 0.772 1.3333 0.920 0.471 1.2500 0.970 1.099 1.3000 0.990 0.777 1.3000 0.930 0.658 1.3000 0.970 0.683 1.3000 0.930 0.735 1.1875 0.920 0.759 1.3333 0.940 1.190 1.3000 0.950 0.870 1.3000 0.870 0.695 1.3000 0.940 0.812 1.3182 0.970 1.094 1.3571 0.950 1.102 1.2727 0.990 0.971 1.2727 0.960 0.974 1.3333 0.890 0.978 1.2727 0.890 0.665 1.3000 0.980 0.715 1.3000 0.920 1.100 1.3077 1.000 1.086 1.3077 0.830 0.658 1.3889 0.950 1.028 1.1935 0.920 1.103 1.3571 0.950 0.660 1.3571 0.920 1.100 1.3077 0.950 0.946 1.3333 0.980 0.790 1.3333 0.950 0.872 1.1935 0.890 0.743 1.1852 0.910 0.736 1.3333 1.000 1.097 1.3750 0.980 0.958 1.4231 0.950 0.677 1.3600 0.990 0.555 1.3571 0.960 1.094 1.3571 0.890 0.890 1.3077 0.980 0.715 1.3077 0.950 0.953 1.4000 0.920 0.944 1.2500 0.910 0.831 1.2000 0.980 0.847 1.3750 0.950 0.713 1.3913 0.950 1.100 1.2857 0.950 0.762 1.2353 0.920 1.097 1.3077 0.970 0.837 1.3571 0.970 0.575 1.3000 1.000 0.617 1.2500 0.950 1.031 1.3333 0.900 0.727 1.3333 0.970 1.095 1.3333 0.920 0.474 1.2500 0.990 1.035 1.2500 0.940 1.099 1.1667 0.980 0.735 1.3000 0.950 0.662 1.3077 0.980 0.875 1.4000 0.930 0.906 1.3333 0.920 0.866 1.3077 0.920 0.874 1.3077 0.940 1.095 1.2727 0.960 0.920 1.2727 0.920 0.770 1.3077 0.890 1.102 1.3333 0.930 1.101 1.3571 0.920 1.075 1.3571 0.920 0.870 1.3333 0.890 0.676 1.3077 0.980 1.030 1.3333 0.990 0.898 1.2727 0.870 0.842 1.2105 0.880 1.036 1.2500 0.940 1.189 1.3000 0.940 0.781 1.2500 0.940 0.799 1.3077 0.920 0.773 1.3077 0.930 0.545 1.3077 0.990 1.184 1.3000 0.970 0.877 1.3000 0.960 0.580 1.2727 0.940 0.582 1.3000 1.000 1.036 1.4167 0.920 1.189 1.3000 0.890 0.661 1.3000 0.920 0.657 1.3000 0.990 1.038 1.1875 0.970 0.783 1.3333 0.990 0.706 1.2727 0.980 0.698 1.3000 0.920 1.099 1.3214 0.990 0.935 1.2500 0.830 0.742 1.3077 0.970 0.616 1.3000 0.990 1.040 1.1935 0.900 0.686 1.2727 0.980 0.689 1.3077 0.920 0.934 1.3750 0.890 0.748 1.2500 0.950 1.187 1.3000 0.930 0.971 1.3000 0.980 0.936 1.3000 0.990 1.039 1.2513 0.890 0.861 1.2727 0.890 0.585 1.3000 0.870 1.025 1.3158 0.980 1.037 1.3026 1.000 0.918 1.2727 0.890 0.873 1.1250
W 3 0 0.44195 -0.56544 -1.43993 0.83122 -0.12280 0.48842 -0.15522 -0.39512 0.92765 -0.90347 -0.00880 -0.40957 -1.41913 -1.62780 -0.30784 -1.28928 0.19517 -0.17513
W 3 1 -0.44195 0.56544 1.43993 -0.83122 0.12280 -0.48842 0.15522 0.39512 -0.92765 0.90347 0.00880 0.40957 1.41913 1.62780 0.30784 1.28928 -0.19517 0.17513
W 3 2 0.00000 0.00000 0.00000 0.00000 0.00000 0.00000 0.00000 0.00000 0.00000 0.00000 0.00000 0.00000 0.00000 0.00000 0.00000 0.00000 0.00000 0.00000
W 3 3 0.00000 0.00000 0.00000 0.00000 0.00000 0.00000 0.00000 0.00000 0.00000 0.00000 0.00000 0.00000 0.00000 0.00000 0.00000 0.00000 0.00000 0.00000
W 4 0 -0.72350 4.98305 -6.62493 2.20842 1.44131 2.17092 -2.03078 -0.23484 0.00000 1.50675 -0.92983 0.00000 -0.03737 0.22946 -0.20618 -2.07497 -0.21004 -0.75355
W 4 1 0.00000 0.00000 0.00000 0.00000 0.00000 0.00000 0.00000 0.00000 0.00000 0.00000 0.00000 0.00000 0.00000 0.00000 0.00000 0.00000 0.00000 0.00000
W 4 2 1.64643 -3.10856 4.73393 -0.70546 -1.26804 0.09235 -0.81560 0.32090 0.00000 -1.46497 -0.76797 0.00000 0.14166 -0.40829 -0.27631 0.26018 0.12246 2.59572
W 4 3 -0.92292 -1.87449 1.89100 -1.50296 -0.17327 -2.26327 2.84638 -0.08605 0.00000 -0.04178 1.69779 0.00000 -0.10429 0.17883 0.48249 1.81479 0.08758 -1.84217
S 4 0 0.740 0.938 1.0000 0.619 0.798 1.0000 0.467 1.101 1.0000 0.756 0.936 1.0000 0.458 0.948 1.0000 0.377 0.780 1.0000 0.204 0.627 1.0000 0.378 0.621 1.0000 0.684 1.039 1.0000 0.303 0.888 1.0000 0.838 0.707 1.0000 0.681 0.560 1.0000 0.275 0.978 1.0000 0.351 0.836 1.0000 0.258 0.824 1.0000 0.579 0.804 1.0000 0.492 0.674 1.0000 0.749 0.561 1.0000 0.775 0.605 1.0000 0.895 0.480 1.0000 0.838 0.523 1.0000 0.632 0.542 1.0000 0.777 0.492 1.0000 0.640 0.385 1.0000 0.837 0.283 1.0000 0.475 0.824 1.0000 0.457 0.817 1.0000 0.785 0.648 1.0000 0.513 0.718 1.0000 0.377 0.575 1.0000 0.555 0.373 1.0000 0.316 0.559 1.0000 0.746 1.087 1.0000 0.824 0.861 1.0000 0.405 0.514 1.0000 0.678 1.102 1.0000 0.247 0.950 1.0000 0.950 0.649 1.0000 0.485 0.225 1.0000 0.852 0.945 1.0000 0.829 0.678 1.0000 0.817 0.701 1.0000 0.602 0.938 1.0000 0.476 0.554 1.0000 0.283 0.554 1.0000 0.415 0.507 1.0000 0.797 0.514 1.0000 0.333 0.551 1.0000 0.412 0.386 1.0000 0.469 0.386 1.0000 0.532 0.918 1.0000 0.847 0.724 1.0000 0.975 1.015 1.0000 0.490 0.363 1.0000 0.721 0.929 1.0000 0.823 0.883 1.0000 0.937 0.868 1.0000 0.567 0.701 1.0000 0.594 0.798 1.0000 0.842 1.036 1.0000 0.126 0.652 1.0000 0.405 0.711 1.0000 0.737 0.188 1.0000 0.812 0.948 1.0000 0.328 0.600 1.0000 0.422 0.394 1.0000 0.477 0.578 1.0000 0.727 0.428 1.0000 0.697 0.645 1.0000 0.762 0.676 1.0000 0.463 1.030 1.0000 0.953 0.600 1.0000 0.567 0.559 1.0000 0.838 0.626 1.0000 0.906 0.573 1.0000 0.662 0.340 1.0000 0.833 0.731 1.0000 0.699 0.150 1.0000 0.613 0.848 1.0000 0.372 0.863 1.0000 0.371 0.360 1.0000 0.376 0.540 1.0000 0.792 0.779 1.0000 0.705 1.099 1.0000 0.839 1.109 1.0000 0.363 0.940 1.0000 0.806 0.777 1.0000 0.826 0.725 1.0000 0.489 0.877 1.0000 0.757 0.595 1.0000 0.134 0.465 1.0000 0.804 0.540 1.0000 0.416 0.406 1.0000 0.518 1.190 1.0000 0.439 1.173 1.0000 0.848 1.029 1.0000 0.395 1.033 1.0000 0.743 0.876 1.0000 0.671 1.190 1.0000 0.925 1.186 1.0000 0.604 0.880 1.0000 0.801 0.880 1.0000 0.492 0.860 1.0000 0.669 0.568 1.0000 0.801 0.401 1.0000 0.819 1.039 1.0000 0.340 0.758 1.0000 0.725 1.105 1.0000 0.574 0.842 1.0000 0.725 0.717 1.0000 0.453 0.570 1.0000 0.672 0.496 1.0000 0.833 0.484 1.0000 0.805 1.086 1.0000 0.808 0.771 1.0000 0.937 0.789 1.0000 0.534 0.740 1.0000 0.688 1.005 1.0000 0.431 0.700 1.0000 0.494 1.103 1.0000 0.745 0.758 1.0000 0.781 0.758 1.0000 0.354 0.543 1.0000 0.417 0.887 1.0000 0.440 0.650 1.0000 0.963 0.688 1.0000 0.505 0.650 1.0000 0.485 0.674 1.0000 0.434 0.640 1.0000 0.387 1.101 1.0000 0.477 1.098 1.0000 0.932 0.560 1.0000 0.487 0.797 1.0000 0.275 0.457 1.0000 0.781 0.897 1.0000 0.920 0.738 1.0000 0.782 1.102 1.0000 0.612 1.099 1.0000 0.842 0.903 1.0000 0.807 0.807 1.0000 0.332 0.609 1.0000 0.821 0.723 1.0000 0.852 1.029 1.0000 0.055 0.817 1.0000 0.485 0.667 1.0000 0.227 0.808 1.0000 0.658 0.560 1.0000 0.598 1.102 1.0000 0.257 0.908 1.0000 0.417 0.445 1.0000 0.355 0.758 1.0000 0.276 0.758 1.0000 0.872 0.527 1.0000 0.826 0.229 1.0000 0.431 0.321 1.0000 0.376 1.036 1.0000 0.324 0.898 1.0000 0.846 1.103 1.0000 0.485 0.955 1.0000 0.283 0.932 1.0000 0.465 0.847 1.0000 0.310 0.687 1.0000 0.323 0.709 1.0000 0.568 0.654 1.0000 0.252 0.644 1.0000 0.811 0.756 1.0000 0.948 0.516 1.0000 0.818 0.458 1.0000 0.977 1.032 1.0000 0.364 0.888 1.0000 0.651 0.738 1.0000 0.608 0.962 1.0000 0.310 0.885 1.0000 0.833 0.767 1.0000 0.853 0.738 1.0000 0.887 0.553 1.0000 0.619 0.411 1.0000 0.705 1.095 1.0000 0.882 0.776 1.0000 0.648 0.474 1.0000 0.690 1.038 1.0000 0.980 1.038 1.0000 0.247 0.846 1.0000 0.096 0.826 1.0000 0.818 0.806 1.0000 0.696 0.453 1.0000 0.420 0.408 1.0000 0.767 0.391 1.0000 0.543 1.030 1.0000 0.701 1.030 1.0000 0.473 0.805 1.0000 0.122 0.915 1.0000 0.337 0.940 1.0000 0.826 0.966 1.0000 0.414 0.343 1.0000 0.271 0.945 1.0000 0.327 0.946 1.0000 0.552 0.569 1.0000 0.166 0.929 1.0000 0.677 0.909 1.0000 0.770 0.789 1.0000 0.712 0.789 1.0000 0.788 0.518 1.0000 0.328 1.040 1.0000 0.099 1.039 1.0000 0.392 1.069 1.0000 0.207 0.722 1.0000 0.534 0.469 1.0000 0.746 1.084 1.0000 0.424 1.021 1.0000 0.882 1.023 1.0000 0.263 0.658 1.0000 0.272 0.618 1.0000 0.782 0.618 1.0000 0.722 1.039 1.0000 0.366 0.781 1.0000 0.234 0.634 1.0000 0.936 0.565 1.0000 0.799 0.465 1.0000 0.708 0.407 1.0000 0.283 0.706 1.0000 0.700 0.876 1.0000 0.937 0.875 1.0000 0.904 1.038 1.0000 0.821 1.032 1.0000 0.818 1.015 1.0000 0.312 0.884 1.0000 0.767 0.842 1.0000 0.632 0.885 1.0000 0.873 0.690 1.0000 0.519 0.708 1.0000 0.339 0.544 1.0000 0.960 1.102 1.0000 0.573 1.093 1.0000 0.875 0.946 1.0000 0.461 0.885 1.0000 0.812 0.871 1.0000 0.325 0.738 1.0000 0.338 0.495 1.0000 0.801 0.506 1.0000 0.738 1.190 1.0000 0.414 1.190 1.0000 0.377 1.190 1.0000 0.536 1.039 1.0000 0.177 1.038 1.0000 0.421 0.888 1.0000 0.447 0.875 1.0000 0.476 0.867 1.0000 0.827 0.877 1.0000 0.021 0.735 1.0000 0.402 0.723 1.0000 0.498 0.694 1.0000 0.287 0.520 1.0000 0.758 1.038 1.0000 0.651 1.051 1.0000 0.640 0.911 1.0000 0.579 0.904 1.0000 0.942 0.914 1.0000 0.650 0.798 1.0000 0.451 0.585 1.0000 0.390 0.386 1.0000 0.585 1.188 1.0000 0.631 1.188 1.0000 0.562 1.185 1.0000 0.251 1.040 1.0000 0.049 1.039 1.0000 0.864 0.884 1.0000 0.730 0.814 1.0000 0.864 0.426 1.0000 0.982 1.103 1.0000 0.333 0.950 1.0000 0.672 0.717 1.0000 0.531 0.709 1.0000 0.454 0.558 1.0000 0.835 1.184 1.0000 0.647 1.039 1.0000 0.426 1.039 1.0000 0.616 1.037 1.0000 0.572 0.879 1.0000 0.593 0.881 1.0000 0.583 0.738 1.0000 0.537 0.730 1.0000 0.306 0.580 1.0000 0.494 0.473 1.0000 0.795 1.099 1.0000 0.853 1.099 1.0000 0.588 1.038 1.0000 0.496 0.721 1.0000 0.495 0.729 1.0000 0.407 0.558 1.0000 0.671 0.574 1.0000 0.703 1.190 1.0000 0.586 1.169 1.0000 0.329 1.169 1.0000 0.370 0.964 1.0000 0.251 0.956 1.0000 0.316 0.797 1.0000 0.859 0.808 1.0000 0.731 0.822 1.0000 0.429 0.834 1.0000 0.788 0.690 1.0000 0.453 0.842 1.0000 0.023 0.750 1.0000 0.682 0.739 1.0000 0.853 1.038 1.0000 0.876 0.933 1.0000 0.751 0.783 1.0000 0.324 1.190 1.0000 0.755 1.190 1.0000 0.268 1.189 1.0000 0.300 1.187 1.0000 0.419 1.040 1.0000 0.401 1.038 1.0000 0.664 1.037 1.0000 0.894 0.878 1.0000 0.394 0.875 1.0000 0.571 0.707 1.0000 0.500 0.721 1.0000 0.762 1.043 1.0000 0.167 1.048 1.0000 0.763 0.894 1.0000 0.828 0.749 1.0000 0.801 0.749 1.0000 0.677 0.696 1.0000 0.632 0.640 1.0000 0.915 0.629 1.0000 0.623 0.918 1.0000 0.620 0.724 1.0000 0.708 0.695 1.0000 0.517 0.679 1.0000 0.642 0.654 1.0000 0.491 0.554 1.0000 0.745 0.714 1.0000 0.733 0.718 1.0000 0.398 0.554 1.0000 0.463 1.081 1.0000 0.645 1.081 1.0000 0.896 0.917 1.0000 0.865 0.758 1.0000 0.404 1.190 1.0000 0.615 1.190 1.0000 0.678 1.034 1.0000 0.463 1.036 1.0000 0.746 0.888 1.0000 0.835 0.871 1.0000 0.388 0.713 1.0000 0.785 0.547 1.0000 0.560 0.487 1.0000 0.693 1.187 1.0000 0.880 1.187 1.0000 0.309 1.122 1.0000 0.404 0.971 1.0000 0.339 0.657 1.0000 0.507 1.099 1.0000 0.571 0.790 1.0000 0.552 0.716 1.0000 0.318 0.724 1.0000 0.816 0.465 1.0000 0.458 1.096 1.0000 0.364 1.096 1.0000 0.319 0.932 1.0000 0.218 0.773 1.0000 0.094 0.773 1.0000 0.721 1.101 1.0000 0.256 1.096 1.0000 0.186 1.095 1.0000 0.241 0.938 1.0000 0.763 0.936 1.0000 0.549 0.915 1.0000 0.360 0.783 1.0000 0.980 0.649 1.0000 0.986 0.649 1.0000 0.821 1.190 1.0000 0.919 1.187 1.0000 0.650 1.187 1.0000 0.522 1.036 1.0000 0.338 1.030 1.0000 0.432 1.037 1.0000 0.570 0.873 1.0000 0.447 0.875 1.0000 0.827 0.652 1.0000 0.971 1.190 1.0000 0.578 1.189 1.0000 0.173 1.039 1.0000 0.338 1.036 1.0000 0.708 1.034 1.0000 0.608 1.028 1.0000 0.206 1.027 1.0000 0.679 0.879 1.0000 0.824 0.861 1.0000 0.799 0.728 1.0000 0.471 1.025 1.0000 0.381 1.059 1.0000 0.930 0.916 1.0000 0.527 0.913 1.0000 0.411 0.759 1.0000 0.563 0.716 1.0000 0.762 1.099 1.0000 0.201 1.021 1.0000 0.437 0.873 1.0000
W 5 0 2.12413 -1.64636 -2.65261 0.58400 -0.20563 0.11608 0.30929 -0.50113 7.04927 0.48240 1.68285 -6.05305 0.37946 -0.26283 -0.45687 -0.94909 -0.15880 0.27234
W 5 1 2.96340 0.92879 -3.31214 1.37391 -2.27264 0.52636 -0.59775 -0.24637 -1.67549 0.57170 1.88499 3.90590 0.23108 -1.09445 0.42493 0.08528 -0.30742 -0.75045
W 5 2 -2.59016 -0.01193 2.95280 -0.25217 1.21978 0.75457 0.02165 1.20257 -3.84329 -1.06793 -2.19592 1.00892 -0.34701 1.12760 -0.43883 0.23886 -0.41269 0.57280
W 5 3 -2.49738 0.72949 3.01196 -1.70574 1.25849 -1.39701 0.26681 -0.45507 -1.53049 0.01382 -1.37192 1.13823 -0.26353 0.22967 0.47078 0.62495 0.87891 -0.09470
S 5 0 0.953 1.096 1.3333 0.833 0.764 1.1053 0.915 1.086 1.0417 0.722 0.938 1.1250 0.789 0.835 1.1176 0.811 0.701 1.1250 0.834 1.037 1.0302 0.846 0.834 1.0513 0.796 1.013 1.0455 0.832 0.583 1.1250 0.639 0.769 1.0667 0.917 1.011 1.1250 0.651 0.865 1.2500 0.620 0.767 1.0690 0.923 0.574 1.2727 0.956 0.867 1.2727 0.727 0.937 1.0690 0.938 0.819 1.1111 0.840 1.095 1.0585 0.776 1.101 1.2000 0.648 0.655 1.1429 0.876 0.617 1.0588 0.936 0.806 1.2727 0.708 1.033 1.1212 0.978 0.927 1.2727 0.844 0.750 1.0588 0.929 1.043 1.2500 0.985 1.185 1.2727 0.985 1.185 1.2857 0.955 0.592 1.1667 0.896 0.917 1.3214 0.997 1.103 1.3041
W 6 0 0.72978 -0.42846 -1.10608 -0.25074 0.22800 0.48377 0.20531 -0.88461 0.23299 -0.02142 -0.04469 -0.23884 0.01383 -0.02485 -0.55776 -0.46735 0.31826 -0.25416
W 6 1 -0.72978 0.42846 1.10608 0.25074 -0.22800 -0.48377 -0.20531 0.88461 -0.23299 0.02142 0.04469 0.23884 -0.01383 0.02485 0.55776 0.46735 -0.31826 0.25416
W 6 2 0.00000 0.00000 0.00000 0.00000 0.00000 0.00000 0.00000 0.00000 0.00000 0.00000 0.00000 0.00000 0.00000 0.00000 0.00000 0.00000 0.00000 0.00000
W 6 3 0.00000 0.00000 0.00000 0.00000 0.00000 0.00000 0.00000 0.00000 0.00000 0.00000 0.00000 0.00000 0.00000 0.00000 0.00000 0.00000 0.00000 0.00000
P kozlov-ma 0.0156
W 0 0 -0.03073 -0.68419 -1.21321 -0.26219 -0.99020 0.07724 -0.63195 -0.44987 -0.67134 0.00000 -0.14117 -0.81968 -0.59906 -0.31112 -0.28212 -0.60597 -0.19672 0.59851
W 0 1 3.51881 1.61903 -2.34639 1.37510 0.81007 2.06581 1.26455 -0.05192 0.21109 0.00000 0.16715 -0.19313 -1.93160 0.65111 0.25435 -0.64903 -0.14544 2.84657
W 0 2 -2.90307 0.63078 2.78015 1.10487 -1.54369 -1.89219 -0.01453 0.75468 0.93785 0.00000 -0.08942 0.90403 2.50614 -0.41760 -0.13072 0.89710 0.42301 -1.54572
W 0 3 -0.58501 -1.56562 0.77946 -2.21779 1.72383 -0.25087 -0.61807 -0.25289 -0.47760 0.00000 0.06344 0.10879 0.02452 0.07761 0.15850 0.35791 -0.08085 -1.89937
W 1 0 1.58401 -0.91173 -2.18369 1.06166 -0.76574 1.61006 0.00000 1.58401 0.00000 0.00000 1.58401 0.00000 -1.20626 -0.16748 -0.27267 -0.30729 -3.00445 1.20768
W 1 1 0.00000 0.00000 0.00000 0.00000 0.00000 0.00000 0.00000 0.00000 0.00000 0.00000 0.00000 0.00000 0.00000 0.00000 0.00000 0.00000 0.00000 0.00000
W 1 2 -1.00126 0.98465 2.00109 1.49396 0.80210 -1.51361 0.00000 -1.00126 0.00000 0.00000 -1.00126 0.00000 1.09737 0.32539 0.21843 0.21138 3.10290 -1.39218
W 1 3 -0.58275 -0.07293 0.18260 -2.55561 -0.03636 -0.09645 0.00000 -0.58275 0.00000 0.00000 -0.58275 0.00000 0.10889 -0.15790 0.05424 0.09591 -0.09845 0.18450
S 1 0 0.990 0.669 0.4000 0.850 0.649 0.5000 1.000 0.970 0.4000 1.000 0.838 0.4000 0.710 0.560 0.5000 0.810 1.184 0.5000 0.550 0.735 0.5000 0.670 0.742 0.5000 0.650 0.525 0.5000 0.500 0.433 0.5000 0.530 0.753 0.5000 0.680 0.827 0.5000 0.820 0.546 0.5000 0.990 0.578 0.5000 0.980 0.559 0.5000
W 2 0 1.26897 -1.73298 -2.53247 1.20936 0.02566 0.79066 0.05139 -0.71032 2.16151 0.77441 -0.02027 -0.00840 -1.34228 -0.07976 -0.20608 -1.18109 -2.73942 -0.25178
W 2 1 2.30562 3.03135 -0.42669 1.89025 0.21160 -1.10652 0.05299 -0.22050 -2.04654 -0.40621 0.44258 0.73666 -0.21990 0.01046 -0.58297 0.09323 2.63024 0.41772
W 2 2 -2.75856 -0.56481 2.31312 0.33794 -1.83111 0.05093 0.28364 0.26277 -0.38721 -0.48471 -0.48484 -0.64606 0.51027 0.05066 0.18594 0.42829 -0.02221 1.05011
W 2 3 -0.81603 -0.73356 0.64604 -3.43756 1.59384 0.26494 -0.38802 0.66806 0.27225 0.11650 0.06253 -0.08220 1.05191 0.01864 0.60312 0.65957 0.13139 -1.21605
W 3 0 1.18542 0.21250 -0.32511 0.71788 0.17931 0.57552 0.27384 0.03369 0.76197 -0.47517 0.22049 -0.56844 -1.34240 0.23658 0.02357 -0.52807 -0.67583 0.29666
W 3 1 -1.18542 -0.21250 0.32511 -0.71788 -0.17931 -0.57552 -0.27384 -0.03369 -0.76197 0.47517 -0.22049 0.56844 1.34240 -0.23658 -0.02357 0.52807 0.67583 -0.29666
W 3 2 0.00000 0.00000 0.00000 0.00000 0.00000 0.00000 0.00000 0.00000 0.00000 0.00000 0.00000 0.00000 0.00000 0.00000 0.00000 0.00000 0.00000 0.00000
W 3 3 0.00000 0.00000 0.00000 0.00000 0.00000 0.00000 0.00000 0.00000 0.00000 0.00000 0.00000 0.00000 0.00000 0.00000 0.00000 0.00000 0.00000 0.00000
W 4 0 7.24028 -0.95886 -10.04297 2.16144 -2.07314 1.41550 -0.06010 -0.37405 0.00000 -0.30442 0.54058 0.00000 -0.25829 -0.23460 -0.42400 -0.03408 -3.45728 1.35405
W 4 1 0.00000 0.00000 0.00000 0.00000 0.00000 0.00000 0.00000 0.00000 0.00000 0.00000 0.00000 0.00000 0.00000 0.00000 0.00000 0.00000 0.00000 0.00000
W 4 2 -4.16765 0.96827 7.78116 0.21024 1.93623 -0.65713 -0.78493 -0.30930 0.00000 -0.63337 -0.45018 0.00000 0.55054 -0.13841 -0.34258 0.20163 2.85265 0.40450
W 4 3 -3.07263 -0.00941 2.26180 -2.37168 0.13692 -0.75836 0.84504 0.68335 0.00000 0.93780 -0.09040 0.00000 -0.29225 0.37301 0.76659 -0.16755 0.60463 -1.75855
S 4 0 0.918 1.036 0.1333 0.818 0.865 0.1333 0.857 0.865 0.1053 0.840 0.865 0.0870 0.779 0.909 0.2500 0.723 0.517 0.4000 0.738 0.517 0.2222 0.735 0.517 0.1538 0.844 0.545 0.4000 0.730 0.545 0.2222 0.888 0.386 0.4000 0.870 1.091 0.0709 0.810 0.942 0.2000 0.819 0.942 0.1429 0.498 0.892 0.2000 0.569 0.892 0.0526 0.522 0.715 0.5000 0.757 0.870 0.1538 0.789 0.870 0.1176 0.712 0.870 0.0556 0.748 0.894 0.0833 0.816 0.894 0.0714 0.830 0.887 0.0870 0.822 0.725 0.1818 0.778 0.725 0.1667 0.863 0.725 0.1250 0.952 0.676 0.1667 0.947 0.676 0.1250 0.959 0.676 0.1000 0.836 0.712 0.1538 0.826 0.712 0.1176 0.897 0.712 0.0952 0.847 0.544 0.1818 0.807 1.033 0.1000 0.817 1.033 0.0769 0.957 0.807 0.1053 0.987 0.807 0.0800 0.843 0.857 0.3333 0.855 0.857 0.2000 0.886 0.643 0.1053 0.877 0.643 0.0364 0.836 0.643 0.0267 0.886 1.102 0.4000 0.841 1.099 0.4000 0.806 0.951 0.4000 0.738 0.951 0.2222 0.802 0.951 0.1538 0.935 0.941 0.3333 0.958 0.941 0.2000 0.752 0.945 0.3333 0.726 0.934 0.4000 0.812 0.952 0.3333 0.806 0.952 0.2000 0.726 0.798 0.3333 0.772 0.789 0.4000 0.772 0.656 0.3333 0.851 0.675 0.4000 0.789 0.675 0.2222 0.885 0.660 0.3333 0.867 0.500 0.4000 0.804 0.261 0.5000 0.621 0.131 0.5000 0.718 1.097 0.0699 0.863 1.097 0.4000 0.729 1.094 0.2000 0.783 1.094 0.1429 0.842 0.949 0.4000 0.965 0.741 0.1538 0.707 0.780 0.4000 0.992 0.795 0.4000 0.717 0.803 0.1111 0.528 1.170 0.2000 0.630 1.173 0.1111 0.995 1.173 0.0909 0.658 1.179 0.2000 0.710 1.179 0.1429 0.952 1.183 0.0082 0.665 1.134 0.5000 0.748 0.983 0.1471 0.848 1.004 0.2000 0.847 1.004 0.1429 0.801 1.004 0.1111 0.875 1.002 0.2000 0.863 1.002 0.1429 0.877 1.002 0.1111 0.927 0.994 0.5000 0.652 1.000 0.1111 0.621 1.000 0.0909 0.506 1.000 0.0769 0.558 0.985 0.2000 0.575 0.985 0.1429 0.807 0.862 0.2000 0.843 0.862 0.1429 0.723 0.862 0.1111 0.535 0.839 0.1111 0.585 0.839 0.0909 0.768 0.839 0.0769 0.642 0.866 0.2000 0.716 0.866 0.1429 0.595 0.880 0.0505 0.896 0.769 0.1111 0.897 0.769 0.0909 0.881 0.769 0.0769 0.890 0.812 0.0909 0.917 0.812 0.0769 0.772 0.843 0.5000 0.707 0.843 0.2500 0.679 1.190 0.0649 0.780 1.182 0.2000 0.895 1.182 0.1429 0.929 1.008 0.2500 0.953 0.865 0.2857 0.957 0.865 0.1818 0.979 0.865 0.1333 0.807 0.844 0.2500 0.781 0.857 0.1351 0.748 0.769 0.3333 0.704 0.769 0.2000 0.705 0.739 0.3333 0.779 0.761 0.4000 0.803 0.681 0.4000 0.912 0.671 0.3333 0.884 0.639 0.0690 0.807 1.033 0.2500 0.824 1.033 0.1429 0.877 1.046 0.2857 0.995 1.046 0.1538 0.804 0.865 0.2857 0.872 0.511 0.1667 0.982 0.696 0.3333 0.762 0.553 0.2000 0.738 0.553 0.1429 0.873 1.036 0.0049 0.619 0.649 0.2500 0.601 0.649 0.1667 0.738 0.729 0.5000 0.855 0.578 0.2000 0.879 0.578 0.1429 0.842 1.022 0.1429 0.848 0.876 0.2500 0.793 0.869 0.1667 0.852 0.869 0.1250 0.883 0.735 0.0606 0.967 0.618 0.2000 0.828 1.095 0.0746 0.682 1.097 0.4000 0.954 1.094 0.1111 0.806 1.092 0.4000 0.772 0.975 0.4000 0.782 0.975 0.2222 0.757 0.975 0.1538 0.828 0.966 0.4000 0.868 0.970 0.2222 0.952 0.970 0.1538 0.733 0.813 0.4000 0.922 0.813 0.2222 0.960 0.813 0.1538 0.939 0.792 0.1818 0.948 0.792 0.1333 0.838 0.838 0.2222 0.642 0.280 0.1429 0.692 0.631 0.5000 0.810 0.631 0.2500 0.731 0.543 0.5000 0.837 0.560 0.2500 0.868 0.560 0.1667 0.663 1.187 0.5000 0.579 1.184 0.2500 0.687 1.170 0.2273 0.823 1.170 0.1562 0.769 1.170 0.1190 0.833 1.021 0.5000 0.802 1.021 0.2500 0.523 1.025 0.5000 0.559 1.025 0.2000 0.983 1.025 0.0649 0.507 1.038 0.5000 0.572 1.036 0.2000 0.555 1.036 0.0526 0.571 1.036 0.0164 0.561 0.735 0.2500 0.571 0.742 0.2500 0.866 1.102 0.3333 0.807 1.102 0.1667 0.852 1.102 0.1250 0.945 0.887 0.0143 0.980 0.887 0.0139 0.674 0.875 0.1176 0.922 0.861 0.2857 0.986 0.861 0.1818 1.000 0.813 0.3333 0.965 0.622 0.1515 0.929 0.525 0.4000 0.777 0.552 0.1333 0.936 0.364 0.3333 0.935 0.433 0.4000 0.993 1.102 0.3333 0.854 1.101 0.4000 0.762 1.097 0.3333 0.868 1.102 0.4000 0.800 1.102 0.2222 0.864 0.753 0.3333 0.732 0.772 0.4000 0.770 0.774 0.3333 0.832 0.687 0.4000 0.741 0.687 0.2222 0.902 0.692 0.4000 0.963 0.692 0.2222 0.955 0.692 0.1538 0.788 0.578 0.4000 0.709 0.578 0.2222 0.769 0.578 0.1538 0.943 0.626 0.3333 0.882 0.621 0.4000 0.550 0.289 0.5000 0.770 0.289 0.5000 0.696 0.289 0.2273 0.569 0.409 0.5000 0.837 0.889 0.2857 0.806 0.888 0.1818 0.829 0.873 0.2500 0.918 0.875 0.2857 0.877 0.859 0.1818 0.867 0.879 0.1053 0.882 0.876 0.0870 0.839 0.734 0.1053 0.870 0.704 0.2500 0.885 0.606 0.3333 0.844 0.580 0.4000 0.823 0.584 0.4000 0.888 0.458 0.4000 0.690 0.324 0.5000 0.993 0.368 0.5000 0.998 0.368 0.2500 0.753 0.010 0.5000 0.935 0.980 0.1515 0.958 0.980 0.1163 0.843 0.987 0.2857 0.795 0.987 0.1818 0.880 0.821 0.1515 0.833 0.973 0.2500 0.811 0.976 0.2857 0.904 0.628 0.1587 0.967 0.628 0.1205 0.950 0.860 0.2500 0.895 0.629 0.1667 0.969 0.600 0.4000 0.852 0.708 0.5000 0.850 0.716 0.5000 0.532 0.570 0.1667 0.881 0.570 0.1250 0.751 0.525 0.0833 0.738 0.525 0.0714 0.699 0.411 0.5000 0.737 0.411 0.5000 0.703 0.376 0.5000 0.568 0.205 0.5000 0.705 0.276 0.5000 0.945 0.193 0.5000 0.733 0.067 0.5000 0.845 1.105 0.4000 0.875 1.105 0.2222 0.811 0.935 0.5000 0.792 0.739 0.1471 0.662 0.827 0.2500 0.702 0.831 0.2000 0.543 0.831 0.1429 0.545 0.831 0.0260 0.684 1.162 0.2000 0.742 1.167 0.0909 0.807 1.167 0.0769 0.799 1.008 0.5000 0.481 0.947 0.5000 0.551 0.950 0.2000 0.540 0.762 0.5000 0.520 0.768 0.2000 0.882 0.696 0.5000 0.727 0.563 0.5000
W 5 0 3.89612 -6.90511 -4.36472 1.95746 -3.90640 0.94633 -0.14779 0.26354 7.41239 0.99395 1.43933 -5.75118 0.11212 -0.07013 -0.39871 -0.98978 -4.10896 0.52666
W 5 1 3.13734 3.76605 -6.55339 1.59511 0.44260 0.19083 -0.06886 -0.23212 -2.82524 -0.18454 -0.12853 1.27110 0.79927 -0.78641 0.49673 -0.57586 0.30473 -0.34795
W 5 2 -4.30243 1.80841 7.03722 -1.03348 2.79984 -0.33917 0.08866 0.00866 -3.49580 -0.94086 -0.69726 2.21802 -1.58865 1.16010 1.21593 1.11084 2.03711 0.59339
W 5 3 -2.73102 1.33065 3.88088 -2.51909 0.66397 -0.79799 0.12799 -0.04008 -1.09135 0.13145 -0.61354 2.26207 0.67726 -0.30356 -1.31395 0.45480 1.76712 -0.77211
S 5 0 0.978 0.583 0.1666 1.000 0.561 0.5454 1.000 0.561 0.5452 0.830 0.887 0.6302 0.886 0.643 0.4102 0.939 0.941 0.5334 0.845 0.660 0.4302 0.913 1.099 0.3076 0.958 1.099 0.1904 0.982 1.099 0.1380 0.797 1.183 0.5982 0.786 1.183 0.5446 0.752 0.983 0.5454 0.895 1.182 0.6154 0.895 1.182 0.6150 0.853 0.716 0.5454 0.935 0.578 0.2222 0.873 0.578 0.1538 0.970 0.839 0.2352 0.828 1.095 0.2524 0.828 1.095 0.1988 0.828 1.095 0.2248 0.828 1.095 0.2118 0.828 1.095 0.2196 0.852 1.102 0.6428 0.852 1.102 0.6166 0.970 0.891 0.5000 0.970 0.891 0.3334 0.970 0.891 0.3846 0.970 0.891 0.3676 0.965 0.887 0.6666 0.963 0.626 0.5454 0.894 0.876 0.5454 0.896 1.040 0.6666 0.880 0.821 0.6386 0.987 0.713 0.5444 0.917 0.784 0.5454 0.917 0.798 0.5448 0.782 0.739 0.5454 0.793 0.739 0.5440 0.882 1.164 0.5454
W 6 0 1.19301 -0.56529 -1.37608 -0.17439 0.11972 0.64259 -0.05842 -0.12712 0.82792 0.18429 0.03961 -0.27682 -0.06805 -0.54165 -0.15671 -0.51417 0.07861 -0.21458
W 6 1 -1.19301 0.56529 1.37608 0.17439 -0.11972 -0.64259 0.05842 0.12712 -0.82792 -0.18429 -0.03961 0.27682 0.06805 0.54165 0.15671 0.51417 -0.07861 0.21458
W 6 2 0.00000 0.00000 0.00000 0.00000 0.00000 0.00000 0.00000 0.00000 0.00000 0.00000 0.00000 0.00000 0.00000 0.00000 0.00000 0.00000 0.00000 0.00000
W 6 3 0.00000 0.00000 0.00000 0.00000 0.00000 0.00000 0.00000 0.00000 0.00000 0.00000 0.00000 0.00000 0.00000 0.00000 0.00000 0.00000 0.00000 0.00000
P savage_floppy 0.0145
W 0 0 -0.35993 -0.70732 -1.17989 -0.58863 -1.04659 -0.54990 -0.40674 -0.44905 -0.73259 0.00000 -0.27721 -0.80693 -0.50904 -0.38432 -0.25149 -0.59909 -0.10047 0.33035
W 0 1 -0.86478 0.97897 -1.37566 -1.17391 -0.49712 -0.81341 -0.33560 -0.05279 -1.24008 0.00000 -0.01362 -0.00275 -0.14644 -0.15811 -0.10408 -0.09874 -0.21812 0.88238
W 0 2 0.37910 -0.17387 0.94147 5.43938 0.01617 -3.12271 1.07927 0.75471 2.92708 0.00000 0.03247 1.16475 0.26479 0.05287 -0.46444 0.17670 1.11361 3.86262
W 0 3 0.84561 -0.09778 1.61409 -3.67684 1.52754 4.48602 -0.33694 -0.25287 -0.95442 0.00000 0.25836 -0.35506 0.39068 0.48956 0.82001 0.52113 -0.79502 -5.07535
S 0 2 0.630 1.040 0.4167 0.220 1.039 0.4098 0.600 1.038 0.4032 0.220 1.034 0.2188 0.850 1.032 0.2165 0.950 1.033 0.2146 0.590 1.028 0.2110 0.520 0.876 0.2088 0.170 0.877 0.2053 0.970 0.868 0.1980 0.920 0.864 0.1942 0.620 0.867 0.1912 0.410 0.856 0.1855 0.290 0.852 0.1828 0.270 0.857 0.1835 0.790 0.688 0.1822 0.370 0.694 0.1758 0.340 0.684 0.1698 0.120 0.823 0.2320 0.250 0.818 0.2257 0.990 0.810 0.2123 0.340 0.805 0.2053 0.110 0.641 0.1883 0.050 0.629 0.1776 0.010 0.610 0.1615 0.590 0.597 0.1536 0.230 0.575 0.1362 0.880 0.542 0.1305 0.610 0.330 0.1228 0.070 0.204 0.1139 0.640 0.013 0.1080 0.240 1.040 0.4167 0.190 1.038 0.4000 0.720 1.036 0.3922 0.030 1.040 0.4167 0.050 1.102 0.3125 0.670 1.101 0.3077 0.490 1.099 0.1595 0.850 0.422 0.1580 0.670 1.097 0.1572 0.920 0.327 0.1558 1.000 0.943 0.1550 0.820 0.938 0.1522 0.790 0.000 0.1508 0.210 0.932 0.1515 0.730 0.926 0.1493 0.870 0.088 0.1488 0.940 0.766 0.1453 0.490 0.753 0.1420 0.230 0.739 0.1389 0.050 0.724 0.1359 0.480 0.561 0.1337 0.300 0.526 0.1282 0.800 0.483 0.1232 0.900 0.430 0.1185 0.620 0.360 0.1142 0.020 0.338 0.1238 0.310 1.040 0.4167 0.890 1.038 0.3937 0.310 1.036 0.3846 0.750 1.035 0.3774 0.830 1.033 0.3650 0.750 1.031 0.3584 0.280 1.030 0.3521 0.480 0.877 0.3356 0.080 0.873 0.3247 0.450 0.871 0.3145 0.320 0.867 0.2976 0.170 0.863 0.2874 0.330 0.861 0.2793 0.790 0.809 0.6024 0.720 0.671 0.5682 0.480 0.695 0.5102 0.120 1.040 0.4167 0.930 1.039 0.4098 0.050 1.037 0.3953 0.910 1.035 0.2188 0.240 1.034 0.2169 0.470 1.032 0.2128 0.620 1.030 0.2105 0.170 0.879 0.2088 0.050 1.040 0.4167 0.020 1.040 0.4167 0.810 1.102 0.3125 0.140 1.101 0.3086 0.100 1.040 0.4167 0.300 1.039 0.2075 0.010 1.037 0.2058 0.420 1.102 0.3125 0.030 1.100 0.1908 0.190 1.099 0.1894 0.130 1.097 0.1873 0.840 1.095 0.1859 0.110 1.093 0.1835 0.790 0.941 0.1821 0.580 0.937 0.1776 0.770 0.934 0.1757 0.100 0.676 0.1149 0.810 0.656 0.1139 0.230 0.609 0.1119 0.880 1.040 0.4167 0.390 1.039 0.4082 0.150 1.037 0.4016 0.490 1.039 0.2273 0.090 1.036 0.1821 0.110 1.034 0.1805 0.840 1.033 0.1792 0.580 1.030 0.1764 0.370 0.877 0.1727 0.670 0.871 0.1675 0.250 0.867 0.1647 0.860 0.865 0.1626 0.180 0.859 0.1585 0.220 0.855 0.1560 0.670 0.853 0.1541 0.700 0.696 0.1499 0.370 0.687 0.1479 0.200 0.682 0.1488 0.820 0.672 0.1294 0.490 0.825 0.1678 0.170 0.818 0.1661 0.120 0.813 0.1629 0.030 0.000 0.1059 0.150 0.088 0.1068 0.980 0.000 0.1059 0.110 0.088 0.1068 0.600 0.000 0.1059 0.130 1.101 0.2358 0.490 1.099 0.1550 0.100 1.097 0.1543 0.360 1.101 0.3086 0.240 0.422 0.1057 0.400 0.349 0.1053 0.840 0.477 0.1062 0.220 0.272 0.1057 0.490 0.088 0.1048 0.460 0.000 0.1046 0.300 0.301 0.1059 0.470 0.150 0.1050 0.560 1.040 0.4167 0.460 1.037 0.2058 0.200 1.036 0.2045 0.250 1.032 0.2016 0.170 1.031 0.2004 0.190 1.028 0.1980 0.740 0.877 0.1969 0.660 0.869 0.1923 0.190 0.869 0.1901 0.900 0.859 0.1859 0.190 0.861 0.1838 0.750 0.848 0.2950 0.070 0.968 0.2899 0.840 0.682 0.2755 0.730 0.836 0.2666 0.750 0.657 0.2506 0.030 0.845 0.2433 0.150 0.635 0.2320 0.670 0.836 0.2257 0.760 0.460 0.2141 0.970 0.660 0.2993 0.370 0.604 0.2617 0.120 0.645 0.2463 0.340 0.735 0.2049 0.790 0.674 0.1656 0.550 0.458 0.3788 0.920 0.398 0.1316 0.130 0.511 0.1603 0.830 0.477 0.1488 0.400 0.438 0.1389 0.740 1.040 0.4167 0.490 1.039 0.2070 0.710 1.044 0.4075 0.870 1.047 0.4026 0.910 0.890 0.8278 0.630 0.910 0.2195 0.610 0.906 0.2148 0.650 0.903 0.2120 0.400 0.900 0.2076 0.040 0.896 0.2051 0.100 0.893 0.2010 0.290 0.739 0.1986 0.740 0.731 0.1910 0.260 0.724 0.1867 0.850 0.573 0.1516 0.900 0.681 0.1489 0.010 0.540 0.1157 0.810 0.360 0.1142 0.300 0.287 0.1111 0.580 1.190 0.2083 0.780 0.790 0.1131 0.600 1.102 0.3125 0.370 1.100 0.3058 0.710 1.099 0.3021 0.750 1.097 0.2959 0.990 1.095 0.2933 0.150 1.093 0.2882
W 1 0 -0.60068 -0.02536 -1.63712 -0.13227 -0.22943 0.02077 0.00000 -0.60068 0.00000 0.00000 -0.60068 0.00000 -0.59460 -0.20389 -0.20546 -0.41963 -0.07397 -0.32769
W 1 1 0.00000 0.00000 0.00000 0.00000 0.00000 0.00000 0.00000 0.00000 0.00000 0.00000 0.00000 0.00000 0.00000 0.00000 0.00000 0.00000 0.00000 0.00000
W 1 2 0.33562 -0.24030 1.44410 1.81349 -0.10370 -0.34545 0.00000 0.33562 0.00000 0.00000 0.33562 0.00000 -0.54312 0.82549 0.61468 -0.12646 1.18009 0.74191
W 1 3 0.26505 0.26565 0.19302 -1.68122 0.33313 0.32468 0.00000 0.26505 0.00000 0.00000 0.26505 0.00000 1.13772 -0.62160 -0.40922 0.54609 -1.10612 -0.41422
S 1 2 0.450 1.036 0.3968 0.610 1.030 0.2128 0.150 0.872 0.2020 0.870 0.860 0.1883 0.020 0.697 0.1808 0.840 0.816 0.2198 0.240 0.652 0.2004 0.430 0.623 0.1703 0.540 0.590 0.1393 0.630 0.559 0.1333 0.590 0.373 0.1279 0.920 0.276 0.1182 0.310 0.452 0.1587 0.780 0.370 0.1565 0.790 0.049 0.1536 0.570 0.088 0.1502 0.650 0.759 0.1437 0.370 0.746 0.1404 0.480 0.731 0.1374 0.970 0.544 0.1309 0.290 0.505 0.1256 0.890 0.458 0.1208 0.080 0.398 0.1163 0.750 0.511 0.1263 0.630 0.287 0.1190 0.920 1.032 0.3717 0.010 0.876 0.3472 0.990 0.864 0.3068 0.530 0.850 0.2732 0.720 0.712 0.4717 0.710 1.037 0.4032 0.280 1.031 0.2151 0.890 0.872 0.2053 0.320 1.101 0.1919 0.490 1.098 0.1883 0.840 1.095 0.1848 0.910 0.940 0.1802 0.910 0.932 0.1739 0.380 0.666 0.1144 0.830 1.038 0.2252 0.920 1.032 0.1779 0.690 0.875 0.1704 0.670 0.863 0.1605 0.670 0.851 0.1522 0.980 0.823 0.1695 0.930 0.810 0.1650 0.410 1.102 0.3125 0.510 1.102 0.3125 0.170 1.099 0.1553 0.820 0.389 0.1055 0.480 0.500 0.1064 0.080 0.452 0.1059 0.240 0.199 0.1053 0.710 0.150 0.1050 0.250 0.239 0.1055 0.430 1.039 0.2070 0.550 1.034 0.2033 0.970 1.029 0.1992 0.880 0.873 0.1946 0.300 0.863 0.1880 0.820 0.853 0.3003 0.140 0.691 0.2849 0.250 0.667 0.2584 0.730 0.831 0.2198 0.260 0.661 0.2793 1.000 0.595 0.4032 0.860 1.050 0.3978 0.420 0.720 0.1826 0.830 1.101 0.3096 0.170 1.098 0.2994 0.890 1.095 0.2907
W 2 0 -0.00558 -0.48603 -2.19504 -0.02693 0.26759 0.25327 -0.44014 -0.88849 0.05218 -0.21098 0.07277 -0.64224 -0.89332 -0.36791 -0.50012 -0.75785 -0.39654 -0.87889
W 2 1 0.55935 0.25092 -1.71523 1.23538 -1.78162 -0.48089 0.05329 -1.27649 0.30882 0.19618 -0.05511 2.04783 -0.42449 -0.15251 -0.16712 -0.05862 0.52673 -0.51627
W 2 2 -0.95863 0.26397 2.80047 1.43769 -0.75563 0.14883 0.50487 1.64481 -0.17362 -0.94525 0.54099 -0.93573 0.57084 0.43594 0.31637 0.25146 0.19367 1.95902
W 2 3 0.40486 -0.02886 1.10981 -2.64615 2.26966 0.07879 -0.11802 0.52017 -0.18738 0.96005 -0.55865 -0.46985 0.74698 0.08447 0.35087 0.56501 -0.32385 -0.56386
S 2 2 0.920 1.039 0.4098 0.730 1.039 0.4098 0.300 0.875 0.2012 0.300 0.868 0.3734 0.630 0.922 0.3584 0.660 1.040 0.4167 0.410 1.035 0.4016 0.420 1.102 0.6188 0.540 0.645 0.1134 0.070 0.445 0.1114 0.000 1.036 0.3953 0.940 1.040 0.4167 0.630 1.028 0.1751 0.020 0.492 0.2006 0.980 1.040 0.4167 0.490 1.038 0.4100 0.050 0.220 0.1092 0.180 1.189 0.2075
W 3 0 0.05637 -0.20209 -0.45938 0.12818 -0.11081 0.10329 -0.04777 -0.37308 -0.07064 -0.54793 0.21202 -0.38839 -0.62097 -0.42800 -0.13362 -0.46089 -0.12466 -0.16162
W 3 1 -0.05637 0.20209 0.45938 -0.12818 0.11081 -0.10329 0.04777 0.37308 0.07064 0.54793 -0.21202 0.38839 0.62097 0.42800 0.13362 0.46089 0.12466 0.16162
W 3 2 0.00000 0.00000 0.00000 0.00000 0.00000 0.00000 0.00000 0.00000 0.00000 0.00000 0.00000 0.00000 0.00000 0.00000 0.00000 0.00000 0.00000 0.00000
W 3 3 0.00000 0.00000 0.00000 0.00000 0.00000 0.00000 0.00000 0.00000 0.00000 0.00000 0.00000 0.00000 0.00000 0.00000 0.00000 0.00000 0.00000 0.00000
W 4 0 0.90587 1.96829 -5.18985 -1.63950 -0.83244 0.75922 -1.77134 -0.41355 0.00000 -0.05492 0.00813 0.00000 -0.17556 -0.37926 -0.58833 -0.45186 0.15544 0.26671
W 4 1 0.00000 0.00000 0.00000 0.00000 0.00000 0.00000 0.00000 0.00000 0.00000 0.00000 0.00000 0.00000 0.00000 0.00000 0.00000 0.00000 0.00000 0.00000
W 4 2 -0.12893 -1.70946 3.13210 1.66669 0.45678 -0.20452 1.45622 -1.13613 0.00000 -1.82786 -2.30939 0.00000 0.38690 0.43643 0.62334 1.60404 1.46073 -0.32702
W 4 3 -0.77694 -0.25883 2.05776 -0.02719 0.37566 -0.55470 0.31512 1.54968 0.00000 1.88277 2.30126 0.00000 -0.21133 -0.05718 -0.03501 -1.15218 -1.61617 0.06031
S 4 0 0.292 1.036 0.4831 0.153 1.040 0.4878 0.466 1.101 0.4926 0.432 1.101 0.2481 0.741 0.850 0.4673 0.463 0.712 0.4464 0.142 1.035 0.4878 0.208 1.101 0.4926 0.957 1.040 0.4854 0.926 0.932 0.4762 0.994 0.932 0.2439 0.401 1.037 0.4831 0.477 0.672 0.4717 0.796 0.810 0.4545 0.698 0.810 0.2381 0.835 0.810 0.1613 0.781 1.102 0.4854 0.285 1.019 0.4902 0.874 1.019 0.2475 0.812 1.101 0.4902 0.820 1.101 0.2475 0.288 1.099 0.4902 0.231 1.099 0.2475 0.023 1.099 0.1656 0.372 1.040 0.4878 0.242 0.735 0.4630 0.703 0.458 0.4310 0.716 1.040 0.4878 0.454 1.050 0.4878 0.662 0.720 0.4545 0.637 1.189 0.4902 0.792 1.189 0.2475 0.926 1.189 0.1656 0.591 1.092 0.4902
W 5 0 1.72310 -2.77526 -0.54466 -0.04901 -1.03005 0.45826 -0.54258 -1.51593 3.57783 -0.14264 0.23034 -3.91908 -0.10304 -0.45468 -0.28284 -0.39382 -0.19295 -1.04597
W 5 1 1.26930 3.21088 -3.56364 0.55451 0.47222 -0.01394 -0.64129 -0.44386 0.05020 -0.34912 0.49158 1.86271 0.96440 -0.40642 1.47388 0.06264 0.63691 -0.49750
W 5 2 -1.41208 -0.36493 2.24914 0.45124 0.33760 0.09248 0.62641 0.94678 -1.71258 -1.69218 -0.47253 1.36728 -0.10503 0.34849 -0.02606 0.26704 -0.28698 0.98747
W 5 3 -1.58032 -0.07069 1.85916 -0.95674 0.22023 -0.53680 0.55745 1.01301 -1.91545 2.18394 -0.24940 0.68909 -0.75633 0.51262 -1.16498 0.06414 -0.15699 0.55601
W 6 0 0.83169 -0.45527 -1.11805 -0.43111 0.17411 0.46151 -0.22365 -0.44206 0.52596 0.08798 0.10868 -0.31774 -0.03832 -0.10690 -0.35041 -0.37242 -0.12640 -0.49408
W 6 1 -0.83169 0.45527 1.11805 0.43111 -0.17411 -0.46151 0.22365 0.44206 -0.52596 -0.08798 -0.10868 0.31774 0.03832 0.10690 0.35041 0.37242 0.12640 0.49408
W 6 2 0.00000 0.00000 0.00000 0.00000 0.00000 0.00000 0.00000 0.00000 0.00000 0.00000 0.00000 0.00000 0.00000 0.00000 0.00000 0.00000 0.00000 0.00000
W 6 3 0.00000 0.00000 0.00000 0.00000 0.00000 0.00000 0.00000 0.00000 0.00000 0.00000 0.00000 0.00000 0.00000 0.00000 0.00000 0.00000 0.00000 0.00000
P sic1 0.0078
W 0 0 0.41675 0.55152 0.28392 -1.54076 -1.47348 0.48911 -0.23797 -0.44905 -0.28711 0.00000 0.17197 -0.41939 -1.33589 -1.94329 0.55738 0.27788 -0.18506 -0.55287
W 0 1 0.97809 1.71956 -1.93529 5.92567 2.48435 -0.67841 0.67368 -0.05279 -0.71327 0.00000 -0.57160 0.49037 -0.39540 0.70972 0.51318 -1.57539 1.01995 4.09638
W 0 2 -2.37661 -0.42818 0.67552 2.16239 -0.81430 -1.09114 -0.46070 0.75471 0.99958 0.00000 -0.26720 0.09048 0.19328 -0.04846 -0.06302 -0.02887 -0.55361 -0.40861
W 0 3 0.98178 -1.84290 0.97585 -6.54730 -0.19657 1.28043 0.02498 -0.25287 0.00080 0.00000 0.66682 -0.16146 1.53802 1.28203 -1.00754 1.32637 -0.28128 -3.13491
W 1 0 0.44073 0.94094 -1.48385 2.09737 0.63584 -0.00206 0.00000 0.44073 0.00000 0.00000 0.44073 0.00000 -1.98359 -0.00327 -0.03146 -0.52918 0.53889 1.24168
W 1 1 0.00000 0.00000 0.00000 0.00000 0.00000 0.00000 0.00000 0.00000 0.00000 0.00000 0.00000 0.00000 0.00000 0.00000 0.00000 0.00000 0.00000 0.00000
W 1 2 -0.83373 -0.21454 1.78614 1.43878 0.02902 -0.42632 0.00000 -0.83373 0.00000 0.00000 -0.83373 0.00000 2.14784 -0.34134 -0.58552 0.59563 -0.48421 -0.83098
W 1 3 0.39301 -0.72640 -0.30229 -3.53615 -0.66486 0.42839 0.00000 0.39301 0.00000 0.00000 0.39301 0.00000 -0.16424 0.34461 0.61698 -0.06645 -0.05468 -0.41069
W 2 0 1.60830 0.30920 -1.94409 -0.60166 0.11970 -0.27778 -0.92781 -0.35001 1.60151 0.60347 0.58582 0.59427 -2.14449 0.42687 0.79267 -0.68125 -0.81052 -1.05517
W 2 1 1.75557 0.99513 -0.91409 3.38854 -0.02504 -0.12664 0.69876 -0.19346 -1.31910 -0.35693 0.20225 0.57458 0.88352 -0.61085 -1.00272 -0.07715 0.75582 0.91628
W 2 2 -2.63927 -0.53337 2.32507 0.45591 -1.79833 0.20660 0.33899 0.29129 -0.31841 -0.48359 -0.38509 -0.62431 0.51676 0.05584 0.18536 0.41066 -0.05758 1.16235
W 2 3 -0.72459 -0.77096 0.53312 -3.24279 1.70367 0.19783 -0.10995 0.25218 0.03600 0.23705 -0.40298 -0.54454 0.74421 0.12814 0.02470 0.34774 0.11229 -1.02347
W 3 0 0.55318 -0.11472 -0.57837 0.96169 0.31390 0.35234 0.14494 -0.34616 0.72877 -0.36252 0.21202 -0.34855 -1.16429 -0.48086 0.29351 -0.74951 -0.27160 0.52236
W 3 1 -0.55318 0.11472 0.57837 -0.96169 -0.31390 -0.35234 -0.14494 0.34616 -0.72877 0.36252 -0.21202 0.34855 1.16429 0.48086 -0.29351 0.74951 0.27160 -0.52236
W 3 2 0.00000 0.00000 0.00000 0.00000 0.00000 0.00000 0.00000 0.00000 0.00000 0.00000 0.00000 0.00000 0.00000 0.00000 0.00000 0.00000 0.00000 0.00000
W 3 3 0.00000 0.00000 0.00000 0.00000 0.00000 0.00000 0.00000 0.00000 0.00000 0.00000 0.00000 0.00000 0.00000 0.00000 0.00000 0.00000 0.00000 0.00000
W 4 0 4.40510 0.55295 -7.81214 0.68549 -2.20916 1.30173 -2.54500 0.33719 0.00000 0.29051 -0.80511 0.00000 -2.03420 -1.18047 -0.70109 -1.63595 1.52210 1.69763
W 4 1 0.00000 0.00000 0.00000 0.00000 0.00000 0.00000 0.00000 0.00000 0.00000 0.00000 0.00000 0.00000 0.00000 0.00000 0.00000 0.00000 0.00000 0.00000
W 4 2 -0.88297 -1.08646 3.91269 1.08605 0.96224 -0.15750 0.78068 0.44411 0.00000 -0.48467 -0.23059 0.00000 2.04993 0.02177 0.10913 0.51871 -0.11581 -0.79386
W 4 3 -3.52213 0.53350 3.89945 -1.77154 1.24692 -1.14423 1.76432 -0.78130 0.00000 0.19416 1.03571 0.00000 -0.01574 1.15870 0.59196 1.11724 -1.40630 -0.90378
S 4 0 0.850 1.092 0.4000 0.606 1.095 0.4000 0.551 1.095 0.1176 0.935 1.096 0.6800 0.734 1.095 0.3333 0.778 1.094 0.2000 0.921 0.954 0.7000 0.932 0.954 0.1389 0.976 0.954 0.6977 0.566 0.905 0.4000 0.552 0.905 0.2222 0.750 0.918 0.1000 0.458 0.871 0.4000 0.652 0.890 0.4000 0.575 0.770 0.3333 0.340 0.760 0.2000 0.713 0.760 0.4000 0.282 0.767 0.1000 0.623 0.512 0.4000 0.488 0.512 0.2222 0.769 0.479 0.7000 0.712 0.454 0.4000 0.787 0.509 0.3333 0.855 0.202 0.4000 0.865 0.008 0.4000 0.730 0.504 0.5000 0.909 0.888 0.7000 0.755 0.875 0.7000 0.676 0.885 0.1818 0.802 0.885 0.1000 0.891 0.885 0.6972 0.832 0.322 0.1818 0.636 1.040 0.3333 0.627 1.040 0.2000 0.585 1.040 0.1429 0.643 1.037 0.1471 0.823 1.037 0.0952 0.913 1.037 0.0988 0.652 0.797 0.1053 0.765 0.797 0.0960 0.992 0.797 0.6957 0.776 0.691 0.2857 0.874 0.708 0.2857 0.877 0.708 0.1075 0.875 0.708 0.0990 0.650 0.490 0.3333 0.611 0.490 0.1220 0.504 0.298 0.2000 0.559 0.475 0.3333 0.642 0.519 0.2857 0.762 0.594 0.2857 0.976 0.594 0.7000 0.569 0.414 0.2857 0.512 0.414 0.1070 0.847 1.182 0.5000 0.839 1.183 0.2000 0.632 1.183 0.2000 0.664 1.183 0.1429 0.894 1.037 0.7000 0.897 1.030 0.7000 0.576 0.987 0.1429 0.854 0.992 0.2857 0.854 0.992 0.1818 0.841 0.992 0.1333 0.662 0.831 0.2500 0.924 0.831 0.0992 0.862 0.864 0.2857 0.813 0.864 0.1538 0.854 0.864 0.1053 0.743 0.557 0.2857 0.897 0.356 0.1818 0.878 0.356 0.1333 0.550 0.521 0.4000 0.797 0.333 0.4000 0.728 0.333 0.2222 0.611 0.333 0.1538 0.626 0.750 0.5000 0.830 1.102 0.1818 0.588 1.098 0.1818 0.631 1.098 0.1333 0.697 1.098 0.1053 0.856 1.105 0.3333 0.882 1.090 0.2000 0.858 1.090 0.1429 0.762 0.911 0.1818 0.568 0.918 0.1818 0.548 0.918 0.1333 0.789 0.930 0.4000 0.707 0.349 0.4000 0.778 0.406 0.4000 0.703 0.452 0.3333 0.516 0.452 0.2000 0.333 0.452 0.1429 0.791 1.040 0.2857 0.853 1.040 0.1538 0.660 1.039 0.1000 0.582 1.039 0.1000 0.611 1.039 0.0972 0.842 1.034 0.2857 0.861 1.034 0.1538 0.872 1.034 0.0979 0.841 0.988 0.6857 0.725 0.824 0.2857 0.744 0.824 0.1818 0.706 0.836 0.2500 0.721 0.827 0.2857 0.902 0.834 0.7000 0.717 0.650 0.2500 0.680 0.650 0.1250 0.633 0.650 0.1000 0.573 0.724 0.2857 0.649 0.753 0.2500 0.785 0.753 0.1667 0.717 0.753 0.1250 0.699 0.760 0.1538 0.716 0.760 0.1053 0.640 0.760 0.1000 0.677 0.527 0.3333 0.666 0.527 0.1667 0.660 0.527 0.1000 0.819 0.705 0.1000 0.544 0.804 0.1000 0.498 0.804 0.1000 0.953 0.654 0.6989 0.505 0.629 0.5000 0.899 0.629 0.6989 0.702 0.642 0.2273 0.698 0.642 0.1562 0.623 0.556 0.2000 0.627 0.556 0.1429 0.786 0.487 0.2273 0.862 1.079 0.1818 0.669 1.082 0.4000 0.802 1.084 0.4000 0.906 1.086 0.1111 0.928 1.086 0.1000 0.680 1.000 0.3333 0.782 0.839 0.3333 0.987 0.844 0.7000 0.757 0.852 0.4000 0.750 0.850 0.3333 0.792 0.850 0.2000 0.783 0.850 0.1429 0.566 0.379 0.4000 0.740 0.218 0.4000 0.818 1.102 0.1000 0.867 1.102 0.1000 0.806 1.066 0.5000 0.903 1.066 0.7000 0.616 1.160 0.2000 0.992 1.162 0.7000 0.642 1.009 0.5000 0.712 0.989 0.5000 0.788 0.991 0.7000 0.678 0.983 0.1000 0.570 0.997 0.1000 0.805 0.853 0.2500 0.564 0.853 0.1000 0.593 0.632 0.5000 0.609 0.632 0.2500 0.672 0.584 0.5000 0.635 0.584 0.2500 0.947 1.101 0.7000 0.807 1.102 0.3333 0.938 1.082 0.7000 0.968 1.082 0.7000 0.827 1.120 0.3333 0.664 1.058 0.2000 0.698 1.058 0.1429 0.676 1.123 0.3333 0.619 1.050 0.2000 0.681 1.050 0.1429 0.666 0.968 0.3333 0.672 0.890 0.2000 0.887 0.890 0.1429 0.873 0.913 0.3333 0.837 0.913 0.2000 0.834 0.913 0.1429 0.828 0.775 0.3333 0.816 0.775 0.1000 0.787 0.809 0.6994 0.770 0.745 0.3333 0.698 0.745 0.1667 0.717 0.701 0.1250 0.940 0.777 0.7000 0.401 0.789 0.3333 0.456 0.754 0.3333 0.826 0.611 0.3333 0.754 0.454 0.2000 0.700 0.454 0.1429 0.941 0.553 0.7000 0.683 0.613 0.3333 0.817 0.690 0.5000 0.838 0.690 0.2500 0.811 0.690 0.1667 0.613 0.557 0.5000 0.650 1.026 0.2857 0.597 1.026 0.1538 0.896 0.935 0.2500 0.843 0.935 0.1000 0.971 0.935 0.1000 0.943 0.976 0.6935 0.721 0.884 0.2500 0.685 0.558 0.1667 0.815 0.898 0.2500 0.914 0.908 0.7000 0.939 0.501 0.6979 0.938 0.919 0.7000 0.879 0.919 0.6979 0.787 0.937 0.2500 0.858 0.937 0.1429 0.806 0.937 0.1000 0.697 0.800 0.3333 0.800 0.811 0.7000 0.723 0.831 0.3333 0.722 0.831 0.1667 0.673 0.831 0.7000 0.752 0.855 0.3333 0.737 0.611 0.2000 0.731 0.611 0.1429 0.686 0.867 0.3333 0.658 0.863 0.3333 0.590 0.859 0.3333 0.870 0.859 0.6988 0.479 0.685 0.3333 0.529 0.489 0.4000 0.608 0.502 0.3333 0.688 0.372 0.3333 0.623 0.408 0.4000 0.833 0.453 0.3333 0.866 0.391 0.4000
W 5 0 5.67022 -2.89598 -1.32201 1.30949 -1.31102 0.58460 0.23938 -0.56247 2.56338 1.41635 -3.42763 -5.17646 -2.65559 -1.92568 -0.70475 -0.60509 0.61778 -1.04950
W 5 1 0.29442 3.80420 -2.61436 0.46130 0.05008 -0.03569 -0.55729 -1.53718 -1.64974 0.36595 1.38993 0.62902 3.60613 -0.93418 2.06330 1.39268 0.94520 -0.33660
W 5 2 -3.81440 -0.82219 2.20284 -0.59139 1.17673 0.34249 0.27817 0.73921 1.15008 -0.46380 0.82898 3.64608 -0.68066 0.48143 -0.84197 0.17676 -0.59688 0.76350
W 5 3 -2.15025 -0.08603 1.73352 -1.17940 0.08421 -0.89140 0.03974 1.36044 -2.06373 -1.31851 1.20873 0.90136 -0.26989 2.37843 -0.51658 -0.96435 -0.96610 0.62260
S 5 0 0.833 1.095 0.7620 0.787 0.918 0.7620 0.578 0.767 0.7620 0.469 1.094 0.8000 0.929 1.039 0.5454 0.929 1.039 0.6136 0.929 1.039 0.6152 0.886 0.987 0.5690 0.550 0.521 0.8000 0.979 0.710 0.5454 0.903 1.066 0.9290 0.935 1.007 0.5250
W 6 0 1.17785 -0.33801 -1.07980 -0.16127 0.24842 0.46863 -0.05842 -0.25303 0.71566 0.27027 0.15061 -0.22993 0.29413 0.13264 -0.45313 -0.50395 -0.20665 -0.31214
W 6 1 -1.17785 0.33801 1.07980 0.16127 -0.24842 -0.46863 0.05842 0.25303 -0.71566 -0.27027 -0.15061 0.22993 -0.29413 -0.13264 0.45313 0.50395 0.20665 0.31214
W 6 2 0.00000 0.00000 0.00000 0.00000 0.00000 0.00000 0.00000 0.00000 0.00000 0.00000 0.00000 0.00000 0.00000 0.00000 0.00000 0.00000 0.00000 0.00000
W 6 3 0.00000 0.00000 0.00000 0.00000 0.00000 0.00000 0.00000 0.00000 0.00000 0.00000 0.00000 0.00000 0.00000 0.00000 0.00000 0.00000 0.00000 0.00000
P supernakash 0.0245
W 0 0 2.97807 0.25617 0.12508 -1.41002 -1.77939 1.68679 0.25961 -3.26674 1.12415 0.00000 0.20204 -3.38929 -0.84239 0.02097 -2.99748 -0.38150 2.02153 2.49376
W 0 1 1.14445 2.04775 -1.51323 2.40917 1.20434 0.20987 1.22955 2.84899 -1.26042 0.00000 -0.02321 3.28700 0.40515 0.26205 2.73128 0.14248 -1.01317 0.53399
W 0 2 -3.01162 -0.61967 0.58920 1.55020 -1.01592 -1.21270 -0.80068 0.72091 0.77082 0.00000 -0.17843 0.01905 0.18878 -0.19651 0.02115 -0.03706 -0.79738 -0.94304
W 0 3 -1.11090 -1.68425 0.79895 -2.54935 1.59097 -0.68396 -0.68848 -0.30316 -0.63455 0.00000 -0.00041 0.08324 0.24846 -0.08651 0.24505 0.27607 -0.21098 -2.08470
W 1 0 1.16048 0.70643 -2.80175 0.64620 -0.52470 0.88945 0.00000 1.16048 0.00000 0.00000 1.16048 0.00000 -0.96147 0.00154 -2.22680 -0.01169 -0.67617 1.04499
W 1 1 0.00000 0.00000 0.00000 0.00000 0.00000 0.00000 0.00000 0.00000 0.00000 0.00000 0.00000 0.00000 0.00000 0.00000 0.00000 0.00000 0.00000 0.00000
W 1 2 -0.63114 -1.07483 2.07763 2.60626 0.99905 -0.46527 0.00000 -0.63114 0.00000 0.00000 -0.63114 0.00000 1.04250 0.68001 1.05156 0.28050 0.11500 -0.69882
W 1 3 -0.52934 0.36840 0.72411 -3.25246 -0.47435 -0.42419 0.00000 -0.52934 0.00000 0.00000 -0.52934 0.00000 -0.08103 -0.68155 1.17525 -0.26881 0.56116 -0.34617
S 1 0 0.910 0.839 1.0000 0.940 0.603 1.0000 0.740 0.809 1.0000 0.900 0.480 1.0000 0.750 0.516 1.0000 0.060 0.543 0.4000 0.900 0.900 1.0000 0.420 0.682 0.4000 0.750 0.532 0.5000 0.860 1.035 0.3333 0.740 0.874 1.0000 1.000 0.597 1.0000 0.800 0.453 1.0000 0.860 1.033 0.5000 0.920 1.033 1.0000 0.840 0.738 1.0000 0.900 0.762 1.0000 0.990 0.984 1.0000 0.970 0.887 1.0000 0.970 0.598 1.0000 0.740 0.923 1.0000 0.800 1.023 1.0000 0.980 0.570 1.0000 0.910 0.418 0.5000 0.710 0.981 1.0000 0.860 0.973 1.0000 0.680 0.605 0.5000 0.980 0.678 1.0000 0.950 0.443 1.0000
W 2 0 1.31406 -1.01939 -0.36189 0.88841 -0.28380 0.57750 -0.58977 -0.36402 4.27953 0.32407 0.95801 -2.72758 -0.80744 -0.15633 -1.40192 -0.07573 0.51384 0.08796
W 2 1 2.52784 2.59048 -2.32471 2.30208 0.60457 -0.73777 0.49510 0.06999 -3.80870 -0.06945 -0.08192 4.01517 -0.32860 0.06533 0.99774 -0.60148 -0.36648 0.10033
W 2 2 -2.97673 -0.72138 2.19300 0.19538 -1.92981 0.04008 0.25075 0.11125 -0.45444 -0.48762 -0.42214 -0.70501 0.46041 0.00195 0.20441 0.32067 -0.13014 0.94536
W 2 3 -0.86518 -0.84971 0.49360 -3.38587 1.60903 0.12019 -0.15608 0.18278 -0.01638 0.23300 -0.45395 -0.58257 0.67563 0.08904 0.19976 0.35653 -0.01722 -1.13365
W 3 0 -0.96435 -0.61378 -0.76094 1.68846 0.10299 0.62640 0.45391 -0.01388 0.11418 -0.22631 0.11126 -0.01273 -1.14868 0.07815 -0.77840 -0.21616 0.64199 0.63054
W 3 1 0.96435 0.61378 0.76094 -1.68846 -0.10299 -0.62640 -0.45391 0.01388 -0.11418 0.22631 -0.11126 0.01273 1.14868 -0.07815 0.77840 0.21616 -0.64199 -0.63054
W 3 2 0.00000 0.00000 0.00000 0.00000 0.00000 0.00000 0.00000 0.00000 0.00000 0.00000 0.00000 0.00000 0.00000 0.00000 0.00000 0.00000 0.00000 0.00000
W 3 3 0.00000 0.00000 0.00000 0.00000 0.00000 0.00000 0.00000 0.00000 0.00000 0.00000 0.00000 0.00000 0.00000 0.00000 0.00000 0.00000 0.00000 0.00000
W 4 0 2.28084 5.34030 -9.30547 -1.05110 -0.80889 1.01426 0.04019 0.01436 0.00000 0.01107 0.05830 0.00000 0.15596 -0.29076 0.57308 -0.25772 0.49686 2.46735
W 4 1 0.00000 0.00000 0.00000 0.00000 0.00000 0.00000 0.00000 0.00000 0.00000 0.00000 0.00000 0.00000 0.00000 0.00000 0.00000 0.00000 0.00000 0.00000
W 4 2 1.23768 -6.12632 5.53460 3.72610 -0.03388 0.01984 -0.17550 0.12509 0.00000 -0.58121 -0.87278 0.00000 -0.48539 -0.11638 0.41893 0.43533 0.06241 -1.27377
W 4 3 -3.51851 0.78602 3.77087 -2.67501 0.84277 -1.03410 0.13531 -0.13944 0.00000 0.57014 0.81447 0.00000 0.32943 0.40715 -0.99201 -0.17761 -0.55927 -1.19359
S 4 1 0.869 1.006 8.5000 0.883 0.839 9.0000 0.663 0.875 3.5000 0.940 1.092 6.5000 0.728 0.938 0.9997 0.593 0.938 1.0011 0.598 0.938 0.9996 0.633 0.931 1.0000 0.593 0.931 0.9999 0.648 0.938 1.0003 0.689 0.938 0.9999 0.792 0.938 0.9999 0.533 0.956 0.9999 0.553 0.803 0.9997 0.513 0.780 1.0000 0.718 0.768 0.9999 0.352 0.762 1.0000 0.229 0.762 0.9999 0.860 0.576 1.0000 0.453 0.598 1.0003 0.562 0.598 0.9999 0.708 0.598 0.9999 0.703 0.636 1.0000 0.686 0.636 1.0003 0.570 0.636 0.9999 0.844 0.560 1.0000 0.829 0.560 1.0000 0.561 0.418 1.0000 0.496 0.418 1.0003 0.319 0.418 0.9999 0.851 1.045 10.0000 0.929 0.727 3.5000 0.825 1.034 8.5000 0.746 0.890 8.0000 0.893 0.841 6.0000 0.965 0.674 18.0000 0.846 0.542 6.0000 0.804 0.710 2.5000 0.951 0.718 7.5000 0.951 0.559 6.5000 0.762 0.667 2.5000 0.771 0.496 6.0000 0.924 0.562 5.5000 0.221 0.949 1.0000 0.304 0.947 1.0000 0.388 0.941 0.9999 0.552 0.941 0.9997 0.520 0.941 0.9996 0.372 0.954 1.0000 0.716 0.945 1.0000 0.718 0.796 1.0000 0.605 0.786 1.0000 0.647 0.785 1.0000 0.380 0.774 1.0000 0.422 0.773 1.0000 0.950 0.761 1.0000 0.305 0.610 1.0000 0.335 0.552 1.0000 0.185 0.543 0.9999 0.355 0.576 1.0000 0.927 1.036 63.5000 0.792 0.870 7.0000 0.732 0.590 5.0000 0.915 0.829 2.0000 0.841 1.096 3.0000 0.823 1.096 21.0000 0.947 0.946 6.0000 0.266 0.682 0.9999 0.200 0.682 0.9997 0.174 0.682 0.9996 0.383 0.478 1.0000 0.478 0.478 1.0003 0.505 0.672 1.0000 0.562 0.774 0.9999 0.952 0.764 0.9998 0.962 0.764 1.0003 0.512 0.804 1.0000 0.434 0.669 1.0000 0.407 0.648 1.0000 0.366 0.648 1.0000 0.942 0.697 1.0002 0.453 0.669 1.0000 0.472 0.669 1.0008 0.353 0.669 1.0010 0.403 0.484 1.0000 0.735 0.578 1.0000 0.562 0.578 1.0002 0.679 0.508 1.0002 0.382 0.435 1.0000 0.271 0.435 1.0002 0.333 0.547 1.0000 0.568 0.345 1.0002 0.815 0.870 6.0000 0.846 0.655 5.5000 0.962 1.099 7.0000 0.769 0.920 3.0000 0.779 0.625 6.0000 0.958 1.035 11.0000 0.697 1.042 8.0000 0.280 0.652 0.9999 0.473 0.672 0.9999 0.312 0.583 1.0002 0.635 0.441 0.9998 0.690 0.722 1.0000 0.430 0.563 1.0000 0.894 0.785 11.0000 0.916 1.086 12.5000 0.988 0.908 10.0000 0.843 0.651 9.0000 0.863 0.934 5.0000 0.817 0.762 4.5000 0.903 1.083 5.5000 0.535 1.039 1.0004 0.979 1.039 1.0000 0.996 1.039 0.9998 0.328 1.048 1.0002 0.474 1.042 1.0000 0.493 1.029 1.0000 0.455 1.029 0.9996 0.802 1.016 0.9979 0.856 1.016 0.9977 0.876 1.020 0.9998 0.848 1.020 0.9990 0.911 1.020 1.0020 0.480 1.021 1.0004 0.628 0.876 0.9999 0.410 0.959 0.9998 0.403 0.959 1.0004 0.226 0.959 1.0005 0.688 0.878 1.0000 0.627 0.487 0.9999 0.611 0.487 1.0000 0.533 0.955 1.0000 0.593 0.955 0.9996 0.824 0.955 0.9996 0.837 0.618 0.9997 0.783 0.618 0.9996 0.787 0.618 0.9996 0.466 0.531 1.0000 0.292 0.676 0.9997 0.188 0.676 0.9996 0.079 0.676 0.9996 0.605 0.490 1.0000 0.403 0.676 1.0000 0.419 0.439 1.0000 0.221 1.101 1.0003 0.174 1.101 0.9999 0.101 1.101 0.9999 0.261 1.089 1.0000 0.794 1.092 0.9999 0.949 1.092 0.9999 0.831 1.096 1.0000 0.718 0.810 1.0000 0.462 0.818 1.0004 0.403 0.818 1.0005 0.362 0.818 1.0004 0.602 0.841 1.0000 0.766 0.693 1.0000 0.974 0.684 1.0003 0.973 0.684 0.9999 0.828 0.684 0.9999 0.848 0.737 1.0002 0.828 0.737 1.0000 0.807 1.189 2.0000 0.865 1.190 5.0000 0.996 1.017 2.0000 0.907 0.656 9.5000 0.715 0.595 7.5000 0.781 1.038 7.0000 0.813 1.038 21.0000 0.909 0.881 7.0000 0.912 0.894 8.0000 0.834 0.704 3.0000 0.991 0.691 6.3000 0.832 1.101 7.5000 0.703 0.937 7.5000 0.469 0.620 1.0000 0.818 0.450 1.0000 0.777 0.450 1.0000 0.893 1.102 2.5000 0.899 1.099 2.5000 0.682 1.104 0.9997 0.713 1.104 0.9996 0.784 1.104 0.9996 0.398 1.097 1.0000 0.302 1.097 0.9999 0.184 0.946 1.0000 0.378 0.941 1.0000 0.320 0.940 1.0000 0.610 0.941 1.0004 0.980 0.941 1.0005 0.926 0.941 1.0004 0.821 0.922 0.9999 0.367 0.781 1.0004 0.347 0.781 1.0005 0.229 0.781 1.0004 0.605 0.775 1.0000 0.740 0.511 1.0000 0.662 0.511 1.0004 0.686 0.511 1.0001 0.443 0.403 1.0000 0.379 0.442 1.0000 0.815 1.037 8.5000 0.742 1.046 8.0000 0.877 0.881 7.0000 0.842 1.021 6.5000 0.875 1.102 9.0000 0.818 1.097 90.0000 0.791 1.075 24.0000 0.842 0.919 10.0000 0.851 0.692 4.0000 0.789 0.864 3.5000 0.533 1.039 0.9999 0.491 1.038 0.9999 0.372 1.038 1.0000 0.251 1.038 1.0003 0.394 1.037 1.0000 0.489 1.035 1.0000 0.403 1.029 1.0004 0.208 1.029 1.0005 0.213 1.029 1.0004 0.339 0.858 0.9997 0.536 0.858 0.9996 0.468 0.858 1.0000 0.540 0.882 1.0004 0.403 0.882 1.0005 0.465 0.882 1.0004 0.251 0.865 0.9999 0.598 0.918 1.0004 0.435 0.918 1.0005 0.676 0.918 1.0004 0.483 0.845 0.9999 0.416 0.845 1.0000 0.237 0.715 1.0000 0.163 0.710 0.9999 0.108 0.710 0.9998 0.546 0.751 0.9999 0.846 1.038 4.0000 0.816 0.758 2.5000 0.828 1.040 6.5000 0.247 0.406 1.0000 0.265 0.406 0.9999 0.041 0.406 0.9998 0.967 1.030 2.0000 0.838 0.774 2.0000 0.859 0.780 5.0000 0.872 0.780 15.0000 0.804 0.649 2.0000 0.889 0.649 6.0000 0.926 0.519 2.0000 0.877 1.028 4.0000 0.666 0.856 2.9000 0.960 0.735 3.0000 0.746 0.728 6.6000 0.677 0.654 7.0000 0.849 0.620 3.5000 0.812 0.460 2.5000 0.870 0.629 2.5000 0.805 0.868 3.5000 0.861 0.842 3.5000 0.825 0.597 7.5000 0.971 1.188 9.6000 0.975 1.188 2.0000 0.900 1.033 4.0000 0.958 1.038 2.0000 0.831 1.086 2.5000 0.899 1.087 3.0000 0.940 0.900 3.0000 0.765 0.662 12.0000 0.848 0.720 2.5000 0.833 0.606 3.0000 0.895 0.391 2.0000 0.815 0.870 3.5000 0.733 0.572 3.5000 0.946 1.026 3.5000 0.975 1.022 3.5000 0.982 0.834 3.5000 0.853 0.843 3.5000 0.771 0.664 3.5000 0.924 0.308 2.5000 0.824 1.036 3.5000 0.923 1.036 14.0000 0.960 1.036 42.0000 0.797 0.984 10.5000 0.773 0.887 14.0000 0.813 0.561 5.0000 0.838 0.561 15.0000 0.807 0.460 3.5000 0.858 0.637 3.0000 0.873 1.102 15.2000 0.967 1.068 5.5000 0.728 0.954 3.0000 0.991 0.907 2.5000 0.859 0.949 3.0000 0.918 0.949 9.0000 0.926 0.949 27.0000 0.857 0.754 3.0000 0.882 0.571 3.0000 0.888 1.034 4.0000 0.987 1.040 3.5000 0.737 0.757 3.5000 0.834 0.398 3.0000 0.942 1.040 4.0000 0.999 1.040 12.0000 0.874 1.069 4.0000 0.855 0.917 5.5000 0.857 0.806 5.5000 0.955 0.816 3.0000 0.905 0.810 2.5000 0.904 0.602 2.5000 0.831 0.497 6.0000 0.948 1.095 14.0000 0.955 1.095 42.0000 0.817 1.000 5.0000 0.842 1.000 15.0000 0.877 1.000 45.0000 0.811 0.885 2.0000 0.826 0.885 6.0000 0.785 0.885 18.0000 0.725 1.023 3.5000 0.793 1.023 14.0000 0.914 1.040 12.5000 0.931 0.886 5.0000 0.959 0.895 9.5000 0.912 0.783 6.5000 0.970 0.696 8.5000 0.996 0.696 25.5000 0.841 0.446 2.1688 0.842 1.040 4.0000 0.935 1.038 4.0000 0.835 1.036 10.4000 0.848 0.938 4.0000 0.914 0.781 4.0000 0.920 0.424 12.0000 0.916 0.577 2.0000 0.918 0.525 4.0000 0.828 0.276 2.0000 0.827 0.978 4.4000 0.805 0.974 2.0000 0.729 0.833 2.0000 0.753 0.863 5.0000 0.797 0.723 2.0000 0.784 0.775 6.5000 0.765 0.642 4.5000 0.765 0.668 3.0000 0.880 1.037 3.5000 0.720 1.034 3.5000 0.709 0.673 3.5000 0.893 0.954 3.0000 0.791 0.954 9.0000 0.832 0.954 27.0000 0.831 0.682 3.0000 0.863 0.682 9.0000 0.940 1.038 3.5000 0.870 0.847 7.0000 0.753 0.648 6.5000 0.896 1.040 8.0000 0.901 1.030 6.0000 0.953 0.758 11.2000
W 5 0 4.19314 -4.82097 -2.59133 1.36054 -2.56437 0.77025 0.43846 -0.34854 8.12969 0.61564 1.25814 -6.51822 0.63852 -0.25401 0.31131 -0.78882 0.15782 0.75444
W 5 1 0.89395 5.61920 -1.44226 1.04222 2.21857 -0.14362 -0.72510 -0.01973 -4.93885 -0.01844 -0.35162 4.31945 0.23833 -0.39323 -0.07558 0.40845 0.01397 -0.48518
W 5 2 -2.49324 -0.75250 2.06493 -0.54475 0.01074 -0.03842 0.25871 0.18700 -1.92698 -0.57972 -0.57316 1.25180 -0.38432 0.23974 0.08223 0.18836 -0.15522 0.01608
W 5 3 -2.59385 -0.04573 1.96866 -1.85802 0.33506 -0.58821 0.02793 0.18127 -1.26387 -0.01748 -0.33336 0.94696 -0.49252 0.40750 -0.31797 0.19202 -0.01657 -0.28534
W 6 0 0.58683 -0.91119 -1.54106 -0.17333 0.11715 0.46151 0.06776 -0.20874 0.73533 0.27937 0.14555 -0.57471 -0.02358 0.00536 -0.21077 -0.52095 -0.11285 -0.18942
W 6 1 -0.58683 0.91119 1.54106 0.17333 -0.11715 -0.46151 -0.06776 0.20874 -0.73533 -0.27937 -0.14555 0.57471 0.02358 -0.00536 0.21077 0.52095 0.11285 0.18942
W 6 2 0.00000 0.00000 0.00000 0.00000 0.00000 0.00000 0.00000 0.00000 0.00000 0.00000 0.00000 0.00000 0.00000 0.00000 0.00000 0.00000 0.00000 0.00000
W 6 3 0.00000 0.00000 0.00000 0.00000 0.00000 0.00000 0.00000 0.00000 0.00000 0.00000 0.00000 0.00000 0.00000 0.00000 0.00000 0.00000 0.00000 0.00000
P thekingbas 0.0134
W 0 0 5.23023 1.05462 -0.59706 1.29606 0.52058 0.31666 0.86282 -0.44905 -2.95737 0.00000 -0.15124 -1.41026 -1.62550 0.49737 -5.43949 -1.59934 0.87324 -0.39893
W 0 1 -0.75960 0.93451 -1.43075 -1.24052 -0.59300 -0.67586 -0.40681 -0.05279 -1.23892 0.00000 -0.07955 -0.03547 -0.21502 -0.12183 -0.19383 -0.12537 -0.34656 0.77192
W 0 2 -3.91504 -0.47743 1.16713 2.26124 -1.58669 0.79760 0.03357 0.75471 4.66059 0.00000 0.33402 1.31019 1.61050 -0.36405 5.53188 1.37737 -0.40687 1.60499
W 0 3 -0.55559 -1.51170 0.86068 -2.31678 1.65911 -0.43840 -0.48957 -0.25287 -0.46430 0.00000 -0.10322 0.13554 0.23001 -0.01149 0.10144 0.34734 -0.11980 -1.97797
S 0 0 0.920 1.101 0.6667 0.750 1.100 0.6000 0.280 1.101 1.0000 0.900 0.948 0.6666 0.750 0.944 0.7500 0.840 0.944 0.7500 0.990 0.791 0.7500 0.670 0.782 0.7500 0.940 0.637 0.7500 0.910 0.217 0.7500 0.760 0.867 0.6000 0.940 0.736 0.6000 0.750 0.996 0.5715 0.940 0.879 0.5715 0.830 0.889 0.6667 0.990 0.733 0.6875 0.820 0.726 0.6429 0.900 0.739 0.6452 0.870 0.425 0.7500 0.740 0.242 0.7500 0.760 1.104 0.6667 0.920 1.097 0.6000 0.900 0.924 0.6667 0.830 0.588 0.6000 0.740 0.615 0.6000 0.830 0.350 0.7500 0.950 1.040 0.6667 0.860 0.615 0.6667 0.750 1.106 0.6667 0.570 1.111 1.0000 0.860 0.634 0.7500 0.760 0.574 0.7500 0.940 0.453 0.7500 0.830 0.274 0.7500 0.750 1.102 0.6667 0.860 0.942 0.6000 0.940 0.862 0.6000 0.840 1.102 0.6000 0.830 1.098 0.6667 0.920 1.092 0.6000 0.710 0.878 0.6667 0.840 0.958 0.6667 0.920 0.927 0.6667 0.840 0.952 0.7500 0.950 0.605 0.7500 1.000 0.573 0.7500 0.830 0.635 0.7500 0.950 0.432 0.7500 0.950 0.317 0.7500 0.950 1.038 0.6667 0.740 0.256 0.5715 0.760 1.091 0.6667 0.920 0.950 0.6667 0.980 0.955 0.6000 0.840 0.784 0.6000 0.760 0.789 0.6000 0.670 0.480 0.7500 1.000 0.276 0.7500 0.900 0.157 0.7500 0.840 0.013 0.7500 0.670 1.038 0.6667 0.750 0.694 0.6000 0.900 0.706 0.6667 0.830 0.719 0.6000 0.830 0.263 0.6667 0.760 1.046 0.6667 0.860 1.044 0.5715
W 1 0 0.52564 0.50394 -1.47577 0.60316 -1.72624 -0.15194 0.00000 0.52564 0.00000 0.00000 0.52564 0.00000 -1.09118 0.26247 -1.02005 0.47907 0.46195 0.60216
W 1 1 0.00000 0.00000 0.00000 0.00000 0.00000 0.00000 0.00000 0.00000 0.00000 0.00000 0.00000 0.00000 0.00000 0.00000 0.00000 0.00000 0.00000 0.00000
W 1 2 0.11956 -0.40514 1.29841 1.96787 1.71390 0.35501 0.00000 0.11956 0.00000 0.00000 0.11956 0.00000 0.95361 -0.12477 0.86090 -0.68645 -0.45728 -0.76764
W 1 3 -0.64520 -0.09880 0.17735 -2.57103 0.01234 -0.20307 0.00000 -0.64520 0.00000 0.00000 -0.64520 0.00000 0.13757 -0.13771 0.15914 0.20738 -0.00468 0.16548
S 1 0 0.830 1.102 0.8000 0.300 1.056 0.8000 0.520 0.709 0.3333 0.970 0.837 0.2500 0.750 0.857 0.2500 0.990 0.887 0.2500 0.940 0.743 0.3333 0.000 0.736 0.3333 0.870 1.099 0.6667 0.420 1.094 0.6667 0.470 0.965 0.3333 0.120 0.764 0.3333 0.620 0.787 0.3333 0.560 0.673 0.3333 0.540 0.658 0.3333 0.800 0.246 0.4000 0.940 1.112 1.0000 0.860 1.123 1.0000 0.820 0.973 0.5000 0.110 0.928 0.5000 0.280 0.610 0.5000 0.000 0.633 0.5000 0.600 0.674 0.5000 0.240 0.936 0.3333 0.710 0.712 0.3333 0.360 1.099 0.6667 0.700 1.095 0.6667 0.610 1.115 0.6667 0.700 0.953 0.3333 0.830 0.951 0.3333 0.430 0.691 0.3333 0.010 0.603 0.3333 0.430 1.035 0.6667 0.700 0.875 0.3333 0.630 0.810 0.5000 0.820 1.102 0.6667 0.860 1.099 0.8000 0.430 0.909 0.4000 0.860 0.765 0.4000 0.750 1.032 0.6667 0.620 0.857 0.4000 0.830 1.038 0.5000 0.900 1.046 0.5714 0.920 0.906 0.2857
W 2 0 2.02520 -0.02288 -2.03289 1.23210 0.43921 0.45613 -0.19232 0.55454 1.25638 -0.19425 0.17160 -0.59644 -0.70578 -0.10964 -2.24850 -0.21696 0.21132 0.09794
W 2 1 0.83551 0.75674 -1.40072 1.25606 -0.80587 -0.96938 -0.22614 -1.19725 -1.81775 -0.14959 0.42956 1.05453 -0.47243 -0.11581 -0.30459 -0.39625 -0.11217 -0.42709
W 2 2 -2.33418 -0.06706 2.81557 0.75044 -1.31515 0.22509 0.46729 0.34128 0.47349 0.12453 -0.20045 0.11053 0.48311 0.03513 2.32273 0.17790 -0.13121 1.38876
W 2 3 -0.52654 -0.66680 0.61804 -3.23860 1.68180 0.28815 -0.04883 0.30143 0.08789 0.21932 -0.40071 -0.56861 0.69509 0.19033 0.23036 0.43531 0.03206 -1.05961
S 2 0 0.840 0.944 0.9742 0.760 0.643 0.9482 0.710 0.704 0.6154 0.710 0.704 0.6558 0.950 1.040 0.9366 0.710 0.743 0.6000 0.950 0.747 0.6000 0.950 1.038 0.9366 0.990 0.950 0.5454 0.870 0.830 0.5385 0.870 0.819 0.6274 0.870 0.819 0.5832 0.860 0.848 0.6956 0.860 0.848 0.6700
W 3 0 0.77425 0.17854 -0.17364 0.60488 0.12755 0.15766 0.14953 -0.16382 0.76618 -0.16958 0.26241 0.04719 -0.61111 -0.17366 0.12913 -0.31765 0.13299 0.28276
W 3 1 -0.77425 -0.17854 0.17364 -0.60488 -0.12755 -0.15766 -0.14953 0.16382 -0.76618 0.16958 -0.26241 -0.04719 0.61111 0.17366 -0.12913 0.31765 -0.13299 -0.28276
W 3 2 0.00000 0.00000 0.00000 0.00000 0.00000 0.00000 0.00000 0.00000 0.00000 0.00000 0.00000 0.00000 0.00000 0.00000 0.00000 0.00000 0.00000 0.00000
W 3 3 0.00000 0.00000 0.00000 0.00000 0.00000 0.00000 0.00000 0.00000 0.00000 0.00000 0.00000 0.00000 0.00000 0.00000 0.00000 0.00000 0.00000 0.00000
W 4 0 0.72329 2.58311 -4.06134 -1.79482 -0.61606 -0.44953 -0.04697 -1.02414 0.00000 -0.63896 2.52507 0.00000 -3.12768 -0.20364 -0.29955 -0.48186 0.46793 0.51044
W 4 1 0.00000 0.00000 0.00000 0.00000 0.00000 0.00000 0.00000 0.00000 0.00000 0.00000 0.00000 0.00000 0.00000 0.00000 0.00000 0.00000 0.00000 0.00000
W 4 2 1.83939 -1.64644 3.22128 2.79190 0.36169 -0.44103 -0.72618 2.06068 0.00000 -0.60935 -3.75670 0.00000 1.03272 -0.92455 1.00712 0.66637 0.71120 -0.01088
W 4 3 -2.56268 -0.93667 0.84006 -0.99708 0.25436 0.89056 0.77315 -1.03654 0.00000 1.24831 1.23162 0.00000 2.09496 1.12819 -0.70756 -0.18451 -1.17912 -0.49956
S 4 0 0.496 1.102 0.4615 0.510 1.102 0.4000 0.699 1.102 0.8889 0.869 1.062 0.6667 0.878 1.062 0.6818 0.857 1.062 0.5488 0.442 0.199 0.4444 0.592 0.709 0.5417 0.293 1.038 0.5000 0.304 1.036 0.5000 0.173 1.022 0.2500 0.102 1.022 0.4286 0.548 1.022 0.5385 0.611 0.837 0.8750 0.507 0.857 0.4375 0.494 0.886 0.5833 0.573 0.440 0.4286 0.538 0.743 0.5833 0.189 0.736 0.5833 0.432 0.729 0.5000 0.437 0.600 0.5625 0.571 0.425 0.4453 0.892 1.099 0.4286 0.458 1.104 0.5000 0.769 1.094 0.4444 0.231 0.950 0.3333 0.212 0.950 0.9000 0.108 0.950 0.8929 0.276 0.960 0.5000 0.199 0.960 0.5833 0.672 0.960 0.5385 0.470 0.965 0.6000 0.811 0.965 0.6818 0.534 0.924 0.6000 0.477 0.924 0.5758 0.612 0.764 0.7000 0.608 0.764 0.6875 0.722 0.787 0.6667 0.733 0.787 0.6964 0.725 0.787 0.5448 0.460 0.673 0.8750 0.475 0.658 0.4167 0.455 0.658 0.4318 0.937 1.101 0.6667 0.940 1.101 0.8571 0.463 1.106 0.5000 0.679 1.112 0.3333 0.614 1.112 0.4000 0.863 1.112 0.8889 0.488 0.973 0.3750 0.682 0.973 0.5000 0.662 0.973 0.5357 0.174 0.928 0.5000 0.186 0.928 0.5625 0.641 0.938 0.5000 0.592 0.938 0.6250 0.549 0.938 0.5000 0.212 0.610 0.4375 0.653 0.610 0.6875 0.592 0.610 0.6842 0.195 0.633 0.5938 0.056 0.633 0.6000 0.592 0.674 0.5938 0.950 0.674 0.4429 0.220 0.541 0.5625 0.193 0.541 0.4412 0.523 1.102 0.4000 0.423 1.102 0.4444 0.482 0.924 0.3333 0.384 0.924 0.4167 0.432 0.884 0.5455 0.319 0.936 0.5833 0.211 0.936 0.4444 0.932 0.862 0.8889 0.588 0.712 0.6667 0.573 0.712 0.5455 0.554 1.102 0.3333 0.661 1.099 0.8571 0.498 1.098 0.5333 0.443 1.095 0.5806 0.514 1.092 0.4444 0.393 1.095 0.5556 0.940 1.095 0.8852 0.212 0.967 0.3333 0.422 0.953 0.5833 0.588 0.951 0.6667 0.818 0.878 0.6667 0.836 0.878 0.6786 0.824 0.878 0.5455 0.631 0.526 0.5000 0.628 0.526 0.5333 0.496 0.691 0.4167 0.422 0.691 0.4444 0.322 0.550 0.4167 0.198 0.550 0.4444 0.550 0.603 0.6667 0.731 1.038 0.4000 0.512 0.875 0.5833 0.364 0.761 0.4231 0.570 0.761 0.5417 0.487 0.958 0.6000 0.419 0.484 0.5758 0.779 0.439 0.5000 0.889 0.439 0.5417 0.502 0.952 0.5000 0.306 0.957 0.5000 0.522 0.957 0.5000 0.802 0.810 0.8750 0.509 0.818 0.5000 0.364 0.818 0.5625 0.499 0.818 0.5294 0.347 0.756 0.5000 0.352 0.618 0.5000 0.388 0.618 0.4375 0.477 0.557 0.5625 0.388 0.609 0.5625 0.312 0.609 0.5882 0.456 1.102 0.5556 0.613 1.091 0.6667 0.708 1.091 0.8682 0.223 0.945 0.4000 0.569 0.950 0.5833 0.751 0.955 0.6667 0.697 0.950 0.8923 0.307 0.909 0.5556 0.631 0.765 0.4444 0.532 0.784 0.5833 0.704 0.786 0.7000 0.231 0.759 0.5000 0.461 1.037 0.3333 0.412 1.032 0.5714 0.636 0.857 0.6667 0.363 0.890 0.5000 0.281 0.890 0.6000 0.691 0.694 0.8889 0.545 0.706 0.4167 0.798 1.037 0.7000 0.723 1.037 0.6667 0.445 1.013 0.5000 0.719 1.008 0.4000 0.667 1.008 0.8889 0.448 1.044 0.3750 0.375 0.995 0.4286 0.574 0.906 0.3846
W 5 0 2.99557 -2.85349 -0.82903 1.07875 -1.06473 0.26117 0.10047 -0.46060 4.86833 -0.05768 -0.71022 -3.65305 -2.25388 -0.74667 -1.74197 -0.70088 -0.03885 -0.02110
W 5 1 0.59770 3.19927 -2.89207 0.87387 0.85455 -0.08556 -0.70637 -0.52759 -2.02948 0.36794 1.73047 1.12914 2.12664 -2.38283 0.96335 -0.08533 -1.21914 0.14802
W 5 2 -1.75759 -0.53833 1.78594 -0.02650 -0.01841 0.41832 0.30124 0.19261 -1.38840 -0.20745 -0.64718 1.78660 1.26232 2.72576 -0.48849 1.28159 0.42368 0.33415
W 5 3 -1.83569 0.19255 1.93516 -1.92612 0.22859 -0.59393 0.30466 0.79559 -1.45045 -0.10281 -0.37307 0.73732 -1.13508 0.40374 1.26710 -0.49537 0.83431 -0.46107
W 6 0 1.22296 -0.25829 -0.98507 -0.17239 0.27621 0.46151 0.16483 -0.08127 0.72604 0.25705 0.14490 -0.17513 0.05310 0.00912 -0.35041 -0.28310 0.06602 -0.27610
W 6 1 -1.22296 0.25829 0.98507 0.17239 -0.27621 -0.46151 -0.16483 0.08127 -0.72604 -0.25705 -0.14490 0.17513 -0.05310 -0.00912 0.35041 0.28310 -0.06602 0.27610
W 6 2 0.00000 0.00000 0.00000 0.00000 0.00000 0.00000 0.00000 0.00000 0.00000 0.00000 0.00000 0.00000 0.00000 0.00000 0.00000 0.00000 0.00000 0.00000
W 6 3 0.00000 0.00000 0.00000 0.00000 0.00000 0.00000 0.00000 0.00000 0.00000 0.00000 0.00000 0.00000 0.00000 0.00000 0.00000 0.00000 0.00000 0.00000
P trictrac 0.0089
W 0 0 3.24146 0.04259 1.33836 -4.13507 -6.41327 0.84674 1.01220 -0.44905 1.65339 0.00000 -1.40758 0.54824 -3.28368 -0.13242 -0.19925 -1.09395 -0.13960 3.13001
W 0 1 3.82884 2.84239 -3.38350 3.91003 2.11412 0.30719 0.08164 -0.05279 -2.45849 0.00000 -0.46017 -1.93288 -1.36629 -0.87106 -0.27858 -0.46157 1.07755 -2.05704
W 0 2 -6.19999 -1.17619 1.36639 2.60767 2.66890 -0.60886 -0.41582 0.75471 1.36751 0.00000 1.89188 1.32588 4.64783 1.12671 0.45661 1.42004 -0.79330 0.91839
W 0 3 -0.87031 -1.70878 0.67874 -2.38263 1.63025 -0.54507 -0.67802 -0.25287 -0.56241 0.00000 -0.02413 0.05876 0.00214 -0.12323 0.02122 0.13547 -0.14465 -1.99136
S 0 0 0.800 1.032 3.0400 0.930 0.853 1.4400 0.970 0.884 0.8334 0.980 0.878 2.2500 1.000 1.009 2.2500 0.980 0.453 1.2858 0.980 0.296 0.8334 0.990 0.626 1.5400
W 1 0 1.14742 0.30008 -1.76538 0.88023 -0.11782 0.12380 0.00000 1.14742 0.00000 0.00000 1.14742 0.00000 -2.48674 0.67489 0.40329 -0.33312 0.38567 0.40181
W 1 1 0.00000 0.00000 0.00000 0.00000 0.00000 0.00000 0.00000 0.00000 0.00000 0.00000 0.00000 0.00000 0.00000 0.00000 0.00000 0.00000 0.00000 0.00000
W 1 2 -0.66452 -0.25655 1.57236 1.62249 0.12426 0.10314 0.00000 -0.66452 0.00000 0.00000 -0.66452 0.00000 2.39412 -0.53817 -0.50317 0.22856 -0.48117 -0.63124
W 1 3 -0.48290 -0.04354 0.19302 -2.50272 -0.00645 -0.22694 0.00000 -0.48290 0.00000 0.00000 -0.48290 0.00000 0.09262 -0.13671 0.09988 0.10457 0.09550 0.22943
W 2 0 1.60742 0.32195 -1.82671 0.12600 0.78102 -0.10321 -0.28993 0.13800 1.80128 1.38251 0.32919 0.27294 -2.13092 -0.28705 -0.22085 0.05578 -0.20787 -1.48852
W 2 1 1.89366 1.00814 -1.04005 2.75764 -0.63959 -0.20556 0.19940 -0.70018 -1.41707 -1.13062 0.50374 0.92583 0.84846 0.14030 -0.10263 -0.87451 0.37354 1.42134
W 2 2 -2.75241 -0.60044 2.27410 0.39594 -1.82950 0.12716 0.26611 0.26917 -0.38558 -0.48518 -0.40911 -0.66399 0.52961 0.03975 0.14631 0.38116 -0.11851 1.11980
W 2 3 -0.74868 -0.72966 0.59267 -3.27957 1.68807 0.18160 -0.17558 0.29301 0.00137 0.23329 -0.42382 -0.53478 0.75285 0.10700 0.17716 0.43756 -0.04715 -1.05262
W 3 0 0.76107 -0.20187 -0.72383 0.57068 -0.06881 0.03908 0.13027 0.16973 0.90428 -0.53310 0.35250 -0.64170 -1.76331 0.34718 0.18531 -0.45640 0.29389 0.17611
W 3 1 -0.76107 0.20187 0.72383 -0.57068 0.06881 -0.03908 -0.13027 -0.16973 -0.90428 0.53310 -0.35250 0.64170 1.76331 -0.34718 -0.18531 0.45640 -0.29389 -0.17611
W 3 2 0.00000 0.00000 0.00000 0.00000 0.00000 0.00000 0.00000 0.00000 0.00000 0.00000 0.00000 0.00000 0.00000 0.00000 0.00000 0.00000 0.00000 0.00000
W 3 3 0.00000 0.00000 0.00000 0.00000 0.00000 0.00000 0.00000 0.00000 0.00000 0.00000 0.00000 0.00000 0.00000 0.00000 0.00000 0.00000 0.00000 0.00000
W 4 0 6.65828 0.17446 -9.27642 -0.09362 -4.39189 -0.11717 -0.29806 0.15878 0.00000 0.86597 2.56815 0.00000 -0.34003 -0.90084 1.37242 -0.95527 -0.09254 1.02553
W 4 1 0.00000 0.00000 0.00000 0.00000 0.00000 0.00000 0.00000 0.00000 0.00000 0.00000 0.00000 0.00000 0.00000 0.00000 0.00000 0.00000 0.00000 0.00000
W 4 2 -1.56995 -2.22542 1.97579 1.99863 0.89585 0.38033 -1.14748 0.30188 0.00000 0.09054 -0.34889 0.00000 1.71660 0.07292 0.17738 0.69841 0.32837 -0.82849
W 4 3 -5.08833 2.05096 7.30063 -1.90501 3.49604 -0.26316 1.44554 -0.46066 0.00000 -0.95651 -2.21925 0.00000 -1.37657 0.82792 -1.54980 0.25686 -0.23583 -0.19705
S 4 1 0.655 0.799 2.2248 0.595 0.799 2.0754 0.623 0.877 4.0000 0.687 0.881 2.0000 0.800 0.736 2.0000 0.942 0.563 4.0000 0.738 0.586 4.0000 0.586 0.432 1.1094 0.832 1.042 4.0000 0.713 1.038 4.0001 0.711 1.038 3.9997 0.705 0.887 2.0000 0.905 0.864 4.0005 0.633 0.747 2.0001 0.802 1.101 3.9998 0.705 1.095 2.0001 0.799 0.957 2.0001 0.727 0.948 3.9998 0.702 0.924 1.9999 0.666 1.025 2.0000 0.562 1.034 1.9998 0.740 1.035 4.0000 0.899 1.026 4.0000 0.851 1.026 4.0008 0.810 1.052 4.0000 0.807 1.040 4.0000 0.617 0.877 2.0000 0.492 0.914 2.0000 0.647 0.860 2.0000 0.597 0.866 2.0000 0.652 0.389 2.0000 0.619 1.188 2.0000 0.840 1.190 4.0000 0.700 1.187 2.0000 0.816 1.188 4.0000 0.688 1.034 4.0000 0.698 1.034 1.9994 0.750 1.002 4.0000 0.609 1.004 2.0000 0.647 0.804 2.0000 0.679 0.814 2.0000 0.810 0.744 4.0000 0.827 0.744 4.0001 0.820 0.744 1.9992 0.651 0.818 2.0000 0.794 0.683 2.0000 0.700 0.705 2.0000 0.637 0.729 2.0000 0.550 1.038 2.0001 0.637 1.042 1.9999 0.680 1.042 2.0002 0.642 1.038 2.0000 0.835 0.857 4.0001 0.829 0.740 4.0001 0.710 0.765 1.9999 0.681 0.765 1.9997 0.602 0.590 1.7125 0.840 0.559 4.0000 0.842 0.559 3.5748 0.868 0.559 3.0621 0.723 0.382 2.0000 0.692 0.336 1.5500 0.572 1.040 1.9997 0.748 1.034 1.9998 0.676 1.056 4.0001 0.656 0.914 4.0000 0.687 0.914 4.0000 0.817 0.742 3.9999 0.818 0.936 4.0002 0.568 1.030 2.0001 0.698 0.818 2.0001 0.753 0.820 4.0005 0.717 0.820 2.0003 0.649 0.761 2.0001 0.784 0.635 3.5001 0.668 0.554 1.1751 0.817 0.489 1.6875 0.855 0.489 1.3501 0.753 0.652 3.9999 0.718 0.630 2.0000 0.787 0.491 2.0000 0.818 0.491 3.0187 0.830 0.467 4.0000 0.720 0.516 4.0000 0.714 0.516 2.0000 0.748 1.021 4.0001 0.772 1.021 2.0022 0.769 1.021 2.0010 0.688 1.102 2.0001 0.643 1.101 2.0001 0.709 1.091 2.0000 0.827 1.091 4.0001 0.732 1.091 1.9988 0.816 1.037 3.9999 0.647 0.810 1.9998 0.667 1.102 2.0002 0.808 0.882 4.0002 0.840 0.882 3.9998 0.835 0.703 3.9999 0.867 0.719 3.9999 0.777 0.494 1.7250 0.757 0.600 2.9499
W 5 0 5.55170 -6.02634 -4.00677 1.39687 -4.55104 0.51018 0.15090 -1.12571 4.72934 1.27021 2.15950 -4.09994 0.10263 -0.82769 0.81237 -0.52705 -0.54451 -0.23276
W 5 1 0.75506 5.07922 -3.16839 0.45769 1.71521 0.31102 -0.38846 -1.05667 -0.56189 1.71705 -0.30198 1.64083 -0.32164 -0.39414 -0.23280 -1.72718 -0.11314 -0.27282
W 5 2 -3.30711 0.02858 3.37133 -0.13238 1.41199 0.33136 -0.46133 1.54013 -3.10757 -1.47892 -0.60879 0.65549 0.64688 -0.44556 0.08453 0.64055 1.21987 0.58684
W 5 3 -2.99965 0.91854 3.80384 -1.72218 1.42384 -1.15256 0.69890 0.64225 -1.05988 -1.50834 -1.24872 1.80362 -0.42787 1.66739 -0.66410 1.61368 -0.56223 -0.08126
W 6 0 1.08782 -0.44034 -1.16972 -0.35519 0.10750 0.46151 -0.13177 -0.42431 0.53824 0.29922 0.07482 -0.36350 0.00644 -0.21410 -0.29754 -0.36569 0.07170 -0.46654
W 6 1 -1.08782 0.44034 1.16972 0.35519 -0.10750 -0.46151 0.13177 0.42431 -0.53824 -0.29922 -0.07482 0.36350 -0.00644 0.21410 0.29754 0.36569 -0.07170 0.46654
W 6 2 0.00000 0.00000 0.00000 0.00000 0.00000 0.00000 0.00000 0.00000 0.00000 0.00000 0.00000 0.00000 0.00000 0.00000 0.00000 0.00000 0.00000 0.00000
W 6 3 0.00000 0.00000 0.00000 0.00000 0.00000 0.00000 0.00000 0.00000 0.00000 0.00000 0.00000 0.00000 0.00000 0.00000 0.00000 0.00000 0.00000 0.00000
P vinc-r 0.0078
W 0 0 6.59001 -2.21632 0.59852 1.08097 -1.31134 1.18772 0.70094 -0.44905 -0.81587 0.00000 -0.16984 -4.67908 -1.08818 0.90678 -0.98887 -2.14482 -3.34528 1.42788
W 0 1 -2.03436 4.24193 -2.87607 0.13861 0.62925 1.62909 0.44337 -0.05279 0.54286 0.00000 0.31444 3.88959 0.61717 0.38801 -0.81069 -0.17754 2.03214 1.49086
W 0 2 -3.78830 -0.37255 1.53561 1.17964 -0.92171 -2.35452 -0.53295 0.75471 0.84803 0.00000 -0.18586 0.71952 0.16319 -1.24060 1.84253 2.20822 1.57420 -0.92082
W 0 3 -0.76736 -1.65306 0.74194 -2.39922 1.60380 -0.46229 -0.61136 -0.25287 -0.57503 0.00000 0.04125 0.06998 0.30782 -0.05419 -0.04296 0.11413 -0.26106 -1.99792
W 1 0 1.81603 0.51328 -1.90712 0.60728 -0.79083 0.20033 0.00000 1.81603 0.00000 0.00000 1.81603 0.00000 -1.53804 0.33050 -0.26396 -0.55933 -0.98143 -0.55682
W 1 1 0.00000 0.00000 0.00000 0.00000 0.00000 0.00000 0.00000 0.00000 0.00000 0.00000 0.00000 0.00000 0.00000 0.00000 0.00000 0.00000 0.00000 0.00000
W 1 2 -1.32315 -0.41848 1.77279 1.91421 0.82503 -0.07289 0.00000 -1.32315 0.00000 0.00000 -1.32315 0.00000 1.49530 -0.20991 0.21745 0.52065 1.07658 0.34371
W 1 3 -0.49288 -0.09480 0.13433 -2.52149 -0.03420 -0.12744 0.00000 -0.49288 0.00000 0.00000 -0.49288 0.00000 0.04274 -0.12059 0.04650 0.03868 -0.09514 0.21311
W 2 0 2.34904 -0.65900 -2.32341 1.60420 -0.09896 0.99941 0.59413 -0.37546 1.72690 0.33612 0.42021 -0.98580 -0.52918 -0.02583 -0.18470 -0.31699 -1.51648 0.46010
W 2 1 0.84790 1.57095 -1.07105 1.50360 0.26429 -1.24387 -0.33601 -0.93943 -1.78339 -0.08996 0.38272 1.69170 -1.27835 0.25112 -0.54809 -0.55884 1.35644 -0.04751
W 2 2 -2.54719 -0.15025 2.85862 0.17686 -1.81250 0.02075 -0.13324 1.00255 -0.08507 -0.48138 -0.39888 -0.20287 1.13249 -0.33238 0.56864 0.48695 0.24187 0.65953
W 2 3 -0.64976 -0.76170 0.53584 -3.28466 1.64717 0.22372 -0.12488 0.31235 0.14157 0.23522 -0.40406 -0.50302 0.67505 0.10708 0.16415 0.38888 -0.08183 -1.07212
W 3 0 0.75659 0.13863 -0.22445 0.42162 -0.03976 0.24123 0.35860 -0.26464 0.69450 -0.36252 0.29888 0.01617 -0.62097 -0.07670 -0.01126 -0.33852 0.24940 0.10518
W 3 1 -0.75659 -0.13863 0.22445 -0.42162 0.03976 -0.24123 -0.35860 0.26464 -0.69450 0.36252 -0.29888 -0.01617 0.62097 0.07670 0.01126 0.33852 -0.24940 -0.10518
W 3 2 0.00000 0.00000 0.00000 0.00000 0.00000 0.00000 0.00000 0.00000 0.00000 0.00000 0.00000 0.00000 0.00000 0.00000 0.00000 0.00000 0.00000 0.00000
W 3 3 0.00000 0.00000 0.00000 0.00000 0.00000 0.00000 0.00000 0.00000 0.00000 0.00000 0.00000 0.00000 0.00000 0.00000 0.00000 0.00000 0.00000 0.00000
W 4 0 5.65129 0.60165 -9.06780 1.86320 -1.04087 0.94279 -0.22905 0.67661 0.00000 -0.17622 0.11241 0.00000 -0.27312 -0.46549 0.40644 -0.02695 -0.89436 1.40002
W 4 1 0.00000 0.00000 0.00000 0.00000 0.00000 0.00000 0.00000 0.00000 0.00000 0.00000 0.00000 0.00000 0.00000 0.00000 0.00000 0.00000 0.00000 0.00000
W 4 2 -3.42518 -0.90243 6.57755 0.55094 1.26825 -0.47433 -0.16553 0.47598 0.00000 0.38594 -0.44472 0.00000 -0.10312 0.28223 -0.33253 -0.53517 1.79751 0.16100
W 4 3 -2.22611 0.30078 2.49025 -2.41414 -0.22738 -0.46846 0.39458 -1.15259 0.00000 -0.20972 0.33231 0.00000 0.37624 0.18326 -0.07392 0.56212 -0.90315 -1.56103
S 4 0 0.887 0.907 0.4000 0.929 0.907 0.2222 0.975 0.330 0.3333 0.996 0.330 0.1667 0.870 0.466 0.3333 0.921 1.098 0.5000 0.932 1.098 0.2500 0.964 1.098 0.1667 0.925 1.103 0.5000 0.904 1.103 0.2500 0.821 1.103 0.1667 0.963 1.107 0.2273 0.929 1.107 0.1562 0.708 0.960 0.5000 0.919 0.960 0.2500 0.831 0.960 0.1667 0.788 0.965 0.2000 0.708 0.973 0.5000 0.896 0.777 0.5000 0.902 0.777 0.2500 0.953 0.777 0.1667 0.699 0.795 0.2273 0.938 0.795 0.1562 0.696 0.656 0.2000 0.940 0.656 0.1429 0.942 0.656 0.1111 0.767 0.564 0.5000 0.754 0.564 0.2500 0.775 0.564 0.1667 0.888 0.488 0.2000 0.829 0.387 0.2273 0.864 0.387 0.1562 0.857 0.387 0.1190 0.887 0.701 0.3333 0.948 0.701 0.1667 0.935 0.701 0.1250 0.935 0.747 0.0202 0.950 0.808 0.3333 0.657 0.702 0.1143 0.891 0.718 0.5000 0.703 0.733 0.5000 0.983 0.451 0.5000 0.941 0.421 0.5000 0.870 1.189 0.2500 0.873 1.187 0.5000 0.794 1.187 0.0909 0.695 0.422 0.5000 0.708 0.694 0.5000 0.948 0.694 0.2500 0.801 0.457 0.5000 0.932 0.491 0.2500 0.973 0.491 0.1667 0.981 0.491 0.1250 0.888 0.314 0.5000 0.873 0.665 0.3333 0.856 0.524 0.4000 0.893 0.552 0.4000 0.768 1.159 0.2500 0.877 1.159 0.1667 0.931 1.159 0.1250 0.737 1.164 0.5000 0.816 1.165 0.5000 0.989 1.165 0.2500 0.995 1.165 0.1667 0.697 0.850 0.5000 0.922 0.840 0.2273 0.908 0.686 0.5000 0.699 0.531 0.1250 0.835 0.776 0.4000 0.925 0.766 0.4000 0.905 0.766 0.2222 0.938 0.766 0.1538 0.945 0.172 0.4000 0.907 0.236 0.3333
W 5 0 5.54322 -3.74053 -2.66279 3.09906 -1.17758 0.81319 0.10746 -0.78786 3.30947 0.46076 0.00318 -5.48583 -0.24184 -1.19945 0.14171 -1.50366 -2.13787 -1.75732
W 5 1 0.93614 3.42321 -3.66141 -0.51505 -0.92886 0.95011 0.68053 -0.68833 -0.11324 0.33549 0.33195 1.96317 -0.15153 -1.00568 0.28585 0.42873 -0.31223 1.36485
W 5 2 -3.51669 0.47406 4.38224 -1.08509 1.28356 -0.90168 -0.62917 0.48902 -1.50390 -0.23110 -0.45530 2.78720 0.14366 1.06737 -0.11292 1.36603 1.84411 -0.23014
W 5 3 -2.96266 -0.15674 1.94196 -1.49892 0.82288 -0.86162 -0.15882 0.98717 -1.69233 -0.56515 0.12017 0.73546 0.24971 1.13776 -0.31464 -0.29110 0.60599 0.62260
S 5 0 0.969 0.708 0.5454 0.969 0.708 0.6222 0.935 0.747 0.1594 0.950 0.808 0.6552 0.950 0.808 0.2836 0.794 1.187 0.6486 0.794 1.187 0.6164 0.951 0.396 0.5454 0.942 0.382 0.5454 0.847 0.457 0.4444 0.787 1.018 0.5454 0.817 1.018 0.5436 0.975 1.018 0.5454 0.830 0.989 0.5416 0.830 0.989 0.6224 0.830 0.989 0.6178
W 6 0 1.08437 -0.45901 -1.20080 -0.27331 0.15863 0.49916 0.15166 -0.24044 0.62202 0.33022 0.05466 -0.30928 -0.10153 -0.27512 -0.22219 -0.51586 -0.10044 -0.34045
W 6 1 -1.08437 0.45901 1.20080 0.27331 -0.15863 -0.49916 -0.15166 0.24044 -0.62202 -0.33022 -0.05466 0.30928 0.10153 0.27512 0.22219 0.51586 0.10044 0.34045
W 6 2 0.00000 0.00000 0.00000 0.00000 0.00000 0.00000 0.00000 0.00000 0.00000 0.00000 0.00000 0.00000 0.00000 0.00000 0.00000 0.00000 0.00000 0.00000
W 6 3 0.00000 0.00000 0.00000 0.00000 0.00000 0.00000 0.00000 0.00000 0.00000 0.00000 0.00000 0.00000 0.00000 0.00000 0.00000 0.00000 0.00000 0.00000
P wala 0.0111
W 0 0 1.29204 -3.38373 -3.00677 3.04884 -1.80355 0.69655 -0.48418 -0.44905 2.54082 0.00000 -1.59714 -0.40283 -0.79474 -0.41769 -0.29358 -2.10162 2.40037 0.49552
W 0 1 5.87330 1.56038 -7.68501 0.07938 -2.10140 1.28603 1.34196 -0.05279 -0.75487 0.00000 -0.13461 -0.40354 -0.76616 0.01511 -0.51282 0.15764 -0.58116 2.20279
W 0 2 -6.50825 3.49603 9.96462 -0.67128 2.37600 -1.55718 -0.32637 0.75471 -1.27832 0.00000 1.69437 0.74511 1.22479 0.44540 0.87446 1.65179 -1.59585 -0.63824
W 0 3 -0.65709 -1.67268 0.72716 -2.45694 1.52894 -0.42539 -0.53141 -0.25287 -0.50763 0.00000 0.03738 0.06126 0.33611 -0.04282 -0.06806 0.29219 -0.22335 -2.06007
S 0 1 0.930 1.036 2.9999 0.860 0.873 2.0000 0.860 0.900 2.0000 0.950 0.730 2.9999 0.840 0.695 2.0000 0.850 0.472 2.0000 0.930 0.553 3.0000 0.840 0.592 2.0000 0.930 0.385 2.9999 0.850 1.039 2.0001 0.990 1.047 5.9999 0.960 0.895 3.0001 0.960 0.845 2.9999 0.930 0.860 3.0001 0.910 0.848 3.0001 0.880 0.454 2.0000 0.830 0.532 2.0001 0.910 0.596 2.9999 0.940 0.922 3.0000 0.980 0.902 6.0000 0.900 0.827 2.9999 0.920 0.368 3.0000 0.910 0.899 3.0000 0.960 1.102 3.0000 0.960 0.948 3.0000 0.850 0.666 2.0000 0.910 0.397 3.0000 0.960 1.101 3.0000 0.950 1.100 2.9999 0.940 0.957 3.0000 0.900 0.774 3.0000 0.970 0.783 4.0000 0.860 0.633 2.0000 0.900 1.190 3.0000 0.950 1.188 3.0000 0.900 0.899 3.0000 0.960 0.697 3.0000 0.900 1.039 3.0001 0.980 0.890 5.9999 0.990 0.630 5.9999 0.940 0.658 2.9999 0.850 0.491 2.0001 0.990 0.575 5.9999 0.870 0.398 2.0000 0.840 0.897 2.0000 0.830 0.917 2.0000 0.920 0.767 3.0001 0.860 0.782 2.0001 0.990 0.638 2.0000 0.920 0.206 3.0000 0.830 0.866 2.0000 0.860 0.862 2.0000 0.920 1.038 2.9999 0.890 1.041 2.0000 0.980 1.040 5.9999 0.960 1.040 3.0001 1.000 0.899 7.0001 0.860 0.911 2.0001 0.960 0.696 3.0001 0.900 0.533 2.9999 0.850 0.322 2.0000 0.870 1.039 2.9999 0.840 0.898 2.0000 0.980 0.888 5.9999 0.920 0.609 3.0000 0.870 1.035 2.0000 0.870 1.038 2.0000 0.910 0.887 3.0000 0.950 0.882 3.0000 0.920 0.649 3.0000 0.910 0.695 3.0000 0.860 0.536 2.0000 0.920 0.366 3.0000 0.900 0.936 3.0000 0.960 0.942 2.9999 0.950 0.753 3.0000 0.900 0.781 3.0000 0.970 1.034 4.0000 0.850 1.044 2.0000 0.840 1.053 2.0001 0.930 0.732 3.0001 0.860 0.288 2.0001 0.900 1.034 3.0000 0.920 0.852 3.0000 0.840 0.702 2.0000 0.850 0.702 2.0000 0.920 0.600 3.0000 0.840 0.468 2.0000 0.910 0.488 3.0000 0.870 0.549 2.0000 0.840 0.437 2.0000 0.840 0.245 2.0000
W 1 0 1.61392 -0.30046 -3.20853 0.85601 -1.09036 0.31466 0.00000 1.61392 0.00000 0.00000 1.61392 0.00000 -1.44426 0.13823 -1.12538 -1.19585 0.64882 0.35723
W 1 1 0.00000 0.00000 0.00000 0.00000 0.00000 0.00000 0.00000 0.00000 0.00000 0.00000 0.00000 0.00000 0.00000 0.00000 0.00000 0.00000 0.00000 0.00000
W 1 2 -1.11941 0.40524 3.06817 1.69885 1.15555 -0.13153 0.00000 -1.11941 0.00000 0.00000 -1.11941 0.00000 1.30825 0.02796 1.13464 1.08022 -0.69753 -0.52743
W 1 3 -0.49451 -0.10477 0.14037 -2.55486 -0.06520 -0.18313 0.00000 -0.49451 0.00000 0.00000 -0.49451 0.00000 0.13601 -0.16619 -0.00925 0.11563 0.04871 0.17021
S 1 1 0.930 0.489 3.0000 0.830 0.710 2.0000 0.930 0.740 3.0000 0.960 1.102 3.0000 0.850 0.954 2.0000 0.950 0.886 2.9998 0.840 0.876 1.9999 0.860 0.725 1.9999 1.000 0.750 2.0000 0.950 1.037 2.9998 0.900 0.429 3.0000 0.940 1.039 3.0000 0.840 0.888 2.0000 0.950 0.660 3.0000 0.890 1.040 2.0000 0.920 1.188 3.0000
W 2 0 2.08212 -0.73990 -3.35094 1.45317 0.10747 0.46189 -0.07717 -0.74329 2.75389 0.05521 0.50317 -1.06691 -1.24926 0.02298 -1.19240 -1.07527 -0.10136 0.54590
W 2 1 1.55254 1.22822 -1.01108 2.03581 -0.18938 -0.91872 -0.47902 -0.54579 -2.15474 1.05723 0.61311 1.83422 -0.87795 0.07495 0.12775 -0.80280 -0.71228 -0.15049
W 2 2 -2.99359 0.12264 3.61195 -0.02423 -1.46354 0.29368 0.70483 0.89958 -0.52883 -1.24437 -0.65020 -0.16165 0.85879 -0.11427 1.10392 1.71011 0.50736 0.86901
W 2 3 -0.64106 -0.61095 0.75007 -3.46474 1.54544 0.16315 -0.14864 0.38950 -0.07032 0.13193 -0.46608 -0.60566 1.26842 0.01635 -0.03927 0.16797 0.30628 -1.26441
S 2 1 0.890 0.650 2.5000 0.900 0.294 5.7624 0.960 0.856 3.0000 0.860 0.346 3.0000 0.920 0.953 4.4999 0.910 0.805 4.4999 0.970 1.000 3.0000 0.970 0.722 3.9998 0.940 0.344 2.9998 1.000 0.895 1.9997 0.900 0.747 2.9998 0.870 0.578 3.0000 0.920 0.215 3.3937 0.840 1.188 3.0000 0.920 0.880 3.0000 0.890 0.649 3.0000
W 3 0 0.23628 -0.33371 -0.74752 0.62866 0.01527 0.18685 0.12877 -0.93248 0.79579 -0.17341 -0.04491 -0.24482 -1.02848 -0.76921 -0.46193 -0.07327 0.30687 0.27831
W 3 1 -0.23628 0.33371 0.74752 -0.62866 -0.01527 -0.18685 -0.12877 0.93248 -0.79579 0.17341 0.04491 0.24482 1.02848 0.76921 0.46193 0.07327 -0.30687 -0.27831
W 3 2 0.00000 0.00000 0.00000 0.00000 0.00000 0.00000 0.00000 0.00000 0.00000 0.00000 0.00000 0.00000 0.00000 0.00000 0.00000 0.00000 0.00000 0.00000
W 3 3 0.00000 0.00000 0.00000 0.00000 0.00000 0.00000 0.00000 0.00000 0.00000 0.00000 0.00000 0.00000 0.00000 0.00000 0.00000 0.00000 0.00000 0.00000
W 4 0 3.83193 0.66480 -6.66763 1.70116 -1.46485 0.66358 0.01192 0.49634 0.00000 0.77971 -0.38080 0.00000 -0.79341 0.66201 -1.59812 -0.05087 -0.60357 1.12887
W 4 1 0.00000 0.00000 0.00000 0.00000 0.00000 0.00000 0.00000 0.00000 0.00000 0.00000 0.00000 0.00000 0.00000 0.00000 0.00000 0.00000 0.00000 0.00000
W 4 2 -1.51623 -1.32812 3.62714 0.99452 1.69608 0.28303 -1.11344 -0.19693 0.00000 -0.51629 -0.44787 0.00000 1.13691 -0.46901 0.82418 1.36078 0.20352 0.86940
W 4 3 -2.31569 0.66332 3.04049 -2.69568 -0.23123 -0.94662 1.10152 -0.29941 0.00000 -0.26342 0.82866 0.00000 -0.34350 -0.19300 0.77394 -1.30992 0.40005 -1.99827
S 4 1 0.652 0.851 0.9998 0.954 0.851 1.9997 0.781 0.837 5.0001 0.904 0.837 1.9992 0.929 0.837 4.9973 0.568 0.399 0.9999 0.759 0.561 4.0000 0.937 0.585 6.0000 0.784 0.385 1.0000 0.639 1.038 4.0001 0.463 1.038 3.9997 0.414 1.038 2.9991 0.746 1.039 2.0002 0.690 0.478 0.9999 0.868 0.907 0.9996 0.839 0.907 0.9992 0.621 0.761 0.9997 0.983 0.761 6.0001 0.798 0.368 0.9998 0.540 0.407 3.0000 0.772 1.040 1.9999 0.738 1.040 0.9998 0.771 1.040 1.0004 0.869 1.039 3.0000 0.489 1.042 1.0000 0.651 1.043 2.0001 0.763 1.047 1.0000 0.772 1.047 0.9999 0.932 1.047 4.9998 0.615 0.864 4.0000 0.671 0.692 3.9999 0.689 0.737 1.0000 0.838 0.740 4.9997 0.831 1.091 0.9999 0.745 1.091 0.9999 0.785 0.954 2.9998 0.784 0.954 1.0000 0.802 0.954 1.0005 0.542 0.964 2.0000 0.929 0.964 6.0007 0.549 0.851 2.0000 0.626 0.864 1.0000 0.478 0.868 1.0000 0.792 0.666 3.0000 0.816 1.102 5.0000 0.796 1.099 4.0000 0.871 1.100 1.0000 0.787 0.953 3.9996 0.672 0.954 1.0000 0.672 0.951 3.0000 0.690 0.951 0.9999 0.735 0.762 5.0000 0.764 1.190 1.0000 0.762 1.033 1.9999 0.698 1.000 1.0008 0.717 1.000 2.0010 0.513 0.706 1.0000 0.353 0.706 0.9992 0.517 1.040 0.9999 0.632 1.031 4.0000 0.604 1.031 2.0004 0.926 1.031 5.0000 0.656 1.037 4.0001 0.786 1.040 1.0000 0.593 1.040 4.0001 0.740 0.890 1.0000 0.928 0.865 6.0000 0.833 0.873 4.0001 0.815 0.867 1.0005 0.818 0.867 1.0004 0.824 0.787 3.0000 0.757 0.781 1.0000 0.733 0.773 2.9998 0.632 0.701 1.0000 0.666 0.701 1.0009 0.821 0.658 4.0000 0.842 0.491 1.0000 1.000 1.040 6.0000 0.836 1.036 2.9998 0.779 1.036 1.9998 0.766 0.881 4.0001 0.586 0.890 2.9998 0.547 0.867 2.9998 0.840 0.867 4.9999 0.830 0.876 0.9998 0.844 0.876 1.0004 0.863 0.671 0.9998 0.845 0.628 0.9996 0.857 0.628 0.9996 0.349 0.764 1.0000 0.550 0.521 0.9997 0.755 0.638 1.0012 0.981 0.638 6.0009 0.639 0.586 5.0001 0.414 0.586 1.0010 0.643 0.625 1.0000 0.713 0.625 1.0000 0.789 0.625 1.0002 0.906 0.469 5.0000 0.945 0.514 5.0000 0.544 1.036 3.0000 0.843 1.028 0.9999 0.769 0.866 0.9998 0.861 0.862 1.0002 0.755 0.722 0.9996 0.679 1.035 2.9998 0.772 1.031 1.0000 0.657 1.040 0.9996 0.679 1.040 0.9996 0.922 0.890 3.0000 0.710 0.886 0.9999 0.915 0.911 5.0000 0.702 0.190 0.9999 0.576 1.034 2.9998 0.801 1.038 2.0000 0.930 0.888 6.0004 0.929 0.892 3.0000 0.879 0.888 3.0002 0.891 0.888 0.9997 0.958 0.735 3.0004 0.855 0.747 1.0000 0.740 0.747 0.9996 0.549 0.728 3.0000 0.970 0.650 3.0000 0.867 1.190 3.0000 0.727 1.033 1.0000 0.822 1.035 4.0000 0.560 1.038 3.0000 0.866 1.038 4.0000 0.933 0.620 6.0000 0.593 0.646 1.0000 0.574 1.039 5.0001 0.622 1.042 3.0000 0.630 0.996 1.0000 0.751 0.936 0.9998 0.873 0.858 1.0000 0.669 0.759 3.0000 0.941 0.387 5.0000 0.679 1.034 2.9997 0.678 1.034 1.9992 0.831 1.030 5.0004 0.892 1.030 5.0008 0.655 0.930 5.0000 0.472 0.881 1.0000 0.781 0.881 4.0001 0.912 0.881 4.0000 0.853 0.889 1.0000 0.978 0.889 0.9997 0.987 0.889 1.0004 0.695 0.934 4.0000 0.606 0.732 0.9996 0.753 0.288 0.9997 0.831 1.188 3.0000 0.884 1.188 0.9997 0.881 1.188 0.9996 0.646 1.037 3.0000 0.794 1.037 1.9999 0.748 1.037 1.0001 0.558 1.037 1.0000 0.741 0.588 1.0000 0.522 0.451 3.0000 0.728 0.423 3.0000
W 5 0 2.31369 -2.86270 -1.65187 0.48477 -0.50366 0.03634 0.19637 -0.41947 4.13148 2.20406 2.13344 -2.61823 -0.60065 -0.13627 -1.24672 -0.49430 -0.52537 0.24443
W 5 1 1.54441 2.00713 -3.40611 1.47650 -0.56300 -0.28294 -0.11590 0.22679 0.40775 0.16703 -0.08457 1.18401 0.81139 -0.68215 0.13501 0.11117 -0.79518 -0.16860
W 5 2 -1.19341 1.02175 3.22944 -0.05205 0.81432 0.83781 0.01604 0.15991 -3.23383 -2.27452 -1.63617 0.53827 0.31725 0.62991 1.40920 0.26373 1.40830 0.24479
W 5 3 -2.66469 -0.16618 1.82854 -1.90922 0.25234 -0.59122 -0.09650 0.03277 -1.30540 -0.09658 -0.41270 0.89596 -0.52799 0.18851 -0.29748 0.11940 -0.08775 -0.32062
S 5 1 0.472 0.807 4.5000 0.977 0.601 5.9998 0.788 0.881 4.0002 0.791 0.430 4.9998 0.658 0.355 2.3999 0.768 1.033 2.3999 0.924 1.038 5.0001 0.682 0.994 2.9998 0.888 0.994 5.0003 0.913 0.994 5.5989 0.444 1.010 3.0002 0.771 0.521 4.2006 0.888 0.521 6.6503 0.920 0.719 3.0001 0.796 0.559 2.3999 0.787 0.887 2.3999 0.858 0.882 5.2498 0.868 1.037 2.9998 0.782 1.037 2.3999 0.922 0.503 5.2749
W 6 0 0.85459 -0.56340 -1.24287 -0.17496 0.24073 0.60628 0.18874 -0.20962 0.64990 0.49069 0.11706 -0.38161 -0.12435 -0.09281 -0.62217 -0.49316 -0.34561 -0.10643
W 6 1 -0.85459 0.56340 1.24287 0.17496 -0.24073 -0.60628 -0.18874 0.20962 -0.64990 -0.49069 -0.11706 0.38161 0.12435 0.09281 0.62217 0.49316 0.34561 0.10643
W 6 2 0.00000 0.00000 0.00000 0.00000 0.00000 0.00000 0.00000 0.00000 0.00000 0.00000 0.00000 0.00000 0.00000 0.00000 0.00000 0.00000 0.00000 0.00000
W 6 3 0.00000 0.00000 0.00000 0.00000 0.00000 0.00000 0.00000 0.00000 0.00000 0.00000 0.00000 0.00000 0.00000 0.00000 0.00000 0.00000 0.00000 0.00000
